"C:/VScodeFiles/GitHub/2026_team27/KC3GameHack/KC3GameHack.uproject" 1
"../../../../../../VScodeFiles/GitHub/2026_team27/KC3GameHack/Binaries/Win64/UnrealEditor.modules" 2
"../../../Engine/Plugins/AudioGameplay/AudioGameplay.uplugin" 3
"../../../Engine/Plugins/AudioGameplayVolume/AudioGameplayVolume.uplugin" 4
"../../../Engine/Plugins/BlueprintFileUtils/BlueprintFileUtils.uplugin" 5
"../../../Engine/Plugins/AudioInsights/AudioInsights.uplugin" 6
"../../../Engine/Plugins/ChaosClothAssetEditor/ChaosClothAssetEditor.uplugin" 7
"../../../Engine/Plugins/ChaosInsights/ChaosInsights.uplugin" 8
"../../../Engine/Plugins/JsonBlueprintUtilities/JsonBlueprintUtilities.uplugin" 9
"../../../Engine/Plugins/ChaosCloth/ChaosCloth.uplugin" 10
"../../../Engine/Plugins/LightWeightInstancesEditor/LightWeightInstancesEditor.uplugin" 11
"../../../Engine/Plugins/ChaosVD/ChaosVD.uplugin" 12
"../../../Engine/Plugins/ChaosClothAsset/ChaosClothAsset.uplugin" 13
"../../../Engine/Plugins/MemoryUsageQueries/MemoryUsageQueries.uplugin" 14
"../../../Engine/Plugins/Chooser/Chooser.uplugin" 15
"../../../Engine/Plugins/MeshPainting/MeshPainting.uplugin" 16
"../../../Engine/Plugins/CmdLinkServer/CmdLinkServer.uplugin" 17
"../../../Engine/Plugins/PCG/PCG.uplugin" 18
"../../../Engine/Plugins/EnhancedInput/EnhancedInput.uplugin" 19
"../../../Engine/Plugins/ScriptPlugin/ScriptPlugin.uplugin" 20
"../../../Engine/Plugins/DiscoveryBeaconReceiver/DiscoveryBeaconReceiver.uplugin" 21
"../../../Engine/Plugins/TextureGraph/TextureGraph.uplugin" 22
"../../../Engine/Plugins/Fab/Fab.uplugin" 23
"../../../Engine/Plugins/TraceUtilities/TraceUtilities.uplugin" 24
"../../../Engine/Plugins/WorldMetrics/WorldMetrics.uplugin" 25
"../../../Engine/Plugins/IoStoreInsights/IoStoreInsights.uplugin" 26
"../../../Engine/Plugins/XGEController/XGEController.uplugin" 27
"../../../Engine/Plugins/MassInsights/MassInsights.uplugin" 28
"../../../Engine/Plugins/AI/EnvironmentQueryEditor/EnvironmentQueryEditor.uplugin" 29
"../../../Engine/Plugins/Mutable/Mutable.uplugin" 30
"../../../Engine/Plugins/AI/AISupport/AISupport.uplugin" 31
"../../../Engine/Plugins/AI/HTNPlanner/HTNPlanner.uplugin" 32
"../../../Engine/Plugins/AI/MassAI/MassAI.uplugin" 33
"../../../Engine/Plugins/RenderGraphInsights/RenderGraphInsights.uplugin" 34
"../../../Engine/Plugins/AI/MassCrowd/MassCrowd.uplugin" 35
"../../../Engine/Plugins/UbaController/UbaController.uplugin" 36
"../../../Engine/Plugins/Cameras/GameplayCameras/GameplayCameras.uplugin" 37
"../../../Engine/Plugins/Compression/OodleNetwork/OodleNetwork.uplugin" 38
"../../../Engine/Plugins/Enterprise/DatasmithC4DImporter/DatasmithC4DImporter.uplugin" 39
"../../../Engine/Plugins/Cameras/EngineCameras/EngineCameras.uplugin" 40
"../../../Engine/Plugins/Enterprise/AxFImporter/AxFImporter.uplugin" 41
"../../../Engine/Plugins/Enterprise/DatasmithContent/DatasmithContent.uplugin" 42
"../../../Engine/Plugins/FastBuildController/FastBuildController.uplugin" 43
"../../../Engine/Plugins/Enterprise/DatasmithFBXImporter/DatasmithFBXImporter.uplugin" 44
"../../../Engine/Plugins/Cameras/CameraShakePreviewer/CameraShakePreviewer.uplugin" 45
"../../../Engine/Plugins/Enterprise/GLTFExporter/GLTFExporter.uplugin" 46
"../../../Engine/Plugins/Enterprise/MDLImporter/MDLImporter.uplugin" 47
"../../../Engine/Plugins/Enterprise/DatasmithCADImporter/DatasmithCADImporter.uplugin" 48
"../../../Engine/Plugins/Enterprise/VariantManager/VariantManager.uplugin" 49
"../../../Engine/Plugins/Enterprise/DatasmithImporter/DatasmithImporter.uplugin" 50
"../../../Engine/Plugins/Enterprise/VariantManagerContent/VariantManagerContent.uplugin" 51
"../../../Engine/Plugins/Enterprise/LidarPointCloud/LidarPointCloud.uplugin" 52
"../../../Engine/Plugins/FX/Niagara/Niagara.uplugin" 53
"../../../Engine/Plugins/AI/MLAdapter/MLAdapter.uplugin" 54
"../../../Engine/Plugins/FX/NiagaraFluids/NiagaraFluids.uplugin" 55
"../../../Engine/Plugins/FX/CascadeToNiagaraConverter/CascadeToNiagaraConverter.uplugin" 56
"../../../Engine/Plugins/FX/NiagaraMRQ/NiagaraMRQ.uplugin" 57
"../../../Engine/Plugins/Interchange/Editor/InterchangeEditor.uplugin" 58
"../../../Engine/Plugins/FX/ExampleCustomDataInterface/ExampleCustomDataInterface.uplugin" 59
"../../../Engine/Plugins/Interchange/Assets/InterchangeAssets.uplugin" 60
"../../../Engine/Plugins/Interchange/Runtime/Interchange.uplugin" 61
"../../../Engine/Plugins/FX/NiagaraSimCaching/NiagaraSimCaching.uplugin" 62
"../../../Engine/Plugins/FX/Cascade/Cascade.uplugin" 63
"../../../Engine/Plugins/Media/AvfMedia/AvfMedia.uplugin" 64
"../../../Engine/Plugins/Media/AudioCaptureTimecodeProvider/AudioCaptureTimecodeProvider.uplugin" 65
"../../../Engine/Plugins/Enterprise/DataprepEditor/DataprepEditor.uplugin" 66
"../../../Engine/Plugins/Media/AndroidCamera/AndroidCamera.uplugin" 67
"../../../Engine/Plugins/Media/BinkMedia/BinkMedia.uplugin" 68
"../../../Engine/Plugins/Media/AjaMedia/AjaMedia.uplugin" 69
"../../../Engine/Plugins/Media/AppleProResMedia/AppleProResMedia.uplugin" 70
"../../../Engine/Plugins/Media/AvidDNxMedia/AvidDNxMedia.uplugin" 71
"../../../Engine/Plugins/Media/D3D12VideoDecodersElectra/D3D12VideoDecodersElectra.uplugin" 72
"../../../Engine/Plugins/Media/ElectraCDM/ElectraCDM.uplugin" 73
"../../../Engine/Plugins/Media/AvidDNxHDDecoderElectra/AvidDNxHDDecoderElectra.uplugin" 74
"../../../Engine/Plugins/Media/ElectraSubtitles/ElectraSubtitles.uplugin" 75
"../../../Engine/Plugins/Media/ElectraCodecs/ElectraCodecs.uplugin" 76
"../../../Engine/Plugins/Media/FlacDecoderElectra/FlacDecoderElectra.uplugin" 77
"../../../Engine/Plugins/Media/ElectraUtil/ElectraUtil.uplugin" 78
"../../../Engine/Plugins/Media/HardwareEncoders/HardwareEncoders.uplugin" 79
"../../../Engine/Plugins/Media/BlackmagicMedia/BlackmagicMedia.uplugin" 80
"../../../Engine/Plugins/Media/MediaCompositing/MediaCompositing.uplugin" 81
"../../../Engine/Plugins/Media/HAPMedia/HAPMedia.uplugin" 82
"../../../Engine/Plugins/Media/AppleProResDecoderElectra/AppleProResDecoderElectra.uplugin" 83
"../../../Engine/Plugins/Media/MediaFrameworkUtilities/MediaFrameworkUtilities.uplugin" 84
"../../../Engine/Plugins/Media/HAPDecoderElectra/HAPDecoderElectra.uplugin" 85
"../../../Engine/Plugins/Media/AndroidMedia/AndroidMedia.uplugin" 86
"../../../Engine/Plugins/Media/ImgMedia/ImgMedia.uplugin" 87
"../../../Engine/Plugins/Media/LinearTimecode/LinearTimecode.uplugin" 88
"../../../Engine/Plugins/Media/MediaPlate/MediaPlate.uplugin" 89
"../../../Engine/Plugins/Media/MediaPlayerEditor/MediaPlayerEditor.uplugin" 90
"../../../Engine/Plugins/Media/MediaIOFramework/MediaIOFramework.uplugin" 91
"../../../Engine/Plugins/Media/MfMedia/MfMedia.uplugin" 92
"../../../Engine/Plugins/Media/NDIMedia/NDIMedia.uplugin" 93
"../../../Engine/Plugins/Media/ElectraPlayer/ElectraPlayer.uplugin" 94
"../../../Engine/Plugins/Media/TimecodeSynchronizer/TimecodeSynchronizer.uplugin" 95
"../../../Engine/Plugins/Media/VPxDecoderElectra/VPxDecoderElectra.uplugin" 96
"../../../Engine/Plugins/Media/PixelStreaming2/PixelStreaming2.uplugin" 97
"../../../Engine/Plugins/Media/MediaMovieStreamer/MediaMovieStreamer.uplugin" 98
"../../../Engine/Plugins/Media/PixelCapture/PixelCapture.uplugin" 99
"../../../Engine/Plugins/MovieScene/ActorSequence/ActorSequence.uplugin" 100
"../../../Engine/Plugins/Media/WmfMedia/WmfMedia.uplugin" 101
"../../../Engine/Plugins/Media/OpusDecoderElectra/OpusDecoderElectra.uplugin" 102
"../../../Engine/Plugins/MovieScene/MoviePipelineMaskRenderPass/MoviePipelineMaskRenderPass.uplugin" 103
"../../../Engine/Plugins/MovieScene/CustomizableSequencerTracks/CustomizableSequencerTracks.uplugin" 104
"../../../Engine/Plugins/MovieScene/MovieRenderPipeline/MovieRenderPipeline.uplugin" 105
"../../../Engine/Plugins/MovieScene/MovieSceneTextTrack/MovieSceneTextTrack.uplugin" 106
"../../../Engine/Plugins/MovieScene/LevelSequenceEditor/LevelSequenceEditor.uplugin" 107
"../../../Engine/Plugins/MovieScene/ReplayTracks/ReplayTracks.uplugin" 108
"../../../Engine/Plugins/MovieScene/TemplateSequence/TemplateSequence.uplugin" 109
"../../../Engine/Plugins/NNE/NNERuntimeORT/NNERuntimeORT.uplugin" 110
"../../../Engine/Plugins/Performance/AutomatedPerfTesting/AutomatedPerfTesting.uplugin" 111
"../../../Engine/Plugins/MovieScene/SequencerScripting/SequencerScripting.uplugin" 112
"../../../Engine/Plugins/Performance/PerformanceMonitor/PerformanceMonitor.uplugin" 113
"../../../Engine/Plugins/Protocols/MQTT/MQTT.uplugin" 114
"../../../Engine/Plugins/Runtime/AndroidPermission/AndroidPermission.uplugin" 115
"../../../Engine/Plugins/NNE/NNEDenoiser/NNEDenoiser.uplugin" 116
"../../../Engine/Plugins/Runtime/AnimationBudgetAllocator/AnimationBudgetAllocator.uplugin" 117
"../../../Engine/Plugins/Runtime/ApexDestruction/ApexDestruction.uplugin" 118
"../../../Engine/Plugins/Runtime/ActorLayerUtilities/ActorLayerUtilities.uplugin" 119
"../../../Engine/Plugins/Runtime/ADM/ADM.uplugin" 120
"../../../Engine/Plugins/Runtime/AppleMoviePlayer/AppleMoviePlayer.uplugin" 121
"../../../Engine/Plugins/Runtime/ArchVisCharacter/ArchVisCharacter.uplugin" 122
"../../../Engine/Plugins/Runtime/AssetTags/AssetTags.uplugin" 123
"../../../Engine/Plugins/Media/PixelStreaming/PixelStreaming.uplugin" 124
"../../../Engine/Plugins/Runtime/AudioCapture/AudioCapture.uplugin" 125
"../../../Engine/Plugins/Runtime/AudioModulation/AudioModulation.uplugin" 126
"../../../Engine/Plugins/Media/WebMMedia/WebMMedia.uplugin" 127
"../../../Engine/Plugins/Runtime/CommonUI/CommonUI.uplugin" 128
"../../../Engine/Plugins/Runtime/CableComponent/CableComponent.uplugin" 129
"../../../Engine/Plugins/Runtime/AudioWidgets/AudioWidgets.uplugin" 130
"../../../Engine/Plugins/Runtime/AudioSynesthesia/AudioSynesthesia.uplugin" 131
"../../../Engine/Plugins/Runtime/AndroidDeviceProfileSelector/AndroidDeviceProfileSelector.uplugin" 132
"../../../Engine/Plugins/Runtime/ChunkDownloader/ChunkDownloader.uplugin" 133
"../../../Engine/Plugins/Runtime/AndroidMoviePlayer/AndroidMoviePlayer.uplugin" 134
"../../../Engine/Plugins/Runtime/ComputeFramework/ComputeFramework.uplugin" 135
"../../../Engine/Plugins/Runtime/AudioMotorSim/AudioMotorSim.uplugin" 136
"../../../Engine/Plugins/Runtime/Firebase/Firebase.uplugin" 137
"../../../Engine/Plugins/Runtime/GameFeatures/GameFeatures.uplugin" 138
"../../../Engine/Plugins/Runtime/ExampleDeviceProfileSelector/ExampleDeviceProfileSelector.uplugin" 139
"../../../Engine/Plugins/Runtime/CustomMeshComponent/CustomMeshComponent.uplugin" 140
"../../../Engine/Plugins/Runtime/DataRegistry/DataRegistry.uplugin" 141
"../../../Engine/Plugins/Runtime/GameInput/GameInput.uplugin" 142
"../../../Engine/Plugins/Runtime/AndroidBackgroundService/AndroidBackgroundService.uplugin" 143
"../../../Engine/Plugins/Runtime/GameplayBehaviorSmartObjects/GameplayBehaviorSmartObjects.uplugin" 144
"../../../Engine/Plugins/Runtime/AndroidFileServer/AndroidFileServer.uplugin" 145
"../../../Engine/Plugins/Runtime/GameplayInteractions/GameplayInteractions.uplugin" 146
"../../../Engine/Plugins/Runtime/GameplayAbilities/GameplayAbilities.uplugin" 147
"../../../Engine/Plugins/Runtime/GeometryCache/GeometryCache.uplugin" 148
"../../../Engine/Plugins/Runtime/GeometryProcessing/GeometryProcessing.uplugin" 149
"../../../Engine/Plugins/Runtime/GameplayStateTree/GameplayStateTree.uplugin" 150
"../../../Engine/Plugins/Runtime/GoogleCloudMessaging/GoogleCloudMessaging.uplugin" 151
"../../../Engine/Plugins/Runtime/GeometryScripting/GeometryScripting.uplugin" 152
"../../../Engine/Plugins/Runtime/HDRIBackdrop/HDRIBackdrop.uplugin" 153
"../../../Engine/Plugins/Runtime/Harmonix/Harmonix.uplugin" 154
"../../../Engine/Plugins/Runtime/GeoReferencing/GeoReferencing.uplugin" 155
"../../../Engine/Plugins/Runtime/GooglePAD/GooglePAD.uplugin" 156
"../../../Engine/Plugins/Runtime/HairStrands/HairStrands.uplugin" 157
"../../../Engine/Plugins/Runtime/InstancedActors/InstancedActors.uplugin" 158
"../../../Engine/Plugins/Runtime/InputDebugging/InputDebugging.uplugin" 159
"../../../Engine/Plugins/Runtime/HPMotionController/HPMotionController.uplugin" 160
"../../../Engine/Plugins/Runtime/IOSDeviceProfileSelector/IOSDeviceProfileSelector.uplugin" 161
"../../../Engine/Plugins/Runtime/LevelStreamingPersistence/LevelStreamingPersistence.uplugin" 162
"../../../Engine/Plugins/Runtime/AppleImageUtils/AppleImageUtils.uplugin" 163
"../../../Engine/Plugins/Runtime/LocationServicesAndroidImpl/LocationServicesAndroidImpl.uplugin" 164
"../../../Engine/Plugins/Runtime/LinuxDeviceProfileSelector/LinuxDeviceProfileSelector.uplugin" 165
"../../../Engine/Plugins/Runtime/HTTPChunkInstaller/HTTPChunkInstaller.uplugin" 166
"../../../Engine/Plugins/Runtime/LiveLinkOvernDisplay/LiveLinkOverNDisplay.uplugin" 167
"../../../Engine/Plugins/Runtime/MassEntity/MassEntity.uplugin" 168
"../../../Engine/Plugins/Runtime/MassGameplay/MassGameplay.uplugin" 169
"../../../Engine/Plugins/Runtime/MicrosoftSpatialAudio/MicroSoftSpatialSound.uplugin" 170
"../../../Engine/Plugins/Runtime/LocationServicesIOSImpl/LocationServicesIOSImpl.uplugin" 171
"../../../Engine/Plugins/Runtime/MobilePatchingUtils/MobilePatchingUtils.uplugin" 172
"../../../Engine/Plugins/Runtime/ModelViewViewModel/ModelViewViewModel.uplugin" 173
"../../../Engine/Plugins/Runtime/MsQuic/MsQuic.uplugin" 174
"../../../Engine/Plugins/Runtime/Metasound/Metasound.uplugin" 175
"../../../Engine/Plugins/Runtime/MeshModelingToolset/MeshModelingToolset.uplugin" 176
"../../../Engine/Plugins/Runtime/MusicEnvironment/MusicEnvironment.uplugin" 177
"../../../Engine/Plugins/Runtime/nDisplay/nDisplay.uplugin" 178
"../../../Engine/Plugins/Runtime/MultiServerReplication/MultiServerReplication.uplugin" 179
"../../../Engine/Plugins/Runtime/MobileFSR/MobileFSR.uplugin" 180
"../../../Engine/Plugins/Runtime/NetworkPrediction/NetworkPrediction.uplugin" 181
"../../../Engine/Plugins/Runtime/ModularGameplay/ModularGameplay.uplugin" 182
"../../../Engine/Plugins/Runtime/MIDIDevice/MIDIDevice.uplugin" 183
"../../../Engine/Plugins/Runtime/NetworkPredictionExtras/NetworkPredictionExtras.uplugin" 184
"../../../Engine/Plugins/Runtime/nDisplayModularFeatures/nDisplayModularFeatures.uplugin" 185
"../../../Engine/Plugins/Runtime/OpenCV/OpenCV.uplugin" 186
"../../../Engine/Plugins/Runtime/MixedRealityCaptureFramework/MixedRealityCaptureFramework.uplugin" 187
"../../../Engine/Plugins/Runtime/NavCorridor/NavCorridor.uplugin" 188
"../../../Engine/Plugins/Runtime/OptionalMobileFeaturesBPLibrary/OptionalMobileFeaturesBPLibrary.uplugin" 189
"../../../Engine/Plugins/Runtime/IOSReplayKit/IOSReplayKit.uplugin" 190
"../../../Engine/Plugins/Runtime/OSC/OSC.uplugin" 191
"../../../Engine/Plugins/Runtime/LocationServicesBPLibrary/LocationServicesBPLibrary.uplugin" 192
"../../../Engine/Plugins/Runtime/OpenXRMsftHandInteraction/OpenXRMsftHandInteraction.uplugin" 193
"../../../Engine/Plugins/Runtime/PreLoadScreenMoviePlayer/PreLoadScreenMoviePlayer.uplugin" 194
"../../../Engine/Plugins/Runtime/PropertyBindingUtils/PropertyBindingUtils.uplugin" 195
"../../../Engine/Plugins/Runtime/RenderTrace/RenderTrace.uplugin" 196
"../../../Engine/Plugins/Runtime/ReplicationGraph/ReplicationGraph.uplugin" 197
"../../../Engine/Plugins/Runtime/OpenXREyeTracker/OpenXREyeTracker.uplugin" 198
"../../../Engine/Plugins/Runtime/ReplicationSystemTestPlugin/ReplicationSystemTestPlugin.uplugin" 199
"../../../Engine/Plugins/Runtime/RigVM/RigVM.uplugin" 200
"../../../Engine/Plugins/Runtime/ResonanceAudio/ResonanceAudio.uplugin" 201
"../../../Engine/Plugins/Runtime/ScriptableToolsFramework/ScriptableToolsFramework.uplugin" 202
"../../../Engine/Plugins/Runtime/SmartObjects/SmartObjects.uplugin" 203
"../../../Engine/Plugins/Runtime/OpenXR/OpenXR.uplugin" 204
"../../../Engine/Plugins/Runtime/OpenXRHandTracking/OpenXRHandTracking.uplugin" 205
"../../../Engine/Plugins/Runtime/SkeletalMerging/SkeletalMerging.uplugin" 206
"../../../Engine/Plugins/Runtime/SoundCueTemplates/SoundCueTemplates.uplugin" 207
"../../../Engine/Plugins/Runtime/SoundFields/SoundFields.uplugin" 208
"../../../Engine/Plugins/Runtime/SoundMod/SoundMod.uplugin" 209
"../../../Engine/Plugins/Runtime/OpenXRViveTracker/OpenXRViveTracker.uplugin" 210
"../../../Engine/Plugins/Runtime/Soundscape/Soundscape.uplugin" 211
"../../../Engine/Plugins/Runtime/StateTree/StateTree.uplugin" 212
"../../../Engine/Plugins/Runtime/Synthesis/Synthesis.uplugin" 213
"../../../Engine/Plugins/Runtime/SunPosition/SunPosition.uplugin" 214
"../../../Engine/Plugins/Runtime/USDCore/USDCore.uplugin" 215
"../../../Engine/Plugins/Runtime/WebBrowserNativeProxy/WebBrowserNativeProxy.uplugin" 216
"../../../Engine/Plugins/Runtime/WindowsDeviceProfileSelector/WindowsDeviceProfileSelector.uplugin" 217
"../../../Engine/Plugins/Runtime/WarpUtils/WarpUtils.uplugin" 218
"../../../Engine/Plugins/Runtime/WindowsMoviePlayer/WindowsMoviePlayer.uplugin" 219
"../../../Engine/Plugins/Runtime/NetworkPredictionInsights/NetworkPredictionInsights.uplugin" 220
"../../../Engine/Plugins/Runtime/WaveTable/WaveTable.uplugin" 221
"../../../Engine/Plugins/Runtime/SoundUtilities/SoundUtilities.uplugin" 222
"../../../Engine/Plugins/Runtime/SignificanceManager/SignificanceManager.uplugin" 223
"../../../Engine/Plugins/Runtime/WorldConditions/WorldConditions.uplugin" 224
"../../../Engine/Plugins/Runtime/ZoneGraph/ZoneGraph.uplugin" 225
"../../../Engine/Plugins/VirtualProduction/ActorModifier/ActorModifier.uplugin" 226
"../../../Engine/Plugins/Runtime/ZoneGraphAnnotations/ZoneGraphAnnotations.uplugin" 227
"../../../Engine/Plugins/Runtime/WebMMoviePlayer/WebMMoviePlayer.uplugin" 228
"../../../Engine/Plugins/VirtualProduction/Avalanche/Avalanche.uplugin" 229
"../../../Engine/Plugins/Runtime/WebBrowserWidget/WebBrowserWidget.uplugin" 230
"../../../Engine/Plugins/VirtualProduction/CameraCalibrationCore/CameraCalibrationCore.uplugin" 231
"../../../Engine/Plugins/Runtime/PropertyAccess/PropertyAccessEditor.uplugin" 232
"../../../Engine/Plugins/VirtualProduction/CaptureData/CaptureData.uplugin" 233
"../../../Engine/Plugins/VirtualProduction/ActorModifierCore/ActorModifierCore.uplugin" 234
"../../../Engine/Plugins/VirtualProduction/ClonerEffector/ClonerEffector.uplugin" 235
"../../../Engine/Plugins/VirtualProduction/CinematicAssemblyTools/CinematicAssemblyTools.uplugin" 236
"../../../Engine/Plugins/VirtualProduction/CompositePlane/CompositePlane.uplugin" 237
"../../../Engine/Plugins/Runtime/ProceduralMeshComponent/ProceduralMeshComponent.uplugin" 238
"../../../Engine/Plugins/VirtualProduction/CustomDetailsView/CustomDetailsView.uplugin" 239
"../../../Engine/Plugins/VirtualProduction/CameraCalibration/CameraCalibration.uplugin" 240
"../../../Engine/Plugins/VirtualProduction/DynamicMaterial/DynamicMaterial.uplugin" 241
"../../../Engine/Plugins/VirtualProduction/CameraCalibrationML/CameraCalibrationML.uplugin" 242
"../../../Engine/Plugins/VirtualProduction/LiveLinkCamera/LiveLinkCamera.uplugin" 243
"../../../Engine/Plugins/VirtualProduction/LevelSnapshots/LevelSnapshots.uplugin" 244
"../../../Engine/Plugins/Runtime/Spatialization/Spatialization.uplugin" 245
"../../../Engine/Plugins/VirtualProduction/LiveLinkMasterLockit/LiveLinkMasterLockit.uplugin" 246
"../../../Engine/Plugins/VirtualProduction/LiveLinkLens/LiveLinkLens.uplugin" 247
"../../../Engine/Plugins/VirtualProduction/DataCharts/DataCharts.uplugin" 248
"../../../Engine/Plugins/VirtualProduction/GeometryMask/GeometryMask.uplugin" 249
"../../../Engine/Plugins/VirtualProduction/LiveLinkFreeD/LiveLinkFreeD.uplugin" 250
"../../../Engine/Plugins/VirtualProduction/ICVFX/ICVFX.uplugin" 251
"../../../Engine/Plugins/VirtualProduction/ICVFXTesting/ICVFXTesting.uplugin" 252
"../../../Engine/Plugins/VirtualProduction/LiveLinkXR/LiveLinkXR.uplugin" 253
"../../../Engine/Plugins/VirtualProduction/LiveLinkPrestonMDR/LiveLinkPrestonMDR.uplugin" 254
"../../../Engine/Plugins/VirtualProduction/LiveLinkOpenTrackIO/LiveLinkOpenTrackIO.uplugin" 255
"../../../Engine/Plugins/VirtualProduction/LensComponent/LensComponent.uplugin" 256
"../../../Engine/Plugins/VirtualProduction/PropertyAnimator/PropertyAnimator.uplugin" 257
"../../../Engine/Plugins/VirtualProduction/MultiUserTakes/MultiUserTakes.uplugin" 258
"../../../Engine/Plugins/VirtualProduction/LiveLinkVRPN/LiveLinkVRPN.uplugin" 259
"../../../Engine/Plugins/VirtualProduction/LiveLinkInputDevice/LiveLinkInputDevice.uplugin" 260
"../../../Engine/Plugins/VirtualProduction/PerformanceCaptureWorkflow/PerformanceCaptureWorkflow.uplugin" 261
"../../../Engine/Plugins/VirtualProduction/RemoteControl/RemoteControl.uplugin" 262
"../../../Engine/Plugins/VirtualProduction/RemoteControlWebInterface/RemoteControlWebInterface.uplugin" 263
"../../../Engine/Plugins/VirtualProduction/RemoteControlProtocolOSC/RemoteControlProtocolOSC.uplugin" 264
"../../../Engine/Plugins/VirtualProduction/RemoteControlProtocolDMX/RemoteControlProtocolDMX.uplugin" 265
"../../../Engine/Plugins/VirtualProduction/PropertyAnimatorCore/PropertyAnimatorCore.uplugin" 266
"../../../Engine/Plugins/VirtualProduction/RemoteControlProtocolMIDI/RemoteControlProtocolMIDI.uplugin" 267
"../../../Engine/Plugins/VirtualProduction/StageMonitoring/StageMonitoring.uplugin" 268
"../../../Engine/Plugins/VirtualProduction/SequencerPlaylists/SequencerPlaylists.uplugin" 269
"../../../Engine/Plugins/VirtualProduction/OperatorStack/OperatorStack.uplugin" 270
"../../../Engine/Plugins/VirtualProduction/EpicStageApp/EpicStageApp.uplugin" 271
"../../../Engine/Plugins/VirtualProduction/StormSyncAvalancheBridge/StormSyncAvalancheBridge.uplugin" 272
"../../../Engine/Plugins/VirtualProduction/Switchboard/Switchboard.uplugin" 273
"../../../Engine/Plugins/VirtualProduction/TimedDataMonitor/TimedDataMonitor.uplugin" 274
"../../../Engine/Plugins/VirtualProduction/StormSync/StormSync.uplugin" 275
"../../../Engine/Plugins/VirtualProduction/Takes/Takes.uplugin" 276
"../../../Engine/Plugins/Importers/AlembicImporter/AlembicImporter.uplugin" 277
"../../../Engine/Plugins/VirtualProduction/TextureShare/TextureShare.uplugin" 278
"../../../Engine/Plugins/VirtualProduction/VirtualScouting/VirtualScouting.uplugin" 279
"../../../Engine/Plugins/Importers/AlembicHairImporter/AlembicHairImporter.uplugin" 280
"../../../Engine/Plugins/VirtualProduction/VirtualCameraCore/VirtualCameraCore.uplugin" 281
"../../../Engine/Plugins/VirtualProduction/VirtualCamera/VirtualCamera.uplugin" 282
"../../../Engine/Plugins/Importers/USDMultiUser/USDMultiUser.uplugin" 283
"../../../Engine/Plugins/Importers/USDImporter/USDImporter.uplugin" 284
"../../../Engine/Plugins/Messaging/TcpMessaging/TcpMessaging.uplugin" 285
"../../../Engine/Plugins/Importers/USDImporterMDL/USDImporterMDL.uplugin" 286
"../../../Engine/Plugins/Messaging/MessagingDebugger/MessagingDebugger.uplugin" 287
"../../../Engine/Plugins/Online/EOSOverlayInputProvider/EOSOverlayInputProvider.uplugin" 288
"../../../Engine/Plugins/Messaging/UdpMessaging/UdpMessaging.uplugin" 289
"../../../Engine/Plugins/Online/OnlineFramework/OnlineFramework.uplugin" 290
"../../../Engine/Plugins/Runtime/XRBase/XRBase.uplugin" 291
"../../../Engine/Plugins/Online/OnlineBase/OnlineBase.uplugin" 292
"../../../Engine/Plugins/Online/OnlineServicesEOS/OnlineServicesEOS.uplugin" 293
"../../../Engine/Plugins/Online/OnlineServices/OnlineServices.uplugin" 294
"../../../Engine/Plugins/Online/OnlineServicesOSSAdapter/OnlineServicesOSSAdapter.uplugin" 295
"../../../Engine/Plugins/Online/OnlineServicesNull/OnlineServicesNull.uplugin" 296
"../../../Engine/Plugins/Online/OnlineSubsystem/OnlineSubsystem.uplugin" 297
"../../../Engine/Plugins/VirtualProduction/RemoteControlInterception/RemoteControlInterception.uplugin" 298
"../../../Engine/Plugins/Online/OnlineSubsystemApple/OnlineSubsystemApple.uplugin" 299
"../../../Engine/Plugins/Online/OnlineSubsystemEOS/OnlineSubsystemEOS.uplugin" 300
"../../../Engine/Plugins/Online/OnlineSubsystemGoogle/OnlineSubsystemGoogle.uplugin" 301
"../../../Engine/Plugins/Online/OnlineSubsystemFacebook/OnlineSubsystemFacebook.uplugin" 302
"../../../Engine/Plugins/Online/OnlineSubsystemNull/OnlineSubsystemNull.uplugin" 303
"../../../Engine/Plugins/Online/OnlineSubsystemSteam/OnlineSubsystemSteam.uplugin" 304
"../../../Engine/Plugins/Online/OnlineSubsystemAmazon/OnlineSubsystemAmazon.uplugin" 305
"../../../Engine/Plugins/Online/OnlineSubsystemTencent/OnlineSubsystemTencent.uplugin" 306
"../../../Engine/Plugins/Online/OnlineSubsystemUtils/OnlineSubsystemUtils.uplugin" 307
"../../../Engine/Plugins/Online/SocketSubsystemEOS/SocketSubsystemEOS.uplugin" 308
"../../../Engine/Plugins/Web/HttpBlueprint/HttpBlueprint.uplugin" 309
"../../../Engine/Plugins/Online/WebAuth/WebAuth.uplugin" 310
"../../../Engine/Plugins/Online/OnlineServicesEpicCommon/OnlineServicesEpicCommon.uplugin" 311
"../../../Engine/Plugins/Slate/SlateInsights/SlateInsights.uplugin" 312
"../../../Engine/Plugins/Slate/SlateScripting/SlateScripting.uplugin" 313
"../../../Engine/Plugins/2D/Paper2D/Paper2D.uplugin" 314
"../../../Engine/Plugins/Animation/ACLPlugin/ACLPlugin.uplugin" 315
"../../../Engine/Plugins/Online/EOSShared/EOSShared.uplugin" 316
"../../../Engine/Plugins/Animation/AnimationWarping/AnimationWarping.uplugin" 317
"../../../Engine/Plugins/Animation/AnimatorKit/AnimatorKit.uplugin" 318
"../../../Engine/Plugins/Online/SocketSubsystemSteamIP/SocketSubsystemSteamIP.uplugin" 319
"../../../Engine/Plugins/Animation/AnimationModifierLibrary/AnimationModifierLibrary.uplugin" 320
"../../../Engine/Plugins/Animation/AnimationLocomotionLibrary/AnimationLocomotionLibrary.uplugin" 321
"../../../Engine/Plugins/Animation/BlendSpaceMotionAnalysis/BlendSpaceMotionAnalysis.uplugin" 322
"../../../Engine/Plugins/Animation/BlendStack/BlendStack.uplugin" 323
"../../../Engine/Plugins/Animation/ControlRigModules/ControlRigModules.uplugin" 324
"../../../Engine/Plugins/Animation/ControlRigSpline/ControlRigSpline.uplugin" 325
"../../../Engine/Plugins/Animation/DeformerGraph/DeformerGraph.uplugin" 326
"../../../Engine/Plugins/Animation/GameplayInsights/GameplayInsights.uplugin" 327
"../../../Engine/Plugins/Animation/ControlRig/ControlRig.uplugin" 328
"../../../Engine/Plugins/Animation/DNACalib/DNACalib.uplugin" 329
"../../../Engine/Plugins/Animation/LiveLinkHub/LiveLinkHub.uplugin" 330
"../../../Engine/Plugins/Animation/LiveLinkExampleDevice/LiveLinkExampleDevice.uplugin" 331
"../../../Engine/Plugins/Animation/LiveLinkDevice/LiveLinkDevice.uplugin" 332
"../../../Engine/Plugins/Animation/IKRig/IKRig.uplugin" 333
"../../../Engine/Plugins/Animation/LiveLinkCurveDebugUI/LiveLinkCurveDebugUI.uplugin" 334
"../../../Engine/Plugins/Online/OnlineServicesEOSGS/OnlineServicesEOSGS.uplugin" 335
"../../../Engine/Plugins/Animation/LiveLink/LiveLink.uplugin" 336
"../../../Engine/Plugins/Animation/RigLogic/RigLogic.uplugin" 337
"../../../Engine/Plugins/Animation/AnimationData/AnimationData.uplugin" 338
"../../../Engine/Plugins/Animation/SkeletalMeshModelingTools/SkeletalMeshModelingTools.uplugin" 339
"../../../Engine/Plugins/Compositing/LensDistortion/LensDistortion.uplugin" 340
"../../../Engine/Plugins/Animation/PerformanceCaptureCore/PerformanceCaptureCore.uplugin" 341
"../../../Engine/Plugins/Animation/MotionWarping/MotionWarping.uplugin" 342
"../../../Engine/Plugins/Compositing/OpenColorIO/OpenColorIO.uplugin" 343
"../../../Engine/Plugins/Compositing/Composure/Composure.uplugin" 344
"../../../Engine/Plugins/Developer/BlankPlugin/BlankPlugin.uplugin" 345
"../../../Engine/Plugins/Developer/CodeLiteSourceCodeAccess/CodeLiteSourceCodeAccess.uplugin" 346
"../../../Engine/Plugins/Developer/AnimationSharing/AnimationSharing.uplugin" 347
"../../../Engine/Plugins/Developer/DirectoryPlaceholder/DirectoryPlaceholder.uplugin" 348
"../../../Engine/Plugins/Developer/CLionSourceCodeAccess/CLionSourceCodeAccess.uplugin" 349
"../../../Engine/Plugins/Developer/DumpGPUServices/DumpGPUServices.uplugin" 350
"../../../Engine/Plugins/Developer/GitSourceControl/GitSourceControl.uplugin" 351
"../../../Engine/Plugins/Animation/GeneSplicer/GeneSplicer.uplugin" 352
"../../../Engine/Plugins/Animation/PoseSearch/PoseSearch.uplugin" 353
"../../../Engine/Plugins/Developer/NamingTokens/NamingTokens.uplugin" 354
"../../../Engine/Plugins/Developer/OneSkyLocalizationService/OneSkyLocalizationService.uplugin" 355
"../../../Engine/Plugins/Animation/TweeningUtils/TweeningUtils.uplugin" 356
"../../../Engine/Plugins/Compositing/OpenCVLensDistortion/OpenCVLensDistortion.uplugin" 357
"../../../Engine/Plugins/Developer/FieldNotificationTrace/FieldNotificationTrace.uplugin" 358
"../../../Engine/Plugins/Developer/PlasticSourceControl/PlasticSourceControl.uplugin" 359
"../../../Engine/Plugins/Developer/PixWinPlugin/PixWinPlugin.uplugin" 360
"../../../Engine/Plugins/Developer/RenderDocPlugin/RenderDocPlugin.uplugin" 361
"../../../Engine/Plugins/Developer/ProjectLauncher/ProjectLauncher.uplugin" 362
"../../../Engine/Plugins/Developer/PluginUtils/PluginUtils.uplugin" 363
"../../../Engine/Plugins/Developer/PerforceSourceControl/PerforceSourceControl.uplugin" 364
"../../../Engine/Plugins/Developer/TextureFormatOodle/TextureFormatOodle.uplugin" 365
"../../../Engine/Plugins/Developer/N10XSourceCodeAccess/N10XSourceCodeAccess.uplugin" 366
"../../../Engine/Plugins/Developer/UObjectPlugin/UObjectPlugin.uplugin" 367
"../../../Engine/Plugins/Developer/TraceDataFiltering/TraceDataFilters.uplugin" 368
"../../../Engine/Plugins/Editor/AssetManagerEditor/AssetManagerEditor.uplugin" 369
"../../../Engine/Plugins/Developer/SubversionSourceControl/SubversionSourceControl.uplugin" 370
"../../../Engine/Plugins/Developer/NullSourceCodeAccess/NullSourceCodeAccess.uplugin" 371
"../../../Engine/Plugins/Developer/VisualStudioSourceCodeAccess/VisualStudioSourceCodeAccess.uplugin" 372
"../../../Engine/Plugins/Developer/PropertyAccessNode/PropertyAccessNode.uplugin" 373
"../../../Engine/Plugins/Editor/AssetRegistryExport/AssetRegistryExport.uplugin" 374
"../../../Engine/Plugins/Developer/RiderSourceCodeAccess/RiderSourceCodeAccess.uplugin" 375
"../../../Engine/Plugins/Developer/VisualStudioCodeSourceCodeAccess/VisualStudioCodeSourceCodeAccess.uplugin" 376
"../../../Engine/Plugins/Editor/AssetSearch/AssetSearch.uplugin" 377
"../../../Engine/Plugins/Developer/XCodeSourceCodeAccess/XCodeSourceCodeAccess.uplugin" 378
"../../../Engine/Plugins/Editor/CryptoKeys/CryptoKeys.uplugin" 379
"../../../Engine/Plugins/Editor/CurveEditorTools/CurveEditorTools.uplugin" 380
"../../../Engine/Plugins/Editor/BlueprintMaterialTextureNodes/BlueprintMaterialTextureNodes.uplugin" 381
"../../../Engine/Plugins/Editor/ChangelistReview/ChangelistReview.uplugin" 382
"../../../Engine/Plugins/Editor/ColorGrading/ColorGrading.uplugin" 383
"../../../Engine/Plugins/Editor/DisplayClusterLaunch/DisplayClusterLaunch.uplugin" 384
"../../../Engine/Plugins/Developer/XcodeGPUDebuggerPlugin/XcodeGPUDebuggerPlugin.uplugin" 385
"../../../Engine/Plugins/Editor/ConsoleVariablesEditor/ConsoleVariables.uplugin" 386
"../../../Engine/Plugins/Editor/DataValidation/DataValidation.uplugin" 387
"../../../Engine/Plugins/Editor/EditorDebugTools/EditorDebugTools.uplugin" 388
"../../../Engine/Plugins/Editor/FacialAnimation/FacialAnimation.uplugin" 389
"../../../Engine/Plugins/Editor/EditorScriptingUtilities/EditorScriptingUtilities.uplugin" 390
"../../../Engine/Plugins/Editor/EditorSysConfigAssistant/EditorSysConfigAssistant.uplugin" 391
"../../../Engine/Plugins/Editor/AssetReferenceRestrictions/AssetReferenceRestrictions.uplugin" 392
"../../../Engine/Plugins/Editor/EngineAssetDefinitions/EngineAssetDefinitions.uplugin" 393
"../../../Engine/Plugins/Editor/GeometryMode/GeometryMode.uplugin" 394
"../../../Engine/Plugins/Editor/LiveUpdateForSlate/LiveUpdateForSlate.uplugin" 395
"../../../Engine/Plugins/Editor/BlueprintHeaderView/BlueprintHeaderView.uplugin" 396
"../../../Engine/Plugins/Editor/GameplayTagsEditor/GameplayTagsEditor.uplugin" 397
"../../../Engine/Plugins/Editor/ModelingToolsEditorMode/ModelingToolsEditorMode.uplugin" 398
"../../../Engine/Plugins/Editor/MacGraphicsSwitching/MacGraphicsSwitching.uplugin" 399
"../../../Engine/Plugins/Developer/KDevelopSourceCodeAccess/KDevelopSourceCodeAccess.uplugin" 400
"../../../Engine/Plugins/Editor/ModelViewViewModelPreview/ModelViewViewModelPreview.uplugin" 401
"../../../Engine/Plugins/Editor/MakeCookedEditorAsDLC/MakeCookedEditorAsDLC.uplugin" 402
"../../../Engine/Plugins/Editor/MaterialAnalyzer/MaterialAnalyzer.uplugin" 403
"../../../Engine/Plugins/Editor/SpeedTreeImporter/SpeedTreeImporter.uplugin" 404
"../../../Engine/Plugins/Editor/ProxyLODPlugin/ProxyLODPlugin.uplugin" 405
"../../../Engine/Plugins/Editor/ScriptableToolsEditorMode/ScriptableToolsEditorMode.uplugin" 406
"../../../Engine/Plugins/Developer/TraceSourceFiltering/TraceSourceFilters.uplugin" 407
"../../../Engine/Plugins/Editor/PluginBrowser/PluginBrowser.uplugin" 408
"../../../Engine/Plugins/Editor/UMGWidgetPreview/UMGWidgetPreview.uplugin" 409
"../../../Engine/Plugins/Editor/WaveformEditor/WaveformEditor.uplugin" 410
"../../../Engine/Plugins/Editor/UVEditor/UVEditor.uplugin" 411
"../../../Engine/Plugins/Experimental/AbilitySystemGameFeatureActions/AbilitySystemGameFeatureActions.uplugin" 412
"../../../Engine/Plugins/Editor/StaticMeshEditorModeling/StaticMeshEditorModeling.uplugin" 413
"../../../Engine/Plugins/Experimental/AnimNextAnimGraph/AnimNextAnimGraph.uplugin" 414
"../../../Engine/Plugins/Editor/SequencerAnimTools/SequencerAnimTools.uplugin" 415
"../../../Engine/Plugins/Experimental/ActorPalette/ActorPalette.uplugin" 416
"../../../Engine/Plugins/Editor/SampleToolsEditorMode/SampleToolsEditorMode.uplugin" 417
"../../../Engine/Plugins/Editor/StylusInput/StylusInput.uplugin" 418
"../../../Engine/Plugins/Experimental/AnimNextChooser/AnimNextChooser.uplugin" 419
"../../../Engine/Plugins/Experimental/AnimNextPoseSearch/AnimNextPoseSearch.uplugin" 420
"../../../Engine/Plugins/Editor/MeshLODToolset/MeshLODToolset.uplugin" 421
"../../../Engine/Plugins/Experimental/AnimNext/AnimNext.uplugin" 422
"../../../Engine/Plugins/Experimental/AdvancedRenamer/AdvancedRenamer.uplugin" 423
"../../../Engine/Plugins/Experimental/AnimNextControlRig/AnimNextControlRig.uplugin" 424
"../../../Engine/Plugins/Experimental/AsyncMessageSystemTests/AsyncMessageSystemTests.uplugin" 425
"../../../Engine/Plugins/Experimental/AnimNextWarping/AnimNextWarping.uplugin" 426
"../../../Engine/Plugins/Experimental/AutomationUtils/AutomationUtils.uplugin" 427
"../../../Engine/Plugins/Editor/WorldPartitionHLODUtilities/WorldPartitionHLODUtilities.uplugin" 428
"../../../Engine/Plugins/Experimental/AvalancheDataLink/AvalancheDataLink.uplugin" 429
"../../../Engine/Plugins/Experimental/AnimNextStateTree/AnimNextStateTree.uplugin" 430
"../../../Engine/Plugins/Experimental/AnimToTexture/AnimToTexture.uplugin" 431
"../../../Engine/Plugins/Editor/GuidedTutorials/GuidedTutorials.uplugin" 432
"../../../Engine/Plugins/Experimental/AvalancheDisplayCluster/AvalancheDisplayCluster.uplugin" 433
"../../../Engine/Plugins/Experimental/BackChannel/BackChannel.uplugin" 434
"../../../Engine/Plugins/Experimental/BlueprintStats/BlueprintStats.uplugin" 435
"../../../Engine/Plugins/Experimental/AvalancheSceneState/AvalancheSceneState.uplugin" 436
"../../../Engine/Plugins/Experimental/AvalancheSequenceNavigator/AvalancheSequenceNavigator.uplugin" 437
"../../../Engine/Plugins/Experimental/AsyncMessageSystem/AsyncMessageSystem.uplugin" 438
"../../../Engine/Plugins/Experimental/CelestialVault/CelestialVault.uplugin" 439
"../../../Engine/Plugins/Editor/MobileLauncherProfileWizard/MobileLauncherProfileWizard.uplugin" 440
"../../../Engine/Plugins/Experimental/ChaosClothEditor/ChaosClothEditor.uplugin" 441
"../../../Engine/Plugins/Experimental/Buoyancy/Buoyancy.uplugin" 442
"../../../Engine/Plugins/Experimental/ChaosCaching/ChaosCaching.uplugin" 443
"../../../Engine/Plugins/Experimental/ChaosEditor/ChaosEditor.uplugin" 444
"../../../Engine/Plugins/Experimental/ChaosFlesh/ChaosFlesh.uplugin" 445
"../../../Engine/Plugins/Experimental/ChaosModularVehicleExamples/ChaosModularVehicleExamples.uplugin" 446
"../../../Engine/Plugins/Experimental/CinematicPrestreaming/CinematicPrestreaming.uplugin" 447
"../../../Engine/Plugins/Experimental/CharacterAI/CharacterAI.uplugin" 448
"../../../Engine/Plugins/Experimental/ChaosMover/ChaosMover.uplugin" 449
"../../../Engine/Plugins/Experimental/ChaosCachingUSD/ChaosCachingUSD.uplugin" 450
"../../../Engine/Plugins/Experimental/ChaosNiagara/ChaosNiagara.uplugin" 451
"../../../Engine/Plugins/Experimental/BlueprintSnapNodes/BlueprintSnapNodes.uplugin" 452
"../../../Engine/Plugins/Experimental/CineCameraSceneCapture/CineCameraSceneCapture.uplugin" 453
"../../../Engine/Plugins/Experimental/ChaosSolverPlugin/ChaosSolverPlugin.uplugin" 454
"../../../Engine/Plugins/Experimental/ChaosVehiclesPlugin/ChaosVehiclesPlugin.uplugin" 455
"../../../Engine/Plugins/Experimental/ColorCorrectRegions/ColorCorrectRegions.uplugin" 456
"../../../Engine/Plugins/Experimental/DataLink/DataLink.uplugin" 457
"../../../Engine/Plugins/Experimental/ChaosOutfitAsset/ChaosOutfitAsset.uplugin" 458
"../../../Engine/Plugins/Experimental/CodeEditor/CodeEditor.uplugin" 459
"../../../Engine/Plugins/Experimental/ChaosUserDataPT/ChaosUserDataPT.uplugin" 460
"../../../Engine/Plugins/Experimental/EditorTelemetry/EditorTelemetry.uplugin" 461
"../../../Engine/Plugins/Experimental/ControlFlows/ControlFlows.uplugin" 462
"../../../Engine/Plugins/Experimental/DataLinkOAuth/DataLinkOAuth.uplugin" 463
"../../../Engine/Plugins/Experimental/CineCameraRigs/CineCameraRigs.uplugin" 464
"../../../Engine/Plugins/Experimental/EditorDataStorageFeatures/EditorDataStorageFeatures.uplugin" 465
"../../../Engine/Plugins/Experimental/FastGeoStreaming/FastGeoStreaming.uplugin" 466
"../../../Engine/Plugins/Experimental/CommonConversation/CommonConversation.uplugin" 467
"../../../Engine/Plugins/Experimental/CodeView/CodeView.uplugin" 468
"../../../Engine/Plugins/Experimental/Dataflow/Dataflow.uplugin" 469
"../../../Engine/Plugins/Experimental/EditorDataStorage/EditorDataStorage.uplugin" 470
"../../../Engine/Plugins/Experimental/FieldSystemPlugin/FieldSystemPlugin.uplugin" 471
"../../../Engine/Plugins/Experimental/EvaluationNotifies/EvaluationNotifies.uplugin" 472
"../../../Engine/Plugins/Experimental/GameInputWindows/GameInputWindows.uplugin" 473
"../../../Engine/Plugins/Experimental/DaySequence/DaySequence.uplugin" 474
"../../../Engine/Plugins/Experimental/EditorPerformance/EditorPerformance.uplugin" 475
"../../../Engine/Plugins/Experimental/GameplayBehaviors/GameplayBehaviors.uplugin" 476
"../../../Engine/Plugins/Experimental/GeometryCacheAbcFile/GeometryCacheAbcFile.uplugin" 477
"../../../Engine/Plugins/Experimental/DefaultInstallBundleManager/DefaultInstallBundleManager.uplugin" 478
"../../../Engine/Plugins/Experimental/FloatingProperties/FloatingProperties.uplugin" 479
"../../../Engine/Plugins/Experimental/GeometryCollectionPlugin/GeometryCollectionPlugin.uplugin" 480
"../../../Engine/Plugins/Experimental/GeometryCacheLevelSequenceBaker/GeometryCacheLevelSequenceBaker.uplugin" 481
"../../../Engine/Plugins/Experimental/DynamicMaterialMediaStreamBridge/DynamicMaterialMediaStreamBridge.uplugin" 482
"../../../Engine/Plugins/Experimental/GizmoEdMode/GizmoEdMode.uplugin" 483
"../../../Engine/Plugins/Experimental/Fracture/Fracture.uplugin" 484
"../../../Engine/Plugins/Experimental/GeometryFlow/GeometryFlow.uplugin" 485
"../../../Engine/Plugins/Experimental/GameplayGraph/GameplayGraph.uplugin" 486
"../../../Engine/Plugins/Experimental/ChaosModularVehicle/ChaosModularVehicle.uplugin" 487
"../../../Engine/Plugins/Experimental/ImageWidgets/ImageWidgets.uplugin" 488
"../../../Engine/Plugins/Experimental/GameplayTargetingSystem/TargetingSystem.uplugin" 489
"../../../Engine/Plugins/Experimental/HairCardGenerator/HairCardGenerator.uplugin" 490
"../../../Engine/Plugins/Experimental/InlineMaterialInstance/InlineMaterialInstance.uplugin" 491
"../../../Engine/Plugins/Experimental/ImagePlate/ImagePlate.uplugin" 492
"../../../Engine/Plugins/Experimental/HairModelingToolset/HairModelingToolset.uplugin" 493
"../../../Engine/Plugins/Experimental/FullBodyIK/FullBodyIK.uplugin" 494
"../../../Engine/Plugins/Experimental/InteractionInterface/InteractionInterface.uplugin" 495
"../../../Engine/Plugins/Experimental/GeometryDataflow/GeometryDataflow.uplugin" 496
"../../../Engine/Plugins/Experimental/InstanceDataObjectFixupTool/InstanceDataObjectFixupTool.uplugin" 497
"../../../Engine/Plugins/Experimental/Iris/Iris.uplugin" 498
"../../../Engine/Plugins/Experimental/ImpostorBaker/ImpostorBaker.uplugin" 499
"../../../Engine/Plugins/Experimental/GPULightmass/GPULightmass.uplugin" 500
"../../../Engine/Plugins/Experimental/GizmoFramework/GizmoFramework.uplugin" 501
"../../../Engine/Plugins/Experimental/JWT/JWT.uplugin" 502
"../../../Engine/Plugins/Experimental/MediaStream/MediaStream.uplugin" 503
"../../../Engine/Plugins/Experimental/Gauntlet/Gauntlet.uplugin" 504
"../../../Engine/Plugins/Experimental/Landmass/Landmass.uplugin" 505
"../../../Engine/Plugins/Experimental/MeshResizing/MeshResizing.uplugin" 506
"../../../Engine/Plugins/Experimental/HairStrandsMutable/HairStrandsMutable.uplugin" 507
"../../../Engine/Plugins/Experimental/LiveLinkControlRig/LiveLinkControlRig.uplugin" 508
"../../../Engine/Plugins/Experimental/LearningAgents/LearningAgents.uplugin" 509
"../../../Engine/Plugins/Experimental/MLflow/MLflow.uplugin" 510
"../../../Engine/Plugins/Experimental/MeshModelingToolsetExp/MeshModelingToolsetExp.uplugin" 511
"../../../Engine/Plugins/Experimental/LevelSequenceNavigatorBridge/LevelSequenceNavigatorBridge.uplugin" 512
"../../../Engine/Plugins/Experimental/MetasoundExperimental/MetasoundExperimental.uplugin" 513
"../../../Engine/Plugins/Experimental/Mover/Mover.uplugin" 514
"../../../Engine/Plugins/Experimental/LiveLinkFaceImporter/LiveLinkFaceImporter.uplugin" 515
"../../../Engine/Plugins/Experimental/LiveLinkOpenVR/LiveLinkOpenVR.uplugin" 516
"../../../Engine/Plugins/Experimental/MotoSynth/MotoSynth.uplugin" 517
"../../../Engine/Plugins/Experimental/MoverExamples/MoverExamples.uplugin" 518
"../../../Engine/Plugins/Experimental/MotorSimOutputMotoSynth/MotorSimOutputMotoSynth.uplugin" 519
"../../../Engine/Plugins/Experimental/LandscapePatch/LandscapePatch.uplugin" 520
"../../../Engine/Plugins/Experimental/MoverAnimNext/MoverAnimNext.uplugin" 521
"../../../Engine/Plugins/Experimental/MoverTests/MoverTests.uplugin" 522
"../../../Engine/Plugins/Experimental/LocalizableMessage/LocalizableMessage.uplugin" 523
"../../../Engine/Plugins/Experimental/MutableClothing/MutableClothing.uplugin" 524
"../../../Engine/Plugins/Experimental/MediaViewer/MediaViewer.uplugin" 525
"../../../Engine/Plugins/Experimental/NeuralRendering/NeuralRendering.uplugin" 526
"../../../Engine/Plugins/Experimental/LowLevelNetTrace/LowLevelNetTrace.uplugin" 527
"../../../Engine/Plugins/Experimental/MovieScenePoseSearchTracks/MovieScenePoseSearchTracks.uplugin" 528
"../../../Engine/Plugins/Experimental/NaniteDisplacedMesh/NaniteDisplacedMesh.uplugin" 529
"../../../Engine/Plugins/Experimental/NFORDenoise/NFORDenoise.uplugin" 530
"../../../Engine/Plugins/Experimental/MutablePopulation/MutablePopulation.uplugin" 531
"../../../Engine/Plugins/Experimental/NNERuntimeBasicCpu/NNERuntimeBasicCpu.uplugin" 532
"../../../Engine/Plugins/Experimental/OpenImageDenoise/OpenImageDenoise.uplugin" 533
"../../../Engine/Plugins/Experimental/MoverIntegrations/MoverIntegrations.uplugin" 534
"../../../Engine/Plugins/Experimental/OptiXDenoise/OptiXDenoise.uplugin" 535
"../../../Engine/Plugins/Experimental/NNERuntimeCoreML/NNERuntimeCoreML.uplugin" 536
"../../../Engine/Plugins/Experimental/NNERuntimeIREE/NNERuntimeIREE.uplugin" 537
"../../../Engine/Plugins/Experimental/MovieSceneAnimMixer/MovieSceneAnimMixer.uplugin" 538
"../../../Engine/Plugins/Experimental/PanoramicCapture/PanoramicCapture.uplugin" 539
"../../../Engine/Plugins/Experimental/PlainPropsUObject/PlainPropsUObject.uplugin" 540
"../../../Engine/Plugins/Experimental/NNERuntimeRDG/NNERuntimeRDG.uplugin" 541
"../../../Engine/Plugins/Experimental/PluginReferenceViewer/PluginReferenceViewer.uplugin" 542
"../../../Engine/Plugins/Experimental/PlanarCutPlugin/PlanarCut.uplugin" 543
"../../../Engine/Plugins/Experimental/PhysicsControl/PhysicsControl.uplugin" 544
"../../../Engine/Plugins/Experimental/PixelStreamingPlayer/PixelStreamingPlayer.uplugin" 545
"../../../Engine/Plugins/Experimental/PluginAudit/PluginAudit.uplugin" 546
"../../../Engine/Plugins/Experimental/PlatformCrypto/PlatformCrypto.uplugin" 547
"../../../Engine/Plugins/Experimental/PluginTemplateTool/PluginTemplateTool.uplugin" 548
"../../../Engine/Plugins/Experimental/PSDImporter/PSDImporter.uplugin" 549
"../../../Engine/Plugins/Experimental/PCGBiomeCore/PCGBiomeCore.uplugin" 550
"../../../Engine/Plugins/Experimental/PythonFoundationPackages/PythonFoundationPackages.uplugin" 551
"../../../Engine/Plugins/Experimental/PSDImporterMaterialDesignerBridge/PSDImporterMaterialDesignerBridge.uplugin" 552
"../../../Engine/Plugins/Experimental/PythonScriptPlugin/PythonScriptPlugin.uplugin" 553
"../../../Engine/Plugins/Experimental/QuicMessaging/QuicMessaging.uplugin" 554
"../../../Engine/Plugins/Experimental/RazerChromaDevices/RazerChromaDevices.uplugin" 555
"../../../Engine/Plugins/Experimental/RawInput/RawInput.uplugin" 556
"../../../Engine/Plugins/Experimental/RemoteSession/RemoteSession.uplugin" 557
"../../../Engine/Plugins/Experimental/RenderGrid/RenderGrid.uplugin" 558
"../../../Engine/Plugins/Experimental/RuntimeTelemetry/RuntimeTelemetry.uplugin" 559
"../../../Engine/Plugins/Experimental/PostProcessMaterialChainGraph/PostProcessMaterialChainGraph.uplugin" 560
"../../../Engine/Plugins/Experimental/ScreenReader/ScreenReader.uplugin" 561
"../../../Engine/Plugins/Experimental/RemoteControlComponents/RemoteControlComponents.uplugin" 562
"../../../Engine/Plugins/Experimental/SceneState/SceneState.uplugin" 563
"../../../Engine/Plugins/Experimental/SerializationUtils/SerializationUtils.uplugin" 564
"../../../Engine/Plugins/Experimental/RigLogicMutable/RigLogicMutable.uplugin" 565
"../../../Engine/Plugins/Experimental/PlainProps/PlainProps.uplugin" 566
"../../../Engine/Plugins/Experimental/SimpleHMD/SimpleHMD.uplugin" 567
"../../../Engine/Plugins/Experimental/RigLogicAnimNext/RigLogicAnimNext.uplugin" 568
"../../../Engine/Plugins/Experimental/SkeletalReduction/SkeletalReduction.uplugin" 569
"../../../Engine/Plugins/Experimental/SlateIM/SlateIM.uplugin" 570
"../../../Engine/Plugins/Experimental/Shotgrid/Shotgrid.uplugin" 571
"../../../Engine/Plugins/Experimental/StateGraph/StateGraph.uplugin" 572
"../../../Engine/Plugins/Experimental/SpatialReadiness/SpatialReadiness.uplugin" 573
"../../../Engine/Plugins/Experimental/StructUtils/StructUtils.uplugin" 574
"../../../Engine/Plugins/Experimental/SlateModelViewViewModel/SlateModelViewViewModel.uplugin" 575
"../../../Engine/Plugins/Experimental/SlateScreenReader/SlateScreenReader.uplugin" 576
"../../../Engine/Plugins/Experimental/SecuritySandbox/SecuritySandbox.uplugin" 577
"../../../Engine/Plugins/Experimental/SubtitlesAndClosedCaptions/SubtitlesAndClosedCaptions.uplugin" 578
"../../../Engine/Plugins/Experimental/Tensorboard/Tensorboard.uplugin" 579
"../../../Engine/Plugins/Experimental/SubmitToolEditor/SubmitToolEditor.uplugin" 580
"../../../Engine/Plugins/Experimental/TechAudioTools/TechAudioTools.uplugin" 581
"../../../Engine/Plugins/Experimental/TargetDeviceServicesScripting/TargetDeviceServicesScripting.uplugin" 582
"../../../Engine/Plugins/Experimental/UserToolBoxCore/UserToolBoxCore.uplugin" 583
"../../../Engine/Plugins/Experimental/TextToSpeech/TextToSpeech.uplugin" 584
"../../../Engine/Plugins/Experimental/PCGBiomeSample/PCGBiomeSample.uplugin" 585
"../../../Engine/Plugins/Experimental/VirtualHeightfieldMesh/VirtualHeightfieldMesh.uplugin" 586
"../../../Engine/Plugins/Experimental/UserToolBoxBasicCommand/UserToolBoxBasicCommand.uplugin" 587
"../../../Engine/Plugins/Experimental/TetMeshing/TetMeshing.uplugin" 588
"../../../Engine/Plugins/Experimental/ToolPresets/ToolPresets.uplugin" 589
"../../../Engine/Plugins/Experimental/Water/Water.uplugin" 590
"../../../Engine/Plugins/Experimental/VirtualProductionUtilities/VirtualProductionUtilities.uplugin" 591
"../../../Engine/Plugins/Experimental/Text3D/Text3D.uplugin" 592
"../../../Engine/Plugins/Experimental/SVGImporter/SVGImporter.uplugin" 593
"../../../Engine/Plugins/Experimental/WebSocketMessaging/WebSocketMessaging.uplugin" 594
"../../../Engine/Plugins/Experimental/SequenceNavigator/SequenceNavigator.uplugin" 595
"../../../Engine/Plugins/Experimental/WebSocketNetworking/WebSocketNetworking.uplugin" 596
"../../../Engine/Plugins/Experimental/Workspace/Workspace.uplugin" 597
"../../../Engine/Plugins/Experimental/SurfaceEffects/SurfaceEffects.uplugin" 598
"../../../Engine/Plugins/Experimental/XRCreativeFramework/XRCreativeFramework.uplugin" 599
"../../../Engine/Plugins/Experimental/UIFramework/UIFramework.uplugin" 600
"../../../Engine/Plugins/Experimental/WaveFunctionCollapse/WaveFunctionCollapse.uplugin" 601
"../../../Engine/Plugins/Experimental/WaterExtras/WaterExtras.uplugin" 602
"../../../Engine/Plugins/Experimental/TextureMediaPlayer/TextureMediaPlayer.uplugin" 603
"../../../Engine/Plugins/MetaHuman/MetaHumanCalibrationProcessing/MetaHumanCalibrationProcessing.uplugin" 604
"../../../Engine/Plugins/NetcodeUnitTest/NetcodeUnitTest/NetcodeUnitTest.uplugin" 605
"../../../Engine/Plugins/Experimental/WidgetEditorToolPalette/WidgetEditorToolPalette.uplugin" 606
"../../../Engine/Plugins/MetaHuman/MetaHumanAnimator/MetaHuman.uplugin" 607
"../../../Engine/Plugins/PCGInterops/PCGGeometryScriptInterop/PCGGeometryScriptInterop.uplugin" 608
"../../../Engine/Plugins/Experimental/WaterAdvanced/WaterAdvanced.uplugin" 609
"../../../Engine/Plugins/Tests/CQTest/CQTest.uplugin" 610
"../../../Engine/Plugins/Tests/CQTestEnhancedInput/CQTestEnhancedInput.uplugin" 611
"../../../Engine/Plugins/MetaHuman/MetaHumanCharacter/MetaHumanCharacter.uplugin" 612
"../../../Engine/Plugins/MetaHuman/MetaHumanLiveLink/MetaHumanLiveLink.uplugin" 613
"../../../Engine/Plugins/Tests/EditorTests/EditorTests.uplugin" 614
"../../../Engine/Plugins/Tests/FbxAutomationTestBuilder/FbxAutomationTestBuilder.uplugin" 615
"../../../Engine/Plugins/NetcodeUnitTest/NUTUnrealEngine/NUTUnrealEngine.uplugin" 616
"../../../Engine/Plugins/Tests/FunctionalTestingEditor/FunctionalTestingEditor.uplugin" 617
"../../../Engine/Plugins/PCGInterops/PCGExternalDataInterop/PCGExternalDataInterop.uplugin" 618
"../../../Engine/Plugins/Portal/LauncherChunkInstaller/LauncherChunkInstaller.uplugin" 619
"../../../Engine/Plugins/MetaHuman/MetaHumanSDK/MetaHumanSDK.uplugin" 620
"../../../Engine/Plugins/Tests/RuntimeTests/RuntimeTests.uplugin" 621
"../../../Engine/Plugins/Experimental/Volumetrics/Volumetrics.uplugin" 622
"../../../Engine/Plugins/Tests/TestFramework/TestFramework.uplugin" 623
"../../../Engine/Plugins/Tests/InterchangeTests/InterchangeTests.uplugin" 624
"../../../Engine/Plugins/Tests/WidgetAutomationTests/WidgetAutomationTests.uplugin" 625
"../../../Engine/Plugins/Tests/RHITests/RHITests.uplugin" 626
"../../../Engine/Plugins/Tests/AutomationDriverTests/AutomationDriverTests.uplugin" 627
"../../../Engine/Plugins/Runtime/Advertising/IOSTapJoy/IOSTapJoy.uplugin" 628
"../../../Engine/Plugins/MetaHuman/MetaHumanCoreTechLib/MetaHumanCoreTech.uplugin" 629
"../../../Engine/Plugins/Runtime/Steam/SteamAudio/SteamAudio.uplugin" 630
"../../../Engine/Plugins/Runtime/Steam/SteamController/SteamController.uplugin" 631
"../../../Engine/Plugins/Experimental/Enterprise/DatasmithInterchange/DatasmithInterchange.uplugin" 632
"../../../Engine/Plugins/Runtime/Steam/SteamShared/SteamShared.uplugin" 633
"../../../Engine/Plugins/Interchange/Extensions/OpenVDB/InterchangeOpenVDB.uplugin" 634
"../../../Engine/Plugins/Experimental/Web/WebAPI/WebAPI.uplugin" 635
"../../../Engine/Plugins/Runtime/Database/DatabaseSupport/DatabaseSupport.uplugin" 636
"../../../Engine/Plugins/Experimental/Enterprise/DatasmithRuntime/DatasmithRuntime.uplugin" 637
"../../../Engine/Plugins/Experimental/Enterprise/DataprepGeometryOperations/DataprepGeometryOperations.uplugin" 638
"../../../Engine/Plugins/Online/IOS/OnlineSubsystemIOS/OnlineSubsystemIOS.uplugin" 639
"../../../Engine/Plugins/Tests/PythonAutomationTest/PythonAutomationTest.uplugin" 640
"../../../Engine/Plugins/Tests/TestSamples/TestSamples.uplugin" 641
"../../../Engine/Plugins/Runtime/Database/RemoteDatabaseSupport/RemoteDatabaseSupport.uplugin" 642
"../../../Engine/Plugins/Runtime/Database/SQLiteSupport/SQLiteSupport.uplugin" 643
"../../../Engine/Plugins/VirtualProduction/DMX/DatasmithMVR/DatasmithMVR.uplugin" 644
"../../../Engine/Plugins/Interchange/Extensions/OpenUSD/InterchangeOpenUSD.uplugin" 645
"../../../Engine/Plugins/VirtualProduction/DMX/DMXDisplayCluster/DMXDisplayCluster.uplugin" 646
"../../../Engine/Plugins/VirtualProduction/DMX/DMXEngine/DMXEngine.uplugin" 647
"../../../Engine/Plugins/VirtualProduction/DMX/DMXProtocol/DMXProtocol.uplugin" 648
"../../../Engine/Plugins/VirtualProduction/DMX/DMXGDTF/DMXGDTF.uplugin" 649
"../../../Engine/Plugins/VirtualProduction/DMX/DMXFixtures/DMXFixtures.uplugin" 650
"../../../Engine/Plugins/VirtualProduction/DMX/DMXModularFeatures/DMXModularFeatures.uplugin" 651
"../../../Engine/Plugins/VirtualProduction/DMX/DMXPixelMapping/DMXPixelMapping.uplugin" 652
"../../../Engine/Plugins/Runtime/Steam/SteamSockets/SteamSockets.uplugin" 653
"../../../Engine/Plugins/Runtime/Analytics/AnalyticsBlueprintLibrary/AnalyticsBlueprintLibrary.uplugin" 654
"../../../Engine/Plugins/VirtualProduction/DMX/DMXControlConsole/DMXControlConsole.uplugin" 655
"../../../Engine/Plugins/Runtime/Analytics/AnalyticsMulticast/AnalyticsMulticast.uplugin" 656
"../../../Engine/Plugins/Animation/MLDeformer/ChaosClothGenerator/ChaosClothGenerator.uplugin" 657
"../../../Engine/Plugins/Experimental/CharacterFXEditor/BaseCharacterFXEditor/BaseCharacterFXEditor.uplugin" 658
"../../../Engine/Plugins/Runtime/Database/SQLiteCore/SQLiteCore.uplugin" 659
"../../../Engine/Plugins/Animation/MLDeformer/MLDeformerFramework/MLDeformerFramework.uplugin" 660
"../../../Engine/Plugins/Runtime/Analytics/Adjust/Adjust.uplugin" 661
"../../../Engine/Plugins/Experimental/CharacterFXEditor/ExampleCharacterFXEditor/ExampleCharacterFXEditor.uplugin" 662
"../../../Engine/Plugins/Animation/MLDeformer/ChaosFleshGenerator/ChaosFleshGenerator.uplugin" 663
"../../../Engine/Plugins/Experimental/PCGInterops/PCGInstancedActorsInterop/PCGInstancedActorsInterop.uplugin" 664
"../../../Engine/Plugins/Runtime/Analytics/FileLogging/FileLogging.uplugin" 665
"../../../Engine/Plugins/Runtime/Nvidia/GeForceNOWWrapper/GeForceNOWWrapper.uplugin" 666
"../../../Engine/Plugins/Runtime/Nvidia/Reflex/Reflex.uplugin" 667
"../../../Engine/Plugins/Runtime/MeshReconstruction/DummyMeshReconstructor/DummyMeshReconstructor.uplugin" 668
"../../../Engine/Plugins/Animation/MLDeformer/NeuralMorphModel/NeuralMorphModel.uplugin" 669
"../../../Engine/Plugins/Runtime/PacketHandlers/AESGCMHandlerComponent/AESGCMHandlerComponent.uplugin" 670
"../../../Engine/Plugins/Runtime/Database/ADOSupport/ADOSupport.uplugin" 671
"../../../Engine/Plugins/Experimental/PCGInterops/PCGWaterInterop/PCGWaterInterop.uplugin" 672
"../../../Engine/Plugins/Runtime/PacketHandlers/AESHandlerComponent/AESHandlerComponent.uplugin" 673
"../../../Engine/Plugins/VirtualProduction/Rivermax/RivermaxCore/RivermaxCore.uplugin" 674
"../../../Engine/Plugins/VirtualProduction/Rivermax/RivermaxSync/RivermaxSync.uplugin" 675
"../../../Engine/Plugins/Runtime/PacketHandlers/DTLSHandlerComponent/DTLSHandlerComponent.uplugin" 676
"../../../Engine/Plugins/Runtime/Windows/XInputDevice/XInputDevice.uplugin" 677
"../../../Engine/Plugins/Experimental/Animation/CurveExpression/CurveExpression.uplugin" 678
"../../../Engine/Plugins/Animation/MLDeformer/VertexDeltaModel/VertexDeltaModel.uplugin" 679
"../../../Engine/Plugins/Experimental/Animation/ContextualAnimation/ContextualAnimation.uplugin" 680
"../../../Engine/Plugins/Experimental/Animation/HierarchyTable/HierarchyTable.uplugin" 681
"../../../Engine/Plugins/Experimental/PCGInterops/PCGNiagaraInterop/PCGNiagaraInterop.uplugin" 682
"../../../Engine/Plugins/Experimental/Animation/HierarchyTableAnimation/HierarchyTableAnimation.uplugin" 683
"../../../Engine/Plugins/Experimental/Animation/Optimus/Optimus.uplugin" 684
"../../../Engine/Plugins/Experimental/Animation/PackedAttributes/PackedAttributes.uplugin" 685
"../../../Engine/Plugins/Experimental/Animation/RigMapper/RigMapper.uplugin" 686
"../../../Engine/Plugins/Experimental/AVCodecs/AVCodecsCore/AVCodecsCore.uplugin" 687
"../../../Engine/Plugins/VirtualProduction/Rivermax/RivermaxMedia/RivermaxMedia.uplugin" 688
"../../../Engine/Plugins/Experimental/AVCodecs/VTCodecs/VTCodecs.uplugin" 689
"../../../Engine/Plugins/Experimental/Animation/MotionTrajectory/MotionTrajectory.uplugin" 690
"../../../Engine/Plugins/Runtime/Windows/WinDualShock/WinDualShock.uplugin" 691
"../../../Engine/Plugins/Experimental/AVCodecs/NVCodecs/NVCodecs.uplugin" 692
"../../../Engine/Plugins/Experimental/Animation/SkeletonTemplateFramework/SkeletonTemplateFramework.uplugin" 693
"../../../Engine/Plugins/Experimental/Animation/TrajectoryTools/TrajectoryTools.uplugin" 694
"../../../Engine/Plugins/Animation/MLDeformer/NearestNeighborModel/NearestNeighborModel.uplugin" 695
"../../../Engine/Plugins/Experimental/Animation/SkeletalMeshMorphTargetEditingTools/SkeletalMeshMorphTargetEditingTools.uplugin" 696
"../../../Engine/Plugins/Experimental/AVCodecs/AMFCodecs/AMFCodecs.uplugin" 697
"../../../Engine/Plugins/Runtime/XR/XRScribe/XRScribe.uplugin" 698
"../../../Engine/Plugins/Online/Android/AndroidFetchBackgroundDownload/AndroidFetchBackgroundDownload.uplugin" 699
"../../../Engine/Plugins/Experimental/AVCodecs/WMFCodecs/WMFCodecs.uplugin" 700
"../../../Engine/Plugins/Experimental/AVCodecs/LibVpxCodecs/LibVpxCodecs.uplugin" 701
"../../../Engine/Plugins/Editor/ObjectMixer/ObjectMixer/ObjectMixer.uplugin" 702
"../../../Engine/Plugins/Editor/Localization/PortableObjectFileDataSource/PortableObjectFileDataSource.uplugin" 703
"../../../Engine/Plugins/VirtualProduction/CaptureManager/CaptureManagerApp/CaptureManagerApp.uplugin" 704
"../../../Engine/Plugins/Experimental/Animation/Locomotor/Locomotor.uplugin" 705
"../../../Engine/Plugins/Runtime/XR/XRVisualization/XRVisualization.uplugin" 706
"../../../Engine/Plugins/Experimental/VirtualProduction/VPSettings/VPSettings.uplugin" 707
"../../../Engine/Plugins/Experimental/VirtualProduction/LedWallCalibration/LedWallCalibration.uplugin" 708
"../../../Engine/Plugins/Developer/Concert/ConcertMain/ConcertMain.uplugin" 709
"../../../Engine/Plugins/Editor/ContentBrowser/ContentBrowserAssetDataSource/ContentBrowserAssetDataSource.uplugin" 710
"../../../Engine/Plugins/VirtualProduction/CaptureManager/CaptureManagerEditor/CaptureManagerEditor.uplugin" 711
"../../../Engine/Plugins/Experimental/VirtualProduction/VPRoles/VPRoles.uplugin" 712
"../../../Engine/Plugins/VirtualProduction/CaptureManager/CaptureManagerDevices/CaptureManagerDevices.uplugin" 713
"../../../Engine/Plugins/Editor/ObjectMixer/LightMixer/LightMixer.uplugin" 714
"../../../Engine/Plugins/Editor/ContentBrowser/ContentBrowserAliasDataSource/ContentBrowserAliasDataSource.uplugin" 715
"../../../Engine/Plugins/Editor/ContentBrowser/ContentBrowserClassDataSource/ContentBrowserClassDataSource.uplugin" 716
"../../../Engine/Plugins/VirtualProduction/CaptureManager/CaptureManagerCore/CaptureManagerCore.uplugin" 717
"../../../Engine/Plugins/Runtime/AR/ARUtilities/ARUtilities.uplugin" 718
"../../../Engine/Plugins/Experimental/MetaHuman/MetaHumanRuntime/MetaHumanRuntime.uplugin" 719
"../../../Engine/Plugins/Online/VoiceChat/EOSVoiceChat/EOSVoiceChat.uplugin" 720
"../../../Engine/Plugins/Online/Android/OnlineSubsystemGooglePlay/OnlineSubsystemGooglePlay.uplugin" 721
"../../../Engine/Plugins/Online/VoiceChat/VoiceChat/VoiceChat.uplugin" 722
"../../../Engine/Plugins/Experimental/Compositing/HoldoutComposite/HoldoutComposite.uplugin" 723
"../../../Engine/Plugins/Developer/Concert/ConcertUI/ConcertSharedSlate/ConcertSharedSlate.uplugin" 724
"../../../Engine/Plugins/Developer/Concert/ConcertScripting/ConcertReplicationScripting/ConcertReplicationScripting.uplugin" 725
"../../../Engine/Plugins/Developer/Concert/ConcertUI/ConcertClientSharedSlate/ConcertClientSharedSlate.uplugin" 726
"../../../Engine/Plugins/Developer/Concert/ConcertInsights/ConcertInsightsClient/ConcertInsightsClient.uplugin" 727
"../../../Engine/Plugins/Developer/Concert/ConcertInsights/ConcertInsightsCore/ConcertInsightsCore.uplugin" 728
"../../../Engine/Plugins/Developer/Concert/ConcertInsights/ConcertInsightsServer/ConcertInsightsServer.uplugin" 729
"../../../Engine/Plugins/Developer/Concert/ConcertSync/ConcertSyncCore/ConcertSyncCore.uplugin" 730
"../../../Engine/Plugins/Runtime/AR/AppleAR/AppleARKit/AppleARKit.uplugin" 731
"../../../Engine/Plugins/Developer/Concert/ConcertSync/ConcertSyncClient/ConcertSyncClient.uplugin" 732
"../../../Engine/Plugins/Runtime/AR/AppleAR/AppleARKitFaceSupport/AppleARKitFaceSupport.uplugin" 733
"../../../Engine/Plugins/Developer/Concert/ConcertSync/ConcertSyncTest/ConcertSyncTest.uplugin" 734
"../../../Engine/Plugins/Experimental/Compositing/CompositeCore/CompositeCore.uplugin" 735
"../../../Engine/Plugins/Developer/Concert/ConcertApp/DisasterRecoveryClient/DisasterRecoveryClient.uplugin" 736
"../../../Engine/Plugins/Runtime/AR/Google/GoogleARCore/GoogleARCore.uplugin" 737
"../../../Engine/Plugins/Developer/Concert/ConcertInsights/ConcertInsightsVisualizer/ConcertInsightsVisualizer.uplugin" 738
"../../../Engine/Plugins/Developer/Concert/ConcertSync/ConcertSyncServer/ConcertSyncServer.uplugin" 739
"../../../Engine/Plugins/Runtime/AR/Google/GoogleARCoreServices/GoogleARCoreServices.uplugin" 740
"../../../Engine/Plugins/Experimental/Animation/MLDeformer/DetailPoseModel/DetailPoseModel.uplugin" 741
"../../../Engine/Plugins/Developer/Concert/ConcertApp/MultiUserClient/MultiUserClient.uplugin" 742
"../../../Engine/Plugins/Editor/ContentBrowser/ContentBrowserFileDataSource/ContentBrowserFileDataSource.uplugin" 743
"../../../Engine/Plugins/Developer/Concert/ConcertApp/MultiUserServer/MultiUserServer.uplugin" 744
"../../../Engine/Platforms/Android/Plugins/RigLogic/RigLogic_Android.uplugin" 745
"../../../Engine/Platforms/Android/Plugins/Animation/ACLPlugin/ACLPlugin_Android.uplugin" 746
"../../../Engine/Platforms/IOS/Plugins/RigLogic/RigLogic_IOS.uplugin" 747
"../../../Engine/Content/Internationalization/icudt64l/cnvalias.icu" 748
"../../../Engine/Content/Internationalization/icudt64l/res_index.res" 749
"../../../Engine/Content/Internationalization/icudt64l/plurals.res" 750
"../../../Engine/Content/Internationalization/icudt64l/lang/ja_JP.res" 751
"../../../Engine/Content/Internationalization/icudt64l/lang/pool.res" 752
"../../../Engine/Content/Internationalization/icudt64l/lang/ja.res" 753
"../../../Engine/Content/Internationalization/icudt64l/lang/root.res" 754
"../../../Engine/Content/Internationalization/icudt64l/region/ja_JP.res" 755
"../../../Engine/Content/Internationalization/icudt64l/region/pool.res" 756
"../../../Engine/Content/Internationalization/icudt64l/region/ja.res" 757
"../../../Engine/Content/Internationalization/icudt64l/region/root.res" 758
"../../../Engine/Content/Internationalization/icudt64l/lang/en.res" 759
"../../../Engine/Content/Internationalization/icudt64l/region/en.res" 760
"../../../Engine/Content/Internationalization/icudt64l/windowsZones.res" 761
"../../../Engine/Content/Internationalization/icudt64l/zoneinfo64.res" 762
"../../../Engine/Content/Internationalization/icudt64l/keyTypeData.res" 763
"../../../Engine/Content/Internationalization/icudt64l/timezoneTypes.res" 764
"../../../Engine/Content/Internationalization/icudt64l/likelySubtags.res" 765
"../../../Engine/Content/Internationalization/icudt64l/ja_JP.res" 766
"../../../Engine/Content/Internationalization/icudt64l/pool.res" 767
"../../../Engine/Content/Internationalization/icudt64l/ja.res" 768
"../../../Engine/Content/Internationalization/icudt64l/root.res" 769
"../../../Engine/Content/Internationalization/icudt64l/supplementalData.res" 770
"../../../Engine/Config/ConfigRedirects.ini" 771
"C:/Users/a7p7p/AppData/Local/UnrealEngine/5.6/Saved/Config/WindowsEditor/Manifest.ini" 772
"../../../Engine/Config/BaseEngine.ini" 773
"../../../Engine/Config/Windows/BaseWindowsEngine.ini" 774
"../../../../../../VScodeFiles/GitHub/2026_team27/KC3GameHack/Config/DefaultEngine.ini" 775
"../../../Engine/Config/BaseGame.ini" 776
"../../../../../../VScodeFiles/GitHub/2026_team27/KC3GameHack/Config/DefaultGame.ini" 777
"../../../Engine/Config/Windows/WindowsGame.ini" 778
"C:/VScodeFiles/GitHub/2026_team27/KC3GameHack/Saved/Config/WindowsEditor/Game.ini" 779
"../../../Engine/Config/BaseInput.ini" 780
"../../../Engine/Config/Windows/BaseWindowsInput.ini" 781
"../../../../../../VScodeFiles/GitHub/2026_team27/KC3GameHack/Config/DefaultInput.ini" 782
"../../../Engine/Config/Windows/WindowsInput.ini" 783
"C:/VScodeFiles/GitHub/2026_team27/KC3GameHack/Saved/Config/WindowsEditor/Input.ini" 784
"../../../Engine/Config/BaseDeviceProfiles.ini" 785
"../../../Engine/Config/BaseGameUserSettings.ini" 786
"C:/VScodeFiles/GitHub/2026_team27/KC3GameHack/Saved/Config/WindowsEditor/GameUserSettings.ini" 787
"../../../Engine/Config/BaseScalability.ini" 788
"../../../Engine/Config/BaseRuntimeOptions.ini" 789
"../../../Engine/Config/BaseInstallBundle.ini" 790
"../../../Engine/Config/BaseHardware.ini" 791
"../../../Engine/Config/BaseCompat.ini" 792
"../../../Engine/Config/BaseLightmass.ini" 793
"../../../Engine/Config/BaseEditor.ini" 794
"../../../../../../VScodeFiles/GitHub/2026_team27/KC3GameHack/Config/DefaultEditor.ini" 795
"C:/VScodeFiles/GitHub/2026_team27/KC3GameHack/Saved/Config/WindowsEditor/Editor.ini" 796
"../../../Engine/Config/BaseMaterialExpressions.ini" 797
"../../../Engine/Config/BaseEditorPerProjectUserSettings.ini" 798
"../../../../../../VScodeFiles/GitHub/2026_team27/KC3GameHack/Config/DefaultEditorPerProjectUserSettings.ini" 799
"../../../Engine/Config/Windows/WindowsEditorPerProjectUserSettings.ini" 800
"C:/VScodeFiles/GitHub/2026_team27/KC3GameHack/Saved/Config/WindowsEditor/EditorPerProjectUserSettings.ini" 801
"../../../Engine/Config/BaseEditorSettings.ini" 802
"../../../Engine/Config/Windows/WindowsEditorSettings.ini" 803
"C:/Users/a7p7p/AppData/Local/UnrealEngine/5.6/Saved/Config/WindowsEditor/EditorSettings.ini" 804
"../../../Engine/Config/BaseEditorKeyBindings.ini" 805
"C:/Users/a7p7p/AppData/Local/UnrealEngine/5.6/Saved/Config/WindowsEditor/EditorKeyBindings.ini" 806
"C:/Users/a7p7p/AppData/Local/UnrealEngine/5.6/Saved/Config/WindowsEditor/EditorLayout.ini" 807
"../../../../../../VScodeFiles/GitHub/2026_team27/KC3GameHack/Binaries/Win64/KC3GameHack.target" 808
"../../../../../../VScodeFiles/GitHub/2026_team27/KC3GameHack/Binaries/Win64/KC3GameHackEditor.target" 809
"../../../Engine/Config/IOS/BaseIOSEngine.ini" 810
"../../../Engine/Config/Linux/BaseLinuxEngine.ini" 811
"../../../Engine/Config/Mac/BaseMacEngine.ini" 812
"../../../Engine/Config/Android/BaseAndroidEngine.ini" 813
"../../../Engine/Platforms/VisionOS/Config/BaseVisionOSEngine.ini" 814
"../../../Engine/Config/Unix/UnixEngine.ini" 815
"../../../Engine/Config/IOS/BaseIOSGame.ini" 816
"../../../Engine/Config/Linux/LinuxEngine.ini" 817
"../../../Engine/Config/Android/AndroidEngine.ini" 818
"../../../Engine/Config/TVOS/TVOSEngine.ini" 819
"../../../Engine/Config/IOS/IOSGame.ini" 820
"../../../Engine/Platforms/VisionOS/Config/VisionOSEngine.ini" 821
"../../../Engine/Config/Android/BaseAndroidGame.ini" 822
"../../../Engine/Config/Mac/MacGame.ini" 823
"../../../Engine/Config/IOS/BaseIOSInput.ini" 824
"../../../Engine/Config/Android/BaseAndroidInput.ini" 825
"../../../Engine/Config/Mac/BaseMacInput.ini" 826
"../../../Engine/Config/Linux/LinuxGame.ini" 827
"../../../Engine/Config/Android/AndroidScalability.ini" 828
"../../../Engine/Config/IOS/IOSScalability.ini" 829
"../../../Engine/Config/Android/BaseAndroidInstallBundle.ini" 830
"../../../Engine/Config/IOS/BaseIOSInstallBundle.ini" 831
"../../../Engine/Config/PluginBase.ini" 832
"../../../Engine/Plugins/ChaosVD/Config/DefaultChaosVD.ini" 833
"../../../Engine/Plugins/EnhancedInput/Config/BaseEnhancedInput.ini" 834
"../../../Engine/Plugins/Fab/Config/BaseFab.ini" 835
"../../../Engine/Plugins/TraceUtilities/Config/BaseTraceUtilities.ini" 836
"../../../Engine/Plugins/Cameras/GameplayCameras/Config/BaseGameplayCameras.ini" 837
"../../../Engine/Plugins/Enterprise/DatasmithContent/Config/BaseDatasmithContent.ini" 838
"../../../Engine/Plugins/Enterprise/GLTFExporter/Config/BaseGLTFExporter.ini" 839
"../../../Engine/Plugins/Enterprise/GLTFExporter/Config/DefaultGLTFExporter.ini" 840
"../../../Engine/Plugins/Enterprise/VariantManagerContent/Config/BaseVariantManagerContent.ini" 841
"../../../Engine/Plugins/FX/Niagara/Config/BaseNiagara.ini" 842
"C:/VScodeFiles/GitHub/2026_team27/KC3GameHack/Saved/Config/WindowsEditor/Niagara.ini" 843
"../../../Engine/Plugins/Interchange/Runtime/Config/BaseInterchange.ini" 844
"../../../Engine/Plugins/Interchange/Assets/Config/BaseInterchangeAssets.ini" 845
"../../../Engine/Plugins/Runtime/GameplayStateTree/Config/BaseGameplayStateTree.ini" 846
"../../../Engine/Plugins/Runtime/HairStrands/Config/BaseHairStrands.ini" 847
"../../../Engine/Plugins/Runtime/Metasound/Config/BaseMetasound.ini" 848
"../../../Engine/Plugins/Runtime/Metasound/Config/DefaultMetasound.ini" 849
"../../../Engine/Plugins/Runtime/PropertyBindingUtils/Config/BasePropertyBindingUtils.ini" 850
"../../../Engine/Plugins/Runtime/RigVM/Config/BaseRigVM.ini" 851
"../../../Engine/Plugins/Runtime/StateTree/Config/BaseStateTree.ini" 852
"../../../Engine/Plugins/Runtime/Synthesis/Config/BaseSynthesis.ini" 853
"../../../Engine/Plugins/VirtualProduction/CameraCalibrationCore/Config/BaseCameraCalibrationCore.ini" 854
"../../../Engine/Plugins/VirtualProduction/Takes/Config/BaseTakes.ini" 855
"../../../Engine/Plugins/2D/Paper2D/Config/BasePaper2D.ini" 856
"../../../Engine/Plugins/Animation/ControlRig/Config/BaseControlRig.ini" 857
"../../../Engine/Plugins/Animation/DeformerGraph/Config/BaseDeformerGraph.ini" 858
"../../../Engine/Plugins/Animation/IKRig/Config/BaseIKRig.ini" 859
"../../../Engine/Plugins/Editor/EditorScriptingUtilities/Config/BaseEditorScriptingUtilities.ini" 860
"../../../Engine/Plugins/Experimental/FullBodyIK/Config/BaseFullBodyIK.ini" 861
"../../../Engine/Plugins/Experimental/ToolPresets/Config/BaseToolPresets.ini" 862
"../../../Engine/Plugins/MetaHuman/MetaHumanSDK/Config/BaseMetaHumanSDK.ini" 863
"../../../Engine/Plugins/Experimental/Compositing/CompositeCore/Config/BaseCompositeCore.ini" 864
"../../../Engine/Plugins/ChaosVD/Config/Engine.ini" 865
"../../../Engine/Plugins/EnhancedInput/Config/Input.ini" 866
"../../../Engine/Plugins/Runtime/InputDebugging/Config/Input.ini" 867
"../../../Engine/Plugins/Runtime/Windows/XInputDevice/Config/Input.ini" 868
"../../../Engine/Plugins/NNE/NNEDenoiser/Config/Game.ini" 869
"../../../Engine/Plugins/Runtime/RigVM/Config/Editor.ini" 870
"../../../Engine/Plugins/Online/OnlineSubsystemUtils/Config/Editor.ini" 871
"../../../Engine/Plugins/Editor/ModelingToolsEditorMode/Binaries/Win64/UnrealEditor.modules" 872
"../../../Engine/Plugins/Runtime/MeshModelingToolset/Binaries/Win64/UnrealEditor.modules" 873
"../../../Engine/Plugins/Experimental/MeshModelingToolsetExp/Binaries/Win64/UnrealEditor.modules" 874
"../../../Engine/Plugins/Editor/MeshLODToolset/Binaries/Win64/UnrealEditor.modules" 875
"../../../Engine/Plugins/Experimental/ToolPresets/Binaries/Win64/UnrealEditor.modules" 876
"../../../Engine/Plugins/Editor/StylusInput/Binaries/Win64/UnrealEditor.modules" 877
"../../../Engine/Plugins/Runtime/GeometryProcessing/Binaries/Win64/UnrealEditor.modules" 878
"../../../Engine/Plugins/Editor/ProxyLODPlugin/Binaries/Win64/UnrealEditor.modules" 879
"../../../Engine/Plugins/Experimental/PlanarCutPlugin/Binaries/Win64/UnrealEditor.modules" 880
"../../../Engine/Plugins/Runtime/GeometryCache/Binaries/Win64/UnrealEditor.modules" 881
"../../../Engine/Plugins/Experimental/GeometryFlow/Binaries/Win64/UnrealEditor.modules" 882
"../../../Engine/Plugins/Editor/EditorScriptingUtilities/Binaries/Win64/UnrealEditor.modules" 883
"../../../Engine/Plugins/FX/Niagara/Binaries/Win64/UnrealEditor.modules" 884
"../../../Engine/Plugins/Experimental/PythonScriptPlugin/Binaries/Win64/UnrealEditor.modules" 885
"../../../Engine/Plugins/Editor/ContentBrowser/ContentBrowserFileDataSource/Binaries/Win64/UnrealEditor.modules" 886
"../../../Engine/Plugins/Runtime/StateTree/Binaries/Win64/UnrealEditor.modules" 887
"../../../Engine/Plugins/Animation/GameplayInsights/Binaries/Win64/UnrealEditor.modules" 888
"../../../Engine/Plugins/Runtime/PropertyAccess/Binaries/Win64/UnrealEditor.modules" 889
"../../../Engine/Plugins/Runtime/PropertyBindingUtils/Binaries/Win64/UnrealEditor.modules" 890
"../../../Engine/Plugins/Runtime/GameplayStateTree/Binaries/Win64/UnrealEditor.modules" 891
"../../../Engine/Plugins/Experimental/Text3D/Binaries/Win64/UnrealEditor.modules" 892
"../../../Engine/Plugins/VirtualProduction/GeometryMask/Binaries/Win64/UnrealEditor.modules" 893
"../../../Engine/Plugins/ChaosCloth/Binaries/Win64/UnrealEditor.modules" 894
"../../../Engine/Plugins/Experimental/ChaosCaching/Binaries/Win64/UnrealEditor.modules" 895
"../../../Engine/Plugins/VirtualProduction/Takes/Binaries/Win64/UnrealEditor.modules" 896
"../../../Engine/Plugins/Runtime/AudioCapture/Binaries/Win64/UnrealEditor.modules" 897
"../../../Engine/Plugins/MovieScene/LevelSequenceEditor/Binaries/Win64/UnrealEditor.modules" 898
"../../../Engine/Plugins/Developer/NamingTokens/Binaries/Win64/UnrealEditor.modules" 899
"../../../Engine/Plugins/MovieScene/SequencerScripting/Binaries/Win64/UnrealEditor.modules" 900
"../../../Engine/Plugins/Editor/EngineAssetDefinitions/Binaries/Win64/UnrealEditor.modules" 901
"../../../Engine/Plugins/ChaosInsights/Binaries/Win64/UnrealEditor.modules" 902
"../../../Engine/Plugins/ChaosVD/Binaries/Win64/UnrealEditor.modules" 903
"../../../Engine/Plugins/Experimental/EditorDataStorage/Binaries/Win64/UnrealEditor.modules" 904
"../../../Engine/Plugins/Experimental/EditorDataStorageFeatures/Binaries/Win64/UnrealEditor.modules" 905
"../../../Engine/Plugins/CmdLinkServer/Binaries/Win64/UnrealEditor.modules" 906
"../../../Engine/Plugins/EnhancedInput/Binaries/Win64/UnrealEditor.modules" 907
"../../../Engine/Plugins/Editor/DataValidation/Binaries/Win64/UnrealEditor.modules" 908
"../../../Engine/Plugins/FastBuildController/Binaries/Win64/UnrealEditor.modules" 909
"../../../Engine/Plugins/Fab/Binaries/Win64/UnrealEditor.modules" 910
"../../../Engine/Plugins/Interchange/Runtime/Binaries/Win64/UnrealEditor.modules" 911
"../../../Engine/Plugins/Online/EOSShared/Binaries/Win64/UnrealEditor.modules" 912
"../../../Engine/Plugins/Enterprise/VariantManagerContent/Binaries/Win64/UnrealEditor.modules" 913
"../../../Engine/Plugins/Enterprise/VariantManager/Binaries/Win64/UnrealEditor.modules" 914
"../../../Engine/Plugins/Interchange/Assets/Binaries/Win64/UnrealEditor.modules" 915
"../../../Engine/Plugins/IoStoreInsights/Binaries/Win64/UnrealEditor.modules" 916
"../../../Engine/Plugins/MassInsights/Binaries/Win64/UnrealEditor.modules" 917
"../../../Engine/Plugins/MeshPainting/Binaries/Win64/UnrealEditor.modules" 918
"../../../Engine/Plugins/Interchange/Editor/Binaries/Win64/UnrealEditor.modules" 919
"../../../Engine/Plugins/RenderGraphInsights/Binaries/Win64/UnrealEditor.modules" 920
"../../../Engine/Plugins/TraceUtilities/Binaries/Win64/UnrealEditor.modules" 921
"../../../Engine/Plugins/WorldMetrics/Binaries/Win64/UnrealEditor.modules" 922
"../../../Engine/Plugins/UbaController/Binaries/Win64/UnrealEditor.modules" 923
"../../../Engine/Plugins/XGEController/Binaries/Win64/UnrealEditor.modules" 924
"../../../Engine/Plugins/AI/EnvironmentQueryEditor/Binaries/Win64/UnrealEditor.modules" 925
"../../../Engine/Plugins/AI/AISupport/Binaries/Win64/UnrealEditor.modules" 926
"../../../Engine/Plugins/Cameras/CameraShakePreviewer/Binaries/Win64/UnrealEditor.modules" 927
"../../../Engine/Plugins/Cameras/GameplayCameras/Binaries/Win64/UnrealEditor.modules" 928
"../../../Engine/Plugins/VirtualProduction/CameraCalibrationCore/Binaries/Win64/UnrealEditor.modules" 929
"../../../Engine/Plugins/MovieScene/TemplateSequence/Binaries/Win64/UnrealEditor.modules" 930
"../../../Engine/Plugins/Runtime/ProceduralMeshComponent/Binaries/Win64/UnrealEditor.modules" 931
"../../../Engine/Plugins/Cameras/EngineCameras/Binaries/Win64/UnrealEditor.modules" 932
"../../../Engine/Plugins/Compression/OodleNetwork/Binaries/Win64/UnrealEditor.modules" 933
"../../../Engine/Plugins/Enterprise/DatasmithContent/Binaries/Win64/UnrealEditor.modules" 934
"../../../Engine/Plugins/Enterprise/GLTFExporter/Binaries/Win64/UnrealEditor.modules" 935
"../../../Engine/Plugins/FX/Cascade/Binaries/Win64/UnrealEditor.modules" 936
"../../../Engine/Plugins/FX/NiagaraSimCaching/Binaries/Win64/UnrealEditor.modules" 937
"../../../Engine/Plugins/Media/AndroidMedia/Binaries/Win64/UnrealEditor.modules" 938
"../../../Engine/Plugins/Media/AvfMedia/Binaries/Win64/UnrealEditor.modules" 939
"../../../Engine/Plugins/Media/ImgMedia/Binaries/Win64/UnrealEditor.modules" 940
"../../../Engine/Plugins/Media/MediaPlayerEditor/Binaries/Win64/UnrealEditor.modules" 941
"../../../Engine/Plugins/Media/MediaCompositing/Binaries/Win64/UnrealEditor.modules" 942
"../../../Engine/Plugins/Media/MediaPlate/Binaries/Win64/UnrealEditor.modules" 943
"../../../Engine/Plugins/Experimental/Compositing/CompositeCore/Binaries/Win64/UnrealEditor.modules" 944
"../../../Engine/Plugins/MovieScene/ActorSequence/Binaries/Win64/UnrealEditor.modules" 945
"../../../Engine/Plugins/Media/WmfMedia/Binaries/Win64/UnrealEditor.modules" 946
"../../../Engine/Plugins/NNE/NNEDenoiser/Binaries/Win64/UnrealEditor.modules" 947
"../../../Engine/Plugins/NNE/NNERuntimeORT/Binaries/Win64/UnrealEditor.modules" 948
"../../../Engine/Plugins/Runtime/ActorLayerUtilities/Binaries/Win64/UnrealEditor.modules" 949
"../../../Engine/Plugins/Runtime/AndroidDeviceProfileSelector/Binaries/Win64/UnrealEditor.modules" 950
"../../../Engine/Plugins/Runtime/AndroidFileServer/Binaries/Win64/UnrealEditor.modules" 951
"../../../Engine/Plugins/Runtime/AndroidPermission/Binaries/Win64/UnrealEditor.modules" 952
"../../../Engine/Plugins/Runtime/ArchVisCharacter/Binaries/Win64/UnrealEditor.modules" 953
"../../../Engine/Plugins/Runtime/AssetTags/Binaries/Win64/UnrealEditor.modules" 954
"../../../Engine/Plugins/Runtime/AppleImageUtils/Binaries/Win64/UnrealEditor.modules" 955
"../../../Engine/Plugins/Runtime/CableComponent/Binaries/Win64/UnrealEditor.modules" 956
"../../../Engine/Plugins/Runtime/ChunkDownloader/Binaries/Win64/UnrealEditor.modules" 957
"../../../Engine/Plugins/Runtime/CustomMeshComponent/Binaries/Win64/UnrealEditor.modules" 958
"../../../Engine/Plugins/Runtime/ExampleDeviceProfileSelector/Binaries/Win64/UnrealEditor.modules" 959
"../../../Engine/Plugins/Runtime/GooglePAD/Binaries/Win64/UnrealEditor.modules" 960
"../../../Engine/Plugins/Runtime/InputDebugging/Binaries/Win64/UnrealEditor.modules" 961
"../../../Engine/Plugins/Runtime/LocationServicesBPLibrary/Binaries/Win64/UnrealEditor.modules" 962
"../../../Engine/Plugins/Runtime/Metasound/Binaries/Win64/UnrealEditor.modules" 963
"../../../Engine/Plugins/Runtime/AudioWidgets/Binaries/Win64/UnrealEditor.modules" 964
"../../../Engine/Plugins/Runtime/AudioSynesthesia/Binaries/Win64/UnrealEditor.modules" 965
"../../../Engine/Plugins/Editor/ContentBrowser/ContentBrowserAssetDataSource/Binaries/Win64/UnrealEditor.modules" 966
"../../../Engine/Plugins/Runtime/WaveTable/Binaries/Win64/UnrealEditor.modules" 967
"../../../Engine/Plugins/Runtime/MobilePatchingUtils/Binaries/Win64/UnrealEditor.modules" 968
"../../../Engine/Plugins/Runtime/MsQuic/Binaries/Win64/UnrealEditor.modules" 969
"../../../Engine/Plugins/Runtime/RigVM/Binaries/Win64/UnrealEditor.modules" 970
"../../../Engine/Plugins/Runtime/ResonanceAudio/Binaries/Win64/UnrealEditor.modules" 971
"../../../Engine/Plugins/Runtime/SoundFields/Binaries/Win64/UnrealEditor.modules" 972
"../../../Engine/Plugins/Runtime/Synthesis/Binaries/Win64/UnrealEditor.modules" 973
"../../../Engine/Plugins/Runtime/WebMMoviePlayer/Binaries/Win64/UnrealEditor.modules" 974
"../../../Engine/Plugins/Media/WebMMedia/Binaries/Win64/UnrealEditor.modules" 975
"../../../Engine/Plugins/Runtime/WindowsDeviceProfileSelector/Binaries/Win64/UnrealEditor.modules" 976
"../../../Engine/Plugins/Runtime/WindowsMoviePlayer/Binaries/Win64/UnrealEditor.modules" 977
"../../../Engine/Plugins/Importers/AlembicImporter/Binaries/Win64/UnrealEditor.modules" 978
"../../../Engine/Plugins/Messaging/TcpMessaging/Binaries/Win64/UnrealEditor.modules" 979
"../../../Engine/Plugins/Messaging/UdpMessaging/Binaries/Win64/UnrealEditor.modules" 980
"../../../Engine/Plugins/Online/OnlineBase/Binaries/Win64/UnrealEditor.modules" 981
"../../../Engine/Plugins/Online/OnlineSubsystem/Binaries/Win64/UnrealEditor.modules" 982
"../../../Engine/Plugins/Online/OnlineSubsystemNull/Binaries/Win64/UnrealEditor.modules" 983
"../../../Engine/Plugins/Online/OnlineSubsystemUtils/Binaries/Win64/UnrealEditor.modules" 984
"../../../Engine/Plugins/Online/OnlineServices/Binaries/Win64/UnrealEditor.modules" 985
"../../../Engine/Plugins/Animation/ACLPlugin/Binaries/Win64/UnrealEditor.modules" 986
"../../../Engine/Plugins/2D/Paper2D/Binaries/Win64/UnrealEditor.modules" 987
"../../../Engine/Plugins/Animation/AnimationData/Binaries/Win64/UnrealEditor.modules" 988
"../../../Engine/Plugins/Animation/ControlRig/Binaries/Win64/UnrealEditor.modules" 989
"../../../Engine/Plugins/Animation/TweeningUtils/Binaries/Win64/UnrealEditor.modules" 990
"../../../Engine/Plugins/Animation/AnimationModifierLibrary/Binaries/Win64/UnrealEditor.modules" 991
"../../../Engine/Plugins/Animation/BlendSpaceMotionAnalysis/Binaries/Win64/UnrealEditor.modules" 992
"../../../Engine/Plugins/Animation/ControlRigSpline/Binaries/Win64/UnrealEditor.modules" 993
"../../../Engine/Plugins/Animation/IKRig/Binaries/Win64/UnrealEditor.modules" 994
"../../../Engine/Plugins/Experimental/FullBodyIK/Binaries/Win64/UnrealEditor.modules" 995
"../../../Engine/Plugins/Animation/SkeletalMeshModelingTools/Binaries/Win64/UnrealEditor.modules" 996
"../../../Engine/Plugins/Developer/AnimationSharing/Binaries/Win64/UnrealEditor.modules" 997
"../../../Engine/Plugins/Runtime/SignificanceManager/Binaries/Win64/UnrealEditor.modules" 998
"../../../Engine/Plugins/Developer/CLionSourceCodeAccess/Binaries/Win64/UnrealEditor.modules" 999
"../../../Engine/Plugins/Developer/GitSourceControl/Binaries/Win64/UnrealEditor.modules" 1000
"../../../Engine/Plugins/Developer/DumpGPUServices/Binaries/Win64/UnrealEditor.modules" 1001
"../../../Engine/Plugins/Developer/N10XSourceCodeAccess/Binaries/Win64/UnrealEditor.modules" 1002
"../../../Engine/Plugins/Developer/PerforceSourceControl/Binaries/Win64/UnrealEditor.modules" 1003
"../../../Engine/Plugins/Developer/PlasticSourceControl/Binaries/Win64/UnrealEditor.modules" 1004
"../../../Engine/Plugins/Developer/PixWinPlugin/Binaries/Win64/UnrealEditor.modules" 1005
"../../../Engine/Plugins/Developer/PluginUtils/Binaries/Win64/UnrealEditor.modules" 1006
"../../../Engine/Plugins/Developer/RenderDocPlugin/Binaries/Win64/UnrealEditor.modules" 1007
"../../../Engine/Plugins/Developer/SubversionSourceControl/Binaries/Win64/UnrealEditor.modules" 1008
"../../../Engine/Plugins/Developer/ProjectLauncher/Binaries/Win64/UnrealEditor.modules" 1009
"../../../Engine/Plugins/Developer/TextureFormatOodle/Binaries/Win64/UnrealEditor.modules" 1010
"../../../Engine/Plugins/Developer/RiderSourceCodeAccess/Binaries/Win64/UnrealEditor.modules" 1011
"../../../Engine/Plugins/Developer/PropertyAccessNode/Binaries/Win64/UnrealEditor.modules" 1012
"../../../Engine/Plugins/Developer/UObjectPlugin/Binaries/Win64/UnrealEditor.modules" 1013
"../../../Engine/Plugins/Developer/VisualStudioCodeSourceCodeAccess/Binaries/Win64/UnrealEditor.modules" 1014
"../../../Engine/Plugins/Editor/AssetManagerEditor/Binaries/Win64/UnrealEditor.modules" 1015
"../../../Engine/Plugins/Developer/VisualStudioSourceCodeAccess/Binaries/Win64/UnrealEditor.modules" 1016
"../../../Engine/Plugins/Editor/CryptoKeys/Binaries/Win64/UnrealEditor.modules" 1017
"../../../Engine/Plugins/Editor/ChangelistReview/Binaries/Win64/UnrealEditor.modules" 1018
"../../../Engine/Plugins/Editor/CurveEditorTools/Binaries/Win64/UnrealEditor.modules" 1019
"../../../Engine/Plugins/Editor/ColorGrading/Binaries/Win64/UnrealEditor.modules" 1020
"../../../Engine/Plugins/Editor/ObjectMixer/ObjectMixer/Binaries/Win64/UnrealEditor.modules" 1021
"../../../Engine/Plugins/Editor/BlueprintHeaderView/Binaries/Win64/UnrealEditor.modules" 1022
"../../../Engine/Plugins/Editor/EditorDebugTools/Binaries/Win64/UnrealEditor.modules" 1023
"../../../Engine/Plugins/Editor/FacialAnimation/Binaries/Win64/UnrealEditor.modules" 1024
"../../../Engine/Plugins/Editor/GeometryMode/Binaries/Win64/UnrealEditor.modules" 1025
"../../../Engine/Plugins/Editor/MaterialAnalyzer/Binaries/Win64/UnrealEditor.modules" 1026
"../../../Engine/Plugins/Editor/GameplayTagsEditor/Binaries/Win64/UnrealEditor.modules" 1027
"../../../Engine/Plugins/Editor/MobileLauncherProfileWizard/Binaries/Win64/UnrealEditor.modules" 1028
"../../../Engine/Plugins/Editor/SequencerAnimTools/Binaries/Win64/UnrealEditor.modules" 1029
"../../../Engine/Plugins/Editor/SpeedTreeImporter/Binaries/Win64/UnrealEditor.modules" 1030
"../../../Engine/Plugins/Editor/PluginBrowser/Binaries/Win64/UnrealEditor.modules" 1031
"../../../Engine/Plugins/Editor/UMGWidgetPreview/Binaries/Win64/UnrealEditor.modules" 1032
"../../../Engine/Plugins/Editor/UVEditor/Binaries/Win64/UnrealEditor.modules" 1033
"../../../Engine/Plugins/Editor/WorldPartitionHLODUtilities/Binaries/Win64/UnrealEditor.modules" 1034
"../../../Engine/Plugins/Experimental/AdvancedRenamer/Binaries/Win64/UnrealEditor.modules" 1035
"../../../Engine/Plugins/Experimental/AutomationUtils/Binaries/Win64/UnrealEditor.modules" 1036
"../../../Engine/Plugins/Experimental/BackChannel/Binaries/Win64/UnrealEditor.modules" 1037
"../../../Engine/Plugins/Experimental/ChaosEditor/Binaries/Win64/UnrealEditor.modules" 1038
"../../../Engine/Plugins/Experimental/GeometryCollectionPlugin/Binaries/Win64/UnrealEditor.modules" 1039
"../../../Engine/Plugins/Experimental/Fracture/Binaries/Win64/UnrealEditor.modules" 1040
"../../../Engine/Plugins/Experimental/ChaosSolverPlugin/Binaries/Win64/UnrealEditor.modules" 1041
"../../../Engine/Plugins/Experimental/Dataflow/Binaries/Win64/UnrealEditor.modules" 1042
"../../../Engine/Plugins/Experimental/GeometryDataflow/Binaries/Win64/UnrealEditor.modules" 1043
"../../../Engine/Plugins/Experimental/CharacterFXEditor/BaseCharacterFXEditor/Binaries/Win64/UnrealEditor.modules" 1044
"../../../Engine/Plugins/Experimental/ChaosNiagara/Binaries/Win64/UnrealEditor.modules" 1045
"../../../Engine/Plugins/Experimental/CharacterAI/Binaries/Win64/UnrealEditor.modules" 1046
"../../../Engine/Plugins/Experimental/ChaosUserDataPT/Binaries/Win64/UnrealEditor.modules" 1047
"../../../Engine/Plugins/Experimental/EditorTelemetry/Binaries/Win64/UnrealEditor.modules" 1048
"../../../Engine/Plugins/Experimental/EditorPerformance/Binaries/Win64/UnrealEditor.modules" 1049
"../../../Engine/Plugins/Experimental/LevelSequenceNavigatorBridge/Binaries/Win64/UnrealEditor.modules" 1050
"../../../Engine/Plugins/Experimental/SequenceNavigator/Binaries/Win64/UnrealEditor.modules" 1051
"../../../Engine/Plugins/Experimental/LocalizableMessage/Binaries/Win64/UnrealEditor.modules" 1052
"../../../Engine/Plugins/Experimental/NFORDenoise/Binaries/Win64/UnrealEditor.modules" 1053
"../../../Engine/Plugins/Experimental/PlatformCrypto/Binaries/Win64/UnrealEditor.modules" 1054
"../../../Engine/Plugins/Experimental/RuntimeTelemetry/Binaries/Win64/UnrealEditor.modules" 1055
"../../../Engine/Plugins/Experimental/SkeletalReduction/Binaries/Win64/UnrealEditor.modules" 1056
"../../../Engine/Plugins/MetaHuman/MetaHumanSDK/Binaries/Win64/UnrealEditor.modules" 1057
"../../../Engine/Plugins/Runtime/HairStrands/Binaries/Win64/UnrealEditor.modules" 1058
"../../../Engine/Plugins/Animation/RigLogic/Binaries/Win64/UnrealEditor.modules" 1059
"../../../Engine/Plugins/Animation/DeformerGraph/Binaries/Win64/UnrealEditor.modules" 1060
"../../../Engine/Plugins/Runtime/ComputeFramework/Binaries/Win64/UnrealEditor.modules" 1061
"../../../Engine/Plugins/Portal/LauncherChunkInstaller/Binaries/Win64/UnrealEditor.modules" 1062
"../../../Engine/Plugins/Tests/InterchangeTests/Binaries/Win64/UnrealEditor.modules" 1063
"../../../Engine/Plugins/Runtime/Windows/XInputDevice/Binaries/Win64/UnrealEditor.modules" 1064
"../../../Engine/Plugins/Editor/Localization/PortableObjectFileDataSource/Binaries/Win64/UnrealEditor.modules" 1065
"../../../Engine/Plugins/Editor/ObjectMixer/LightMixer/Binaries/Win64/UnrealEditor.modules" 1066
"../../../Engine/Plugins/Editor/ContentBrowser/ContentBrowserClassDataSource/Binaries/Win64/UnrealEditor.modules" 1067
"../../../Engine/Config/BaseSourceControlSettings.ini" 1068
"C:/Users/a7p7p/AppData/Local/UnrealEngine/5.6/Saved/Config/WindowsEditor/SourceControlSettings.ini" 1069
"../../../Engine/Content/Internationalization/icudt64l/coll/ucadata.icu" 1070
"../../../Engine/Content/Internationalization/icudt64l/coll/ja.res" 1071
"../../../Engine/Content/Internationalization/icudt64l/coll/root.res" 1072
"../../../Engine/Content/Certificates/ThirdParty/cacert.pem" 1073
"../../../Engine/Config/ConsoleVariables.ini" 1074
"../../../Engine/Binaries/Win64/Android/UnrealEditor.modules" 1075
"../../../Engine/Binaries/Win64/IOS/UnrealEditor.modules" 1076
"../../../Engine/Binaries/Win64/Linux/UnrealEditor.modules" 1077
"../../../Engine/Content/Localization/Editor/en/Editor.locres" 1078
"../../../Engine/Content/Localization/EditorTutorials/en/EditorTutorials.locres" 1079
"../../../Engine/Content/Localization/Keywords/en/Keywords.locres" 1080
"../../../Engine/Content/Localization/Category/en/Category.locres" 1081
"../../../Engine/Content/Localization/ToolTips/en/ToolTips.locres" 1082
"../../../Engine/Content/Localization/PropertyNames/en/PropertyNames.locres" 1083
"../../../Engine/Content/Localization/Engine/en/Engine.locres" 1084
"../../../Engine/Plugins/Online/OnlineSubsystem/Content/Localization/OnlineSubsystem/en/OnlineSubsystem.locres" 1085
"../../../Engine/Plugins/Online/OnlineSubsystemUtils/Content/Localization/OnlineSubsystemUtils/en/OnlineSubsystemUtils.locres" 1086
"../../../Engine/Plugins/MetaHuman/MetaHumanSDK/Content/Localization/MetaHumanSDK/en/MetaHumanSDK.locres" 1087
"../../../Engine/Plugins/Online/IOS/OnlineSubsystemIOS/Content/Localization/OnlineSubsystemIOS/en/OnlineSubsystemIOS.locres" 1088
"../../../Engine/Plugins/Online/Android/OnlineSubsystemGooglePlay/Content/Localization/OnlineSubsystemGooglePlay/en/OnlineSubsystemGooglePlay.locres" 1089
"../../../Engine/Content/Internationalization/icudt64l/numberingSystems.res" 1090
"../../../Engine/Content/Internationalization/icudt64l/curr/supplementalData.res" 1091
"../../../Engine/Content/Internationalization/icudt64l/curr/ja_JP.res" 1092
"../../../Engine/Content/Internationalization/icudt64l/curr/pool.res" 1093
"../../../Engine/Content/Internationalization/icudt64l/curr/ja.res" 1094
"../../../Engine/Content/Internationalization/icudt64l/curr/root.res" 1095
"../../../Engine/Content/Internationalization/icudt64l/lang/af.res" 1096
"../../../Engine/Content/Internationalization/icudt64l/region/af.res" 1097
"../../../Engine/Content/Internationalization/icudt64l/lang/agq.res" 1098
"../../../Engine/Content/Internationalization/icudt64l/region/agq.res" 1099
"../../../Engine/Content/Internationalization/icudt64l/lang/ak.res" 1100
"../../../Engine/Content/Internationalization/icudt64l/region/ak.res" 1101
"../../../Engine/Content/Internationalization/icudt64l/lang/am.res" 1102
"../../../Engine/Content/Internationalization/icudt64l/region/am.res" 1103
"../../../Engine/Content/Internationalization/icudt64l/lang/ar.res" 1104
"../../../Engine/Content/Internationalization/icudt64l/region/ar.res" 1105
"../../../Engine/Content/Internationalization/icudt64l/region/ar_AE.res" 1106
"../../../Engine/Content/Internationalization/icudt64l/lang/ar_EG.res" 1107
"../../../Engine/Content/Internationalization/icudt64l/lang/ar_LY.res" 1108
"../../../Engine/Content/Internationalization/icudt64l/region/ar_LY.res" 1109
"../../../Engine/Content/Internationalization/icudt64l/lang/ar_SA.res" 1110
"../../../Engine/Content/Internationalization/icudt64l/region/ar_SA.res" 1111
"../../../Engine/Content/Internationalization/icudt64l/lang/as.res" 1112
"../../../Engine/Content/Internationalization/icudt64l/region/as.res" 1113
"../../../Engine/Content/Internationalization/icudt64l/lang/asa.res" 1114
"../../../Engine/Content/Internationalization/icudt64l/region/asa.res" 1115
"../../../Engine/Content/Internationalization/icudt64l/lang/ast.res" 1116
"../../../Engine/Content/Internationalization/icudt64l/region/ast.res" 1117
"../../../Engine/Content/Internationalization/icudt64l/lang/az.res" 1118
"../../../Engine/Content/Internationalization/icudt64l/lang/az_Cyrl.res" 1119
"../../../Engine/Content/Internationalization/icudt64l/lang/az_AZ.res" 1120
"../../../Engine/Content/Internationalization/icudt64l/lang/az_Latn_AZ.res" 1121
"../../../Engine/Content/Internationalization/icudt64l/lang/az_Latn.res" 1122
"../../../Engine/Content/Internationalization/icudt64l/region/az_AZ.res" 1123
"../../../Engine/Content/Internationalization/icudt64l/region/az_Latn_AZ.res" 1124
"../../../Engine/Content/Internationalization/icudt64l/region/az_Latn.res" 1125
"../../../Engine/Content/Internationalization/icudt64l/region/az.res" 1126
"../../../Engine/Content/Internationalization/icudt64l/region/az_Cyrl.res" 1127
"../../../Engine/Content/Internationalization/icudt64l/lang/bas.res" 1128
"../../../Engine/Content/Internationalization/icudt64l/region/bas.res" 1129
"../../../Engine/Content/Internationalization/icudt64l/lang/be.res" 1130
"../../../Engine/Content/Internationalization/icudt64l/region/be.res" 1131
"../../../Engine/Content/Internationalization/icudt64l/lang/bem.res" 1132
"../../../Engine/Content/Internationalization/icudt64l/region/bem.res" 1133
"../../../Engine/Content/Internationalization/icudt64l/lang/bez.res" 1134
"../../../Engine/Content/Internationalization/icudt64l/region/bez.res" 1135
"../../../Engine/Content/Internationalization/icudt64l/lang/bg.res" 1136
"../../../Engine/Content/Internationalization/icudt64l/region/bg.res" 1137
"../../../Engine/Content/Internationalization/icudt64l/lang/bm.res" 1138
"../../../Engine/Content/Internationalization/icudt64l/region/bm.res" 1139
"../../../Engine/Content/Internationalization/icudt64l/lang/bn.res" 1140
"../../../Engine/Content/Internationalization/icudt64l/region/bn.res" 1141
"../../../Engine/Content/Internationalization/icudt64l/lang/bn_IN.res" 1142
"../../../Engine/Content/Internationalization/icudt64l/region/bn_IN.res" 1143
"../../../Engine/Content/Internationalization/icudt64l/lang/bo.res" 1144
"../../../Engine/Content/Internationalization/icudt64l/region/bo.res" 1145
"../../../Engine/Content/Internationalization/icudt64l/region/bo_IN.res" 1146
"../../../Engine/Content/Internationalization/icudt64l/lang/br.res" 1147
"../../../Engine/Content/Internationalization/icudt64l/region/br.res" 1148
"../../../Engine/Content/Internationalization/icudt64l/lang/brx.res" 1149
"../../../Engine/Content/Internationalization/icudt64l/region/brx.res" 1150
"../../../Engine/Content/Internationalization/icudt64l/lang/bs.res" 1151
"../../../Engine/Content/Internationalization/icudt64l/lang/bs_Cyrl.res" 1152
"../../../Engine/Content/Internationalization/icudt64l/lang/bs_BA.res" 1153
"../../../Engine/Content/Internationalization/icudt64l/lang/bs_Latn_BA.res" 1154
"../../../Engine/Content/Internationalization/icudt64l/lang/bs_Latn.res" 1155
"../../../Engine/Content/Internationalization/icudt64l/region/bs_BA.res" 1156
"../../../Engine/Content/Internationalization/icudt64l/region/bs_Latn_BA.res" 1157
"../../../Engine/Content/Internationalization/icudt64l/region/bs_Latn.res" 1158
"../../../Engine/Content/Internationalization/icudt64l/region/bs.res" 1159
"../../../Engine/Content/Internationalization/icudt64l/region/bs_Cyrl.res" 1160
"../../../Engine/Content/Internationalization/icudt64l/lang/ca.res" 1161
"../../../Engine/Content/Internationalization/icudt64l/region/ca.res" 1162
"../../../Engine/Content/Internationalization/icudt64l/lang/ccp.res" 1163
"../../../Engine/Content/Internationalization/icudt64l/region/ccp.res" 1164
"../../../Engine/Content/Internationalization/icudt64l/lang/ce.res" 1165
"../../../Engine/Content/Internationalization/icudt64l/region/ce.res" 1166
"../../../Engine/Content/Internationalization/icudt64l/lang/ceb.res" 1167
"../../../Engine/Content/Internationalization/icudt64l/region/ceb.res" 1168
"../../../Engine/Content/Internationalization/icudt64l/lang/cgg.res" 1169
"../../../Engine/Content/Internationalization/icudt64l/region/cgg.res" 1170
"../../../Engine/Content/Internationalization/icudt64l/lang/chr.res" 1171
"../../../Engine/Content/Internationalization/icudt64l/region/chr.res" 1172
"../../../Engine/Content/Internationalization/icudt64l/lang/ckb.res" 1173
"../../../Engine/Content/Internationalization/icudt64l/region/ckb.res" 1174
"../../../Engine/Content/Internationalization/icudt64l/lang/cs.res" 1175
"../../../Engine/Content/Internationalization/icudt64l/region/cs.res" 1176
"../../../Engine/Content/Internationalization/icudt64l/lang/cy.res" 1177
"../../../Engine/Content/Internationalization/icudt64l/region/cy.res" 1178
"../../../Engine/Content/Internationalization/icudt64l/lang/da.res" 1179
"../../../Engine/Content/Internationalization/icudt64l/region/da.res" 1180
"../../../Engine/Content/Internationalization/icudt64l/lang/dav.res" 1181
"../../../Engine/Content/Internationalization/icudt64l/region/dav.res" 1182
"../../../Engine/Content/Internationalization/icudt64l/lang/de.res" 1183
"../../../Engine/Content/Internationalization/icudt64l/lang/de_AT.res" 1184
"../../../Engine/Content/Internationalization/icudt64l/region/de_AT.res" 1185
"../../../Engine/Content/Internationalization/icudt64l/region/de.res" 1186
"../../../Engine/Content/Internationalization/icudt64l/lang/de_CH.res" 1187
"../../../Engine/Content/Internationalization/icudt64l/region/de_CH.res" 1188
"../../../Engine/Content/Internationalization/icudt64l/lang/de_LU.res" 1189
"../../../Engine/Content/Internationalization/icudt64l/lang/dje.res" 1190
"../../../Engine/Content/Internationalization/icudt64l/region/dje.res" 1191
"../../../Engine/Content/Internationalization/icudt64l/lang/dsb.res" 1192
"../../../Engine/Content/Internationalization/icudt64l/region/dsb.res" 1193
"../../../Engine/Content/Internationalization/icudt64l/lang/dua.res" 1194
"../../../Engine/Content/Internationalization/icudt64l/region/dua.res" 1195
"../../../Engine/Content/Internationalization/icudt64l/lang/dyo.res" 1196
"../../../Engine/Content/Internationalization/icudt64l/region/dyo.res" 1197
"../../../Engine/Content/Internationalization/icudt64l/lang/dz.res" 1198
"../../../Engine/Content/Internationalization/icudt64l/region/dz.res" 1199
"../../../Engine/Content/Internationalization/icudt64l/lang/ebu.res" 1200
"../../../Engine/Content/Internationalization/icudt64l/region/ebu.res" 1201
"../../../Engine/Content/Internationalization/icudt64l/lang/ee.res" 1202
"../../../Engine/Content/Internationalization/icudt64l/region/ee.res" 1203
"../../../Engine/Content/Internationalization/icudt64l/lang/el.res" 1204
"../../../Engine/Content/Internationalization/icudt64l/region/el.res" 1205
"../../../Engine/Content/Internationalization/icudt64l/lang/en_001.res" 1206
"../../../Engine/Content/Internationalization/icudt64l/lang/en_150.res" 1207
"../../../Engine/Content/Internationalization/icudt64l/region/en_150.res" 1208
"../../../Engine/Content/Internationalization/icudt64l/lang/en_AG.res" 1209
"../../../Engine/Content/Internationalization/icudt64l/region/en_AG.res" 1210
"../../../Engine/Content/Internationalization/icudt64l/lang/en_AI.res" 1211
"../../../Engine/Content/Internationalization/icudt64l/region/en_AI.res" 1212
"../../../Engine/Content/Internationalization/icudt64l/lang/en_AT.res" 1213
"../../../Engine/Content/Internationalization/icudt64l/region/en_AT.res" 1214
"../../../Engine/Content/Internationalization/icudt64l/lang/en_AU.res" 1215
"../../../Engine/Content/Internationalization/icudt64l/region/en_AU.res" 1216
"../../../Engine/Content/Internationalization/icudt64l/lang/en_BB.res" 1217
"../../../Engine/Content/Internationalization/icudt64l/region/en_BB.res" 1218
"../../../Engine/Content/Internationalization/icudt64l/lang/en_BE.res" 1219
"../../../Engine/Content/Internationalization/icudt64l/region/en_BE.res" 1220
"../../../Engine/Content/Internationalization/icudt64l/lang/en_BM.res" 1221
"../../../Engine/Content/Internationalization/icudt64l/region/en_BM.res" 1222
"../../../Engine/Content/Internationalization/icudt64l/lang/en_BS.res" 1223
"../../../Engine/Content/Internationalization/icudt64l/region/en_BS.res" 1224
"../../../Engine/Content/Internationalization/icudt64l/lang/en_BW.res" 1225
"../../../Engine/Content/Internationalization/icudt64l/region/en_BW.res" 1226
"../../../Engine/Content/Internationalization/icudt64l/lang/en_BZ.res" 1227
"../../../Engine/Content/Internationalization/icudt64l/region/en_BZ.res" 1228
"../../../Engine/Content/Internationalization/icudt64l/lang/en_CA.res" 1229
"../../../Engine/Content/Internationalization/icudt64l/region/en_CA.res" 1230
"../../../Engine/Content/Internationalization/icudt64l/lang/en_CC.res" 1231
"../../../Engine/Content/Internationalization/icudt64l/region/en_CC.res" 1232
"../../../Engine/Content/Internationalization/icudt64l/lang/en_CH.res" 1233
"../../../Engine/Content/Internationalization/icudt64l/region/en_CH.res" 1234
"../../../Engine/Content/Internationalization/icudt64l/lang/en_CK.res" 1235
"../../../Engine/Content/Internationalization/icudt64l/region/en_CK.res" 1236
"../../../Engine/Content/Internationalization/icudt64l/lang/en_CM.res" 1237
"../../../Engine/Content/Internationalization/icudt64l/region/en_CM.res" 1238
"../../../Engine/Content/Internationalization/icudt64l/lang/en_CX.res" 1239
"../../../Engine/Content/Internationalization/icudt64l/region/en_CX.res" 1240
"../../../Engine/Content/Internationalization/icudt64l/lang/en_CY.res" 1241
"../../../Engine/Content/Internationalization/icudt64l/region/en_CY.res" 1242
"../../../Engine/Content/Internationalization/icudt64l/lang/en_DE.res" 1243
"../../../Engine/Content/Internationalization/icudt64l/region/en_DE.res" 1244
"../../../Engine/Content/Internationalization/icudt64l/lang/en_DG.res" 1245
"../../../Engine/Content/Internationalization/icudt64l/region/en_DG.res" 1246
"../../../Engine/Content/Internationalization/icudt64l/lang/en_DK.res" 1247
"../../../Engine/Content/Internationalization/icudt64l/region/en_DK.res" 1248
"../../../Engine/Content/Internationalization/icudt64l/lang/en_DM.res" 1249
"../../../Engine/Content/Internationalization/icudt64l/region/en_DM.res" 1250
"../../../Engine/Content/Internationalization/icudt64l/lang/en_ER.res" 1251
"../../../Engine/Content/Internationalization/icudt64l/region/en_ER.res" 1252
"../../../Engine/Content/Internationalization/icudt64l/lang/en_FI.res" 1253
"../../../Engine/Content/Internationalization/icudt64l/region/en_FI.res" 1254
"../../../Engine/Content/Internationalization/icudt64l/lang/en_FJ.res" 1255
"../../../Engine/Content/Internationalization/icudt64l/region/en_FJ.res" 1256
"../../../Engine/Content/Internationalization/icudt64l/lang/en_FK.res" 1257
"../../../Engine/Content/Internationalization/icudt64l/region/en_FK.res" 1258
"../../../Engine/Content/Internationalization/icudt64l/lang/en_FM.res" 1259
"../../../Engine/Content/Internationalization/icudt64l/region/en_FM.res" 1260
"../../../Engine/Content/Internationalization/icudt64l/lang/en_GB.res" 1261
"../../../Engine/Content/Internationalization/icudt64l/region/en_GB.res" 1262
"../../../Engine/Content/Internationalization/icudt64l/lang/en_GD.res" 1263
"../../../Engine/Content/Internationalization/icudt64l/region/en_GD.res" 1264
"../../../Engine/Content/Internationalization/icudt64l/lang/en_GG.res" 1265
"../../../Engine/Content/Internationalization/icudt64l/region/en_GG.res" 1266
"../../../Engine/Content/Internationalization/icudt64l/lang/en_GH.res" 1267
"../../../Engine/Content/Internationalization/icudt64l/region/en_GH.res" 1268
"../../../Engine/Content/Internationalization/icudt64l/lang/en_GI.res" 1269
"../../../Engine/Content/Internationalization/icudt64l/region/en_GI.res" 1270
"../../../Engine/Content/Internationalization/icudt64l/lang/en_GM.res" 1271
"../../../Engine/Content/Internationalization/icudt64l/region/en_GM.res" 1272
"../../../Engine/Content/Internationalization/icudt64l/lang/en_GY.res" 1273
"../../../Engine/Content/Internationalization/icudt64l/region/en_GY.res" 1274
"../../../Engine/Content/Internationalization/icudt64l/lang/en_HK.res" 1275
"../../../Engine/Content/Internationalization/icudt64l/region/en_HK.res" 1276
"../../../Engine/Content/Internationalization/icudt64l/lang/en_IE.res" 1277
"../../../Engine/Content/Internationalization/icudt64l/region/en_IE.res" 1278
"../../../Engine/Content/Internationalization/icudt64l/lang/en_IL.res" 1279
"../../../Engine/Content/Internationalization/icudt64l/region/en_IL.res" 1280
"../../../Engine/Content/Internationalization/icudt64l/lang/en_IM.res" 1281
"../../../Engine/Content/Internationalization/icudt64l/region/en_IM.res" 1282
"../../../Engine/Content/Internationalization/icudt64l/lang/en_IN.res" 1283
"../../../Engine/Content/Internationalization/icudt64l/region/en_IN.res" 1284
"../../../Engine/Content/Internationalization/icudt64l/lang/en_IO.res" 1285
"../../../Engine/Content/Internationalization/icudt64l/region/en_IO.res" 1286
"../../../Engine/Content/Internationalization/icudt64l/lang/en_JE.res" 1287
"../../../Engine/Content/Internationalization/icudt64l/region/en_JE.res" 1288
"../../../Engine/Content/Internationalization/icudt64l/lang/en_JM.res" 1289
"../../../Engine/Content/Internationalization/icudt64l/region/en_JM.res" 1290
"../../../Engine/Content/Internationalization/icudt64l/lang/en_KE.res" 1291
"../../../Engine/Content/Internationalization/icudt64l/region/en_KE.res" 1292
"../../../Engine/Content/Internationalization/icudt64l/lang/en_KI.res" 1293
"../../../Engine/Content/Internationalization/icudt64l/region/en_KI.res" 1294
"../../../Engine/Content/Internationalization/icudt64l/lang/en_KN.res" 1295
"../../../Engine/Content/Internationalization/icudt64l/region/en_KN.res" 1296
"../../../Engine/Content/Internationalization/icudt64l/lang/en_KY.res" 1297
"../../../Engine/Content/Internationalization/icudt64l/region/en_KY.res" 1298
"../../../Engine/Content/Internationalization/icudt64l/lang/en_LC.res" 1299
"../../../Engine/Content/Internationalization/icudt64l/region/en_LC.res" 1300
"../../../Engine/Content/Internationalization/icudt64l/lang/en_LR.res" 1301
"../../../Engine/Content/Internationalization/icudt64l/region/en_LR.res" 1302
"../../../Engine/Content/Internationalization/icudt64l/lang/en_LS.res" 1303
"../../../Engine/Content/Internationalization/icudt64l/region/en_LS.res" 1304
"../../../Engine/Content/Internationalization/icudt64l/lang/en_MG.res" 1305
"../../../Engine/Content/Internationalization/icudt64l/region/en_MG.res" 1306
"../../../Engine/Content/Internationalization/icudt64l/lang/en_MO.res" 1307
"../../../Engine/Content/Internationalization/icudt64l/region/en_MO.res" 1308
"../../../Engine/Content/Internationalization/icudt64l/lang/en_MS.res" 1309
"../../../Engine/Content/Internationalization/icudt64l/region/en_MS.res" 1310
"../../../Engine/Content/Internationalization/icudt64l/lang/en_MT.res" 1311
"../../../Engine/Content/Internationalization/icudt64l/region/en_MT.res" 1312
"../../../Engine/Content/Internationalization/icudt64l/lang/en_MU.res" 1313
"../../../Engine/Content/Internationalization/icudt64l/region/en_MU.res" 1314
"../../../Engine/Content/Internationalization/icudt64l/lang/en_MW.res" 1315
"../../../Engine/Content/Internationalization/icudt64l/region/en_MW.res" 1316
"../../../Engine/Content/Internationalization/icudt64l/lang/en_MY.res" 1317
"../../../Engine/Content/Internationalization/icudt64l/region/en_MY.res" 1318
"../../../Engine/Content/Internationalization/icudt64l/lang/en_NA.res" 1319
"../../../Engine/Content/Internationalization/icudt64l/region/en_NA.res" 1320
"../../../Engine/Content/Internationalization/icudt64l/lang/en_NF.res" 1321
"../../../Engine/Content/Internationalization/icudt64l/region/en_NF.res" 1322
"../../../Engine/Content/Internationalization/icudt64l/lang/en_NG.res" 1323
"../../../Engine/Content/Internationalization/icudt64l/region/en_NG.res" 1324
"../../../Engine/Content/Internationalization/icudt64l/lang/en_NL.res" 1325
"../../../Engine/Content/Internationalization/icudt64l/region/en_NL.res" 1326
"../../../Engine/Content/Internationalization/icudt64l/lang/en_NR.res" 1327
"../../../Engine/Content/Internationalization/icudt64l/region/en_NR.res" 1328
"../../../Engine/Content/Internationalization/icudt64l/lang/en_NU.res" 1329
"../../../Engine/Content/Internationalization/icudt64l/region/en_NU.res" 1330
"../../../Engine/Content/Internationalization/icudt64l/lang/en_NZ.res" 1331
"../../../Engine/Content/Internationalization/icudt64l/region/en_NZ.res" 1332
"../../../Engine/Content/Internationalization/icudt64l/lang/en_PG.res" 1333
"../../../Engine/Content/Internationalization/icudt64l/region/en_PG.res" 1334
"../../../Engine/Content/Internationalization/icudt64l/lang/en_PH.res" 1335
"../../../Engine/Content/Internationalization/icudt64l/region/en_PH.res" 1336
"../../../Engine/Content/Internationalization/icudt64l/lang/en_PK.res" 1337
"../../../Engine/Content/Internationalization/icudt64l/region/en_PK.res" 1338
"../../../Engine/Content/Internationalization/icudt64l/lang/en_PN.res" 1339
"../../../Engine/Content/Internationalization/icudt64l/region/en_PN.res" 1340
"../../../Engine/Content/Internationalization/icudt64l/lang/en_PW.res" 1341
"../../../Engine/Content/Internationalization/icudt64l/region/en_PW.res" 1342
"../../../Engine/Content/Internationalization/icudt64l/lang/en_RW.res" 1343
"../../../Engine/Content/Internationalization/icudt64l/region/en_RW.res" 1344
"../../../Engine/Content/Internationalization/icudt64l/lang/en_SB.res" 1345
"../../../Engine/Content/Internationalization/icudt64l/region/en_SB.res" 1346
"../../../Engine/Content/Internationalization/icudt64l/lang/en_SC.res" 1347
"../../../Engine/Content/Internationalization/icudt64l/region/en_SC.res" 1348
"../../../Engine/Content/Internationalization/icudt64l/lang/en_SD.res" 1349
"../../../Engine/Content/Internationalization/icudt64l/region/en_SD.res" 1350
"../../../Engine/Content/Internationalization/icudt64l/lang/en_SE.res" 1351
"../../../Engine/Content/Internationalization/icudt64l/region/en_SE.res" 1352
"../../../Engine/Content/Internationalization/icudt64l/lang/en_SG.res" 1353
"../../../Engine/Content/Internationalization/icudt64l/region/en_SG.res" 1354
"../../../Engine/Content/Internationalization/icudt64l/lang/en_SH.res" 1355
"../../../Engine/Content/Internationalization/icudt64l/region/en_SH.res" 1356
"../../../Engine/Content/Internationalization/icudt64l/lang/en_SI.res" 1357
"../../../Engine/Content/Internationalization/icudt64l/region/en_SI.res" 1358
"../../../Engine/Content/Internationalization/icudt64l/lang/en_SL.res" 1359
"../../../Engine/Content/Internationalization/icudt64l/region/en_SL.res" 1360
"../../../Engine/Content/Internationalization/icudt64l/lang/en_SS.res" 1361
"../../../Engine/Content/Internationalization/icudt64l/region/en_SS.res" 1362
"../../../Engine/Content/Internationalization/icudt64l/lang/en_SX.res" 1363
"../../../Engine/Content/Internationalization/icudt64l/region/en_SX.res" 1364
"../../../Engine/Content/Internationalization/icudt64l/lang/en_SZ.res" 1365
"../../../Engine/Content/Internationalization/icudt64l/region/en_SZ.res" 1366
"../../../Engine/Content/Internationalization/icudt64l/lang/en_TC.res" 1367
"../../../Engine/Content/Internationalization/icudt64l/region/en_TC.res" 1368
"../../../Engine/Content/Internationalization/icudt64l/lang/en_TK.res" 1369
"../../../Engine/Content/Internationalization/icudt64l/region/en_TK.res" 1370
"../../../Engine/Content/Internationalization/icudt64l/lang/en_TO.res" 1371
"../../../Engine/Content/Internationalization/icudt64l/region/en_TO.res" 1372
"../../../Engine/Content/Internationalization/icudt64l/lang/en_TT.res" 1373
"../../../Engine/Content/Internationalization/icudt64l/region/en_TT.res" 1374
"../../../Engine/Content/Internationalization/icudt64l/lang/en_TV.res" 1375
"../../../Engine/Content/Internationalization/icudt64l/region/en_TV.res" 1376
"../../../Engine/Content/Internationalization/icudt64l/lang/en_TZ.res" 1377
"../../../Engine/Content/Internationalization/icudt64l/region/en_TZ.res" 1378
"../../../Engine/Content/Internationalization/icudt64l/lang/en_UG.res" 1379
"../../../Engine/Content/Internationalization/icudt64l/region/en_UG.res" 1380
"../../../Engine/Content/Internationalization/icudt64l/lang/en_VC.res" 1381
"../../../Engine/Content/Internationalization/icudt64l/region/en_VC.res" 1382
"../../../Engine/Content/Internationalization/icudt64l/lang/en_VG.res" 1383
"../../../Engine/Content/Internationalization/icudt64l/region/en_VG.res" 1384
"../../../Engine/Content/Internationalization/icudt64l/lang/en_VU.res" 1385
"../../../Engine/Content/Internationalization/icudt64l/region/en_VU.res" 1386
"../../../Engine/Content/Internationalization/icudt64l/lang/en_WS.res" 1387
"../../../Engine/Content/Internationalization/icudt64l/region/en_WS.res" 1388
"../../../Engine/Content/Internationalization/icudt64l/lang/en_ZA.res" 1389
"../../../Engine/Content/Internationalization/icudt64l/region/en_ZA.res" 1390
"../../../Engine/Content/Internationalization/icudt64l/lang/en_ZM.res" 1391
"../../../Engine/Content/Internationalization/icudt64l/region/en_ZM.res" 1392
"../../../Engine/Content/Internationalization/icudt64l/lang/en_ZW.res" 1393
"../../../Engine/Content/Internationalization/icudt64l/region/en_ZW.res" 1394
"../../../Engine/Content/Internationalization/icudt64l/lang/eo.res" 1395
"../../../Engine/Content/Internationalization/icudt64l/region/eo.res" 1396
"../../../Engine/Content/Internationalization/icudt64l/lang/es.res" 1397
"../../../Engine/Content/Internationalization/icudt64l/lang/es_419.res" 1398
"../../../Engine/Content/Internationalization/icudt64l/region/es_419.res" 1399
"../../../Engine/Content/Internationalization/icudt64l/region/es.res" 1400
"../../../Engine/Content/Internationalization/icudt64l/lang/es_AR.res" 1401
"../../../Engine/Content/Internationalization/icudt64l/region/es_AR.res" 1402
"../../../Engine/Content/Internationalization/icudt64l/lang/es_BO.res" 1403
"../../../Engine/Content/Internationalization/icudt64l/region/es_BO.res" 1404
"../../../Engine/Content/Internationalization/icudt64l/lang/es_BR.res" 1405
"../../../Engine/Content/Internationalization/icudt64l/region/es_BR.res" 1406
"../../../Engine/Content/Internationalization/icudt64l/lang/es_BZ.res" 1407
"../../../Engine/Content/Internationalization/icudt64l/region/es_BZ.res" 1408
"../../../Engine/Content/Internationalization/icudt64l/lang/es_CL.res" 1409
"../../../Engine/Content/Internationalization/icudt64l/region/es_CL.res" 1410
"../../../Engine/Content/Internationalization/icudt64l/lang/es_CO.res" 1411
"../../../Engine/Content/Internationalization/icudt64l/region/es_CO.res" 1412
"../../../Engine/Content/Internationalization/icudt64l/lang/es_CR.res" 1413
"../../../Engine/Content/Internationalization/icudt64l/region/es_CR.res" 1414
"../../../Engine/Content/Internationalization/icudt64l/lang/es_CU.res" 1415
"../../../Engine/Content/Internationalization/icudt64l/region/es_CU.res" 1416
"../../../Engine/Content/Internationalization/icudt64l/lang/es_DO.res" 1417
"../../../Engine/Content/Internationalization/icudt64l/region/es_DO.res" 1418
"../../../Engine/Content/Internationalization/icudt64l/lang/es_EC.res" 1419
"../../../Engine/Content/Internationalization/icudt64l/region/es_EC.res" 1420
"../../../Engine/Content/Internationalization/icudt64l/lang/es_GT.res" 1421
"../../../Engine/Content/Internationalization/icudt64l/region/es_GT.res" 1422
"../../../Engine/Content/Internationalization/icudt64l/lang/es_HN.res" 1423
"../../../Engine/Content/Internationalization/icudt64l/region/es_HN.res" 1424
"../../../Engine/Content/Internationalization/icudt64l/lang/es_MX.res" 1425
"../../../Engine/Content/Internationalization/icudt64l/region/es_MX.res" 1426
"../../../Engine/Content/Internationalization/icudt64l/lang/es_NI.res" 1427
"../../../Engine/Content/Internationalization/icudt64l/region/es_NI.res" 1428
"../../../Engine/Content/Internationalization/icudt64l/lang/es_PA.res" 1429
"../../../Engine/Content/Internationalization/icudt64l/region/es_PA.res" 1430
"../../../Engine/Content/Internationalization/icudt64l/lang/es_PE.res" 1431
"../../../Engine/Content/Internationalization/icudt64l/region/es_PE.res" 1432
"../../../Engine/Content/Internationalization/icudt64l/lang/es_PR.res" 1433
"../../../Engine/Content/Internationalization/icudt64l/region/es_PR.res" 1434
"../../../Engine/Content/Internationalization/icudt64l/lang/es_PY.res" 1435
"../../../Engine/Content/Internationalization/icudt64l/region/es_PY.res" 1436
"../../../Engine/Content/Internationalization/icudt64l/lang/es_SV.res" 1437
"../../../Engine/Content/Internationalization/icudt64l/region/es_SV.res" 1438
"../../../Engine/Content/Internationalization/icudt64l/lang/es_US.res" 1439
"../../../Engine/Content/Internationalization/icudt64l/region/es_US.res" 1440
"../../../Engine/Content/Internationalization/icudt64l/lang/es_UY.res" 1441
"../../../Engine/Content/Internationalization/icudt64l/region/es_UY.res" 1442
"../../../Engine/Content/Internationalization/icudt64l/lang/es_VE.res" 1443
"../../../Engine/Content/Internationalization/icudt64l/region/es_VE.res" 1444
"../../../Engine/Content/Internationalization/icudt64l/lang/et.res" 1445
"../../../Engine/Content/Internationalization/icudt64l/region/et.res" 1446
"../../../Engine/Content/Internationalization/icudt64l/lang/eu.res" 1447
"../../../Engine/Content/Internationalization/icudt64l/region/eu.res" 1448
"../../../Engine/Content/Internationalization/icudt64l/lang/ewo.res" 1449
"../../../Engine/Content/Internationalization/icudt64l/region/ewo.res" 1450
"../../../Engine/Content/Internationalization/icudt64l/lang/fa.res" 1451
"../../../Engine/Content/Internationalization/icudt64l/lang/fa_AF.res" 1452
"../../../Engine/Content/Internationalization/icudt64l/region/fa_AF.res" 1453
"../../../Engine/Content/Internationalization/icudt64l/region/fa.res" 1454
"../../../Engine/Content/Internationalization/icudt64l/lang/ff.res" 1455
"../../../Engine/Content/Internationalization/icudt64l/lang/ff_Latn.res" 1456
"../../../Engine/Content/Internationalization/icudt64l/region/ff.res" 1457
"../../../Engine/Content/Internationalization/icudt64l/region/ff_Latn.res" 1458
"../../../Engine/Content/Internationalization/icudt64l/lang/ff_CM.res" 1459
"../../../Engine/Content/Internationalization/icudt64l/lang/ff_Latn_CM.res" 1460
"../../../Engine/Content/Internationalization/icudt64l/region/ff_CM.res" 1461
"../../../Engine/Content/Internationalization/icudt64l/region/ff_Latn_CM.res" 1462
"../../../Engine/Content/Internationalization/icudt64l/lang/ff_GN.res" 1463
"../../../Engine/Content/Internationalization/icudt64l/lang/ff_Latn_GN.res" 1464
"../../../Engine/Content/Internationalization/icudt64l/region/ff_GN.res" 1465
"../../../Engine/Content/Internationalization/icudt64l/region/ff_Latn_GN.res" 1466
"../../../Engine/Content/Internationalization/icudt64l/lang/ff_MR.res" 1467
"../../../Engine/Content/Internationalization/icudt64l/lang/ff_Latn_MR.res" 1468
"../../../Engine/Content/Internationalization/icudt64l/region/ff_MR.res" 1469
"../../../Engine/Content/Internationalization/icudt64l/region/ff_Latn_MR.res" 1470
"../../../Engine/Content/Internationalization/icudt64l/lang/ff_SN.res" 1471
"../../../Engine/Content/Internationalization/icudt64l/lang/ff_Latn_SN.res" 1472
"../../../Engine/Content/Internationalization/icudt64l/region/ff_SN.res" 1473
"../../../Engine/Content/Internationalization/icudt64l/region/ff_Latn_SN.res" 1474
"../../../Engine/Content/Internationalization/icudt64l/lang/fi.res" 1475
"../../../Engine/Content/Internationalization/icudt64l/region/fi.res" 1476
"../../../Engine/Content/Internationalization/icudt64l/lang/fil.res" 1477
"../../../Engine/Content/Internationalization/icudt64l/lang/fil_PH.res" 1478
"../../../Engine/Content/Internationalization/icudt64l/region/fil_PH.res" 1479
"../../../Engine/Content/Internationalization/icudt64l/region/fil.res" 1480
"../../../Engine/Content/Internationalization/icudt64l/lang/fo.res" 1481
"../../../Engine/Content/Internationalization/icudt64l/region/fo.res" 1482
"../../../Engine/Content/Internationalization/icudt64l/lang/fr.res" 1483
"../../../Engine/Content/Internationalization/icudt64l/lang/fr_BE.res" 1484
"../../../Engine/Content/Internationalization/icudt64l/region/fr_BE.res" 1485
"../../../Engine/Content/Internationalization/icudt64l/region/fr.res" 1486
"../../../Engine/Content/Internationalization/icudt64l/lang/fr_CA.res" 1487
"../../../Engine/Content/Internationalization/icudt64l/region/fr_CA.res" 1488
"../../../Engine/Content/Internationalization/icudt64l/lang/fr_CH.res" 1489
"../../../Engine/Content/Internationalization/icudt64l/lang/fur.res" 1490
"../../../Engine/Content/Internationalization/icudt64l/region/fur.res" 1491
"../../../Engine/Content/Internationalization/icudt64l/lang/fy.res" 1492
"../../../Engine/Content/Internationalization/icudt64l/region/fy.res" 1493
"../../../Engine/Content/Internationalization/icudt64l/lang/ga.res" 1494
"../../../Engine/Content/Internationalization/icudt64l/region/ga.res" 1495
"../../../Engine/Content/Internationalization/icudt64l/lang/gd.res" 1496
"../../../Engine/Content/Internationalization/icudt64l/region/gd.res" 1497
"../../../Engine/Content/Internationalization/icudt64l/lang/gl.res" 1498
"../../../Engine/Content/Internationalization/icudt64l/region/gl.res" 1499
"../../../Engine/Content/Internationalization/icudt64l/lang/gsw.res" 1500
"../../../Engine/Content/Internationalization/icudt64l/region/gsw.res" 1501
"../../../Engine/Content/Internationalization/icudt64l/lang/gu.res" 1502
"../../../Engine/Content/Internationalization/icudt64l/region/gu.res" 1503
"../../../Engine/Content/Internationalization/icudt64l/lang/guz.res" 1504
"../../../Engine/Content/Internationalization/icudt64l/region/guz.res" 1505
"../../../Engine/Content/Internationalization/icudt64l/lang/gv.res" 1506
"../../../Engine/Content/Internationalization/icudt64l/region/gv.res" 1507
"../../../Engine/Content/Internationalization/icudt64l/lang/ha.res" 1508
"../../../Engine/Content/Internationalization/icudt64l/region/ha.res" 1509
"../../../Engine/Content/Internationalization/icudt64l/lang/ha_NE.res" 1510
"../../../Engine/Content/Internationalization/icudt64l/region/ha_NE.res" 1511
"../../../Engine/Content/Internationalization/icudt64l/lang/haw.res" 1512
"../../../Engine/Content/Internationalization/icudt64l/region/haw.res" 1513
"../../../Engine/Content/Internationalization/icudt64l/lang/he.res" 1514
"../../../Engine/Content/Internationalization/icudt64l/lang/he_IL.res" 1515
"../../../Engine/Content/Internationalization/icudt64l/region/he_IL.res" 1516
"../../../Engine/Content/Internationalization/icudt64l/region/he.res" 1517
"../../../Engine/Content/Internationalization/icudt64l/lang/hi.res" 1518
"../../../Engine/Content/Internationalization/icudt64l/region/hi.res" 1519
"../../../Engine/Content/Internationalization/icudt64l/lang/hr.res" 1520
"../../../Engine/Content/Internationalization/icudt64l/region/hr.res" 1521
"../../../Engine/Content/Internationalization/icudt64l/lang/hsb.res" 1522
"../../../Engine/Content/Internationalization/icudt64l/region/hsb.res" 1523
"../../../Engine/Content/Internationalization/icudt64l/lang/hu.res" 1524
"../../../Engine/Content/Internationalization/icudt64l/region/hu.res" 1525
"../../../Engine/Content/Internationalization/icudt64l/lang/hy.res" 1526
"../../../Engine/Content/Internationalization/icudt64l/region/hy.res" 1527
"../../../Engine/Content/Internationalization/icudt64l/lang/ia.res" 1528
"../../../Engine/Content/Internationalization/icudt64l/region/ia.res" 1529
"../../../Engine/Content/Internationalization/icudt64l/lang/id.res" 1530
"../../../Engine/Content/Internationalization/icudt64l/lang/id_ID.res" 1531
"../../../Engine/Content/Internationalization/icudt64l/region/id_ID.res" 1532
"../../../Engine/Content/Internationalization/icudt64l/region/id.res" 1533
"../../../Engine/Content/Internationalization/icudt64l/lang/ig.res" 1534
"../../../Engine/Content/Internationalization/icudt64l/region/ig.res" 1535
"../../../Engine/Content/Internationalization/icudt64l/lang/ii.res" 1536
"../../../Engine/Content/Internationalization/icudt64l/region/ii.res" 1537
"../../../Engine/Content/Internationalization/icudt64l/lang/is.res" 1538
"../../../Engine/Content/Internationalization/icudt64l/region/is.res" 1539
"../../../Engine/Content/Internationalization/icudt64l/lang/it.res" 1540
"../../../Engine/Content/Internationalization/icudt64l/region/it.res" 1541
"../../../Engine/Content/Internationalization/icudt64l/lang/jgo.res" 1542
"../../../Engine/Content/Internationalization/icudt64l/region/jgo.res" 1543
"../../../Engine/Content/Internationalization/icudt64l/lang/jmc.res" 1544
"../../../Engine/Content/Internationalization/icudt64l/region/jmc.res" 1545
"../../../Engine/Content/Internationalization/icudt64l/lang/jv.res" 1546
"../../../Engine/Content/Internationalization/icudt64l/region/jv.res" 1547
"../../../Engine/Content/Internationalization/icudt64l/lang/ka.res" 1548
"../../../Engine/Content/Internationalization/icudt64l/region/ka.res" 1549
"../../../Engine/Content/Internationalization/icudt64l/lang/kab.res" 1550
"../../../Engine/Content/Internationalization/icudt64l/region/kab.res" 1551
"../../../Engine/Content/Internationalization/icudt64l/lang/kam.res" 1552
"../../../Engine/Content/Internationalization/icudt64l/region/kam.res" 1553
"../../../Engine/Content/Internationalization/icudt64l/lang/kde.res" 1554
"../../../Engine/Content/Internationalization/icudt64l/region/kde.res" 1555
"../../../Engine/Content/Internationalization/icudt64l/lang/kea.res" 1556
"../../../Engine/Content/Internationalization/icudt64l/region/kea.res" 1557
"../../../Engine/Content/Internationalization/icudt64l/lang/khq.res" 1558
"../../../Engine/Content/Internationalization/icudt64l/region/khq.res" 1559
"../../../Engine/Content/Internationalization/icudt64l/lang/ki.res" 1560
"../../../Engine/Content/Internationalization/icudt64l/region/ki.res" 1561
"../../../Engine/Content/Internationalization/icudt64l/lang/kk.res" 1562
"../../../Engine/Content/Internationalization/icudt64l/region/kk.res" 1563
"../../../Engine/Content/Internationalization/icudt64l/lang/kkj.res" 1564
"../../../Engine/Content/Internationalization/icudt64l/region/kkj.res" 1565
"../../../Engine/Content/Internationalization/icudt64l/lang/kl.res" 1566
"../../../Engine/Content/Internationalization/icudt64l/region/kl.res" 1567
"../../../Engine/Content/Internationalization/icudt64l/lang/kln.res" 1568
"../../../Engine/Content/Internationalization/icudt64l/region/kln.res" 1569
"../../../Engine/Content/Internationalization/icudt64l/lang/km.res" 1570
"../../../Engine/Content/Internationalization/icudt64l/region/km.res" 1571
"../../../Engine/Content/Internationalization/icudt64l/lang/kn.res" 1572
"../../../Engine/Content/Internationalization/icudt64l/region/kn.res" 1573
"../../../Engine/Content/Internationalization/icudt64l/lang/ko.res" 1574
"../../../Engine/Content/Internationalization/icudt64l/region/ko_KP.res" 1575
"../../../Engine/Content/Internationalization/icudt64l/region/ko.res" 1576
"../../../Engine/Content/Internationalization/icudt64l/lang/kok.res" 1577
"../../../Engine/Content/Internationalization/icudt64l/region/kok.res" 1578
"../../../Engine/Content/Internationalization/icudt64l/lang/ks.res" 1579
"../../../Engine/Content/Internationalization/icudt64l/region/ks.res" 1580
"../../../Engine/Content/Internationalization/icudt64l/lang/ksb.res" 1581
"../../../Engine/Content/Internationalization/icudt64l/region/ksb.res" 1582
"../../../Engine/Content/Internationalization/icudt64l/lang/ksf.res" 1583
"../../../Engine/Content/Internationalization/icudt64l/region/ksf.res" 1584
"../../../Engine/Content/Internationalization/icudt64l/lang/ksh.res" 1585
"../../../Engine/Content/Internationalization/icudt64l/region/ksh.res" 1586
"../../../Engine/Content/Internationalization/icudt64l/lang/ku.res" 1587
"../../../Engine/Content/Internationalization/icudt64l/region/ku.res" 1588
"../../../Engine/Content/Internationalization/icudt64l/lang/kw.res" 1589
"../../../Engine/Content/Internationalization/icudt64l/region/kw.res" 1590
"../../../Engine/Content/Internationalization/icudt64l/lang/ky.res" 1591
"../../../Engine/Content/Internationalization/icudt64l/region/ky.res" 1592
"../../../Engine/Content/Internationalization/icudt64l/lang/lag.res" 1593
"../../../Engine/Content/Internationalization/icudt64l/region/lag.res" 1594
"../../../Engine/Content/Internationalization/icudt64l/lang/lb.res" 1595
"../../../Engine/Content/Internationalization/icudt64l/region/lb.res" 1596
"../../../Engine/Content/Internationalization/icudt64l/lang/lg.res" 1597
"../../../Engine/Content/Internationalization/icudt64l/region/lg.res" 1598
"../../../Engine/Content/Internationalization/icudt64l/lang/lkt.res" 1599
"../../../Engine/Content/Internationalization/icudt64l/region/lkt.res" 1600
"../../../Engine/Content/Internationalization/icudt64l/lang/ln.res" 1601
"../../../Engine/Content/Internationalization/icudt64l/region/ln.res" 1602
"../../../Engine/Content/Internationalization/icudt64l/lang/lo.res" 1603
"../../../Engine/Content/Internationalization/icudt64l/region/lo.res" 1604
"../../../Engine/Content/Internationalization/icudt64l/lang/lrc.res" 1605
"../../../Engine/Content/Internationalization/icudt64l/region/lrc.res" 1606
"../../../Engine/Content/Internationalization/icudt64l/lang/lt.res" 1607
"../../../Engine/Content/Internationalization/icudt64l/region/lt.res" 1608
"../../../Engine/Content/Internationalization/icudt64l/lang/lu.res" 1609
"../../../Engine/Content/Internationalization/icudt64l/region/lu.res" 1610
"../../../Engine/Content/Internationalization/icudt64l/lang/luo.res" 1611
"../../../Engine/Content/Internationalization/icudt64l/region/luo.res" 1612
"../../../Engine/Content/Internationalization/icudt64l/lang/luy.res" 1613
"../../../Engine/Content/Internationalization/icudt64l/region/luy.res" 1614
"../../../Engine/Content/Internationalization/icudt64l/lang/lv.res" 1615
"../../../Engine/Content/Internationalization/icudt64l/region/lv.res" 1616
"../../../Engine/Content/Internationalization/icudt64l/lang/mas.res" 1617
"../../../Engine/Content/Internationalization/icudt64l/region/mas.res" 1618
"../../../Engine/Content/Internationalization/icudt64l/lang/mer.res" 1619
"../../../Engine/Content/Internationalization/icudt64l/region/mer.res" 1620
"../../../Engine/Content/Internationalization/icudt64l/lang/mfe.res" 1621
"../../../Engine/Content/Internationalization/icudt64l/region/mfe.res" 1622
"../../../Engine/Content/Internationalization/icudt64l/lang/mg.res" 1623
"../../../Engine/Content/Internationalization/icudt64l/region/mg.res" 1624
"../../../Engine/Content/Internationalization/icudt64l/lang/mgh.res" 1625
"../../../Engine/Content/Internationalization/icudt64l/region/mgh.res" 1626
"../../../Engine/Content/Internationalization/icudt64l/lang/mgo.res" 1627
"../../../Engine/Content/Internationalization/icudt64l/region/mgo.res" 1628
"../../../Engine/Content/Internationalization/icudt64l/lang/mi.res" 1629
"../../../Engine/Content/Internationalization/icudt64l/region/mi.res" 1630
"../../../Engine/Content/Internationalization/icudt64l/lang/mk.res" 1631
"../../../Engine/Content/Internationalization/icudt64l/region/mk.res" 1632
"../../../Engine/Content/Internationalization/icudt64l/lang/ml.res" 1633
"../../../Engine/Content/Internationalization/icudt64l/region/ml.res" 1634
"../../../Engine/Content/Internationalization/icudt64l/lang/mn.res" 1635
"../../../Engine/Content/Internationalization/icudt64l/region/mn.res" 1636
"../../../Engine/Content/Internationalization/icudt64l/lang/mr.res" 1637
"../../../Engine/Content/Internationalization/icudt64l/region/mr.res" 1638
"../../../Engine/Content/Internationalization/icudt64l/lang/ms.res" 1639
"../../../Engine/Content/Internationalization/icudt64l/region/ms.res" 1640
"../../../Engine/Content/Internationalization/icudt64l/lang/mt.res" 1641
"../../../Engine/Content/Internationalization/icudt64l/region/mt.res" 1642
"../../../Engine/Content/Internationalization/icudt64l/lang/mua.res" 1643
"../../../Engine/Content/Internationalization/icudt64l/region/mua.res" 1644
"../../../Engine/Content/Internationalization/icudt64l/lang/my.res" 1645
"../../../Engine/Content/Internationalization/icudt64l/region/my.res" 1646
"../../../Engine/Content/Internationalization/icudt64l/lang/mzn.res" 1647
"../../../Engine/Content/Internationalization/icudt64l/region/mzn.res" 1648
"../../../Engine/Content/Internationalization/icudt64l/lang/naq.res" 1649
"../../../Engine/Content/Internationalization/icudt64l/region/naq.res" 1650
"../../../Engine/Content/Internationalization/icudt64l/lang/nb.res" 1651
"../../../Engine/Content/Internationalization/icudt64l/lang/nb_NO.res" 1652
"../../../Engine/Content/Internationalization/icudt64l/region/nb_NO.res" 1653
"../../../Engine/Content/Internationalization/icudt64l/region/nb.res" 1654
"../../../Engine/Content/Internationalization/icudt64l/lang/nd.res" 1655
"../../../Engine/Content/Internationalization/icudt64l/region/nd.res" 1656
"../../../Engine/Content/Internationalization/icudt64l/lang/nds.res" 1657
"../../../Engine/Content/Internationalization/icudt64l/region/nds.res" 1658
"../../../Engine/Content/Internationalization/icudt64l/lang/ne.res" 1659
"../../../Engine/Content/Internationalization/icudt64l/region/ne.res" 1660
"../../../Engine/Content/Internationalization/icudt64l/lang/nl.res" 1661
"../../../Engine/Content/Internationalization/icudt64l/region/nl.res" 1662
"../../../Engine/Content/Internationalization/icudt64l/lang/nmg.res" 1663
"../../../Engine/Content/Internationalization/icudt64l/region/nmg.res" 1664
"../../../Engine/Content/Internationalization/icudt64l/lang/nn.res" 1665
"../../../Engine/Content/Internationalization/icudt64l/lang/nn_NO.res" 1666
"../../../Engine/Content/Internationalization/icudt64l/region/nn_NO.res" 1667
"../../../Engine/Content/Internationalization/icudt64l/region/nn.res" 1668
"../../../Engine/Content/Internationalization/icudt64l/lang/nnh.res" 1669
"../../../Engine/Content/Internationalization/icudt64l/region/nnh.res" 1670
"../../../Engine/Content/Internationalization/icudt64l/lang/nus.res" 1671
"../../../Engine/Content/Internationalization/icudt64l/region/nus.res" 1672
"../../../Engine/Content/Internationalization/icudt64l/lang/nyn.res" 1673
"../../../Engine/Content/Internationalization/icudt64l/region/nyn.res" 1674
"../../../Engine/Content/Internationalization/icudt64l/lang/om.res" 1675
"../../../Engine/Content/Internationalization/icudt64l/region/om.res" 1676
"../../../Engine/Content/Internationalization/icudt64l/lang/or.res" 1677
"../../../Engine/Content/Internationalization/icudt64l/region/or.res" 1678
"../../../Engine/Content/Internationalization/icudt64l/lang/os.res" 1679
"../../../Engine/Content/Internationalization/icudt64l/region/os.res" 1680
"../../../Engine/Content/Internationalization/icudt64l/lang/pa.res" 1681
"../../../Engine/Content/Internationalization/icudt64l/lang/pa_Arab.res" 1682
"../../../Engine/Content/Internationalization/icudt64l/lang/pa_PK.res" 1683
"../../../Engine/Content/Internationalization/icudt64l/lang/pa_Arab_PK.res" 1684
"../../../Engine/Content/Internationalization/icudt64l/region/pa_PK.res" 1685
"../../../Engine/Content/Internationalization/icudt64l/region/pa_Arab_PK.res" 1686
"../../../Engine/Content/Internationalization/icudt64l/region/pa_Arab.res" 1687
"../../../Engine/Content/Internationalization/icudt64l/lang/pa_Guru.res" 1688
"../../../Engine/Content/Internationalization/icudt64l/lang/pa_IN.res" 1689
"../../../Engine/Content/Internationalization/icudt64l/lang/pa_Guru_IN.res" 1690
"../../../Engine/Content/Internationalization/icudt64l/region/pa_IN.res" 1691
"../../../Engine/Content/Internationalization/icudt64l/region/pa_Guru_IN.res" 1692
"../../../Engine/Content/Internationalization/icudt64l/region/pa_Guru.res" 1693
"../../../Engine/Content/Internationalization/icudt64l/region/pa.res" 1694
"../../../Engine/Content/Internationalization/icudt64l/lang/pl.res" 1695
"../../../Engine/Content/Internationalization/icudt64l/region/pl.res" 1696
"../../../Engine/Content/Internationalization/icudt64l/lang/ps.res" 1697
"../../../Engine/Content/Internationalization/icudt64l/region/ps.res" 1698
"../../../Engine/Content/Internationalization/icudt64l/lang/ps_PK.res" 1699
"../../../Engine/Content/Internationalization/icudt64l/region/ps_PK.res" 1700
"../../../Engine/Content/Internationalization/icudt64l/lang/pt.res" 1701
"../../../Engine/Content/Internationalization/icudt64l/lang/pt_AO.res" 1702
"../../../Engine/Content/Internationalization/icudt64l/lang/pt_PT.res" 1703
"../../../Engine/Content/Internationalization/icudt64l/region/pt_AO.res" 1704
"../../../Engine/Content/Internationalization/icudt64l/region/pt_PT.res" 1705
"../../../Engine/Content/Internationalization/icudt64l/region/pt.res" 1706
"../../../Engine/Content/Internationalization/icudt64l/lang/pt_CH.res" 1707
"../../../Engine/Content/Internationalization/icudt64l/region/pt_CH.res" 1708
"../../../Engine/Content/Internationalization/icudt64l/lang/pt_CV.res" 1709
"../../../Engine/Content/Internationalization/icudt64l/region/pt_CV.res" 1710
"../../../Engine/Content/Internationalization/icudt64l/lang/pt_GQ.res" 1711
"../../../Engine/Content/Internationalization/icudt64l/region/pt_GQ.res" 1712
"../../../Engine/Content/Internationalization/icudt64l/lang/pt_GW.res" 1713
"../../../Engine/Content/Internationalization/icudt64l/region/pt_GW.res" 1714
"../../../Engine/Content/Internationalization/icudt64l/lang/pt_LU.res" 1715
"../../../Engine/Content/Internationalization/icudt64l/region/pt_LU.res" 1716
"../../../Engine/Content/Internationalization/icudt64l/lang/pt_MO.res" 1717
"../../../Engine/Content/Internationalization/icudt64l/region/pt_MO.res" 1718
"../../../Engine/Content/Internationalization/icudt64l/lang/pt_MZ.res" 1719
"../../../Engine/Content/Internationalization/icudt64l/region/pt_MZ.res" 1720
"../../../Engine/Content/Internationalization/icudt64l/lang/pt_ST.res" 1721
"../../../Engine/Content/Internationalization/icudt64l/region/pt_ST.res" 1722
"../../../Engine/Content/Internationalization/icudt64l/lang/pt_TL.res" 1723
"../../../Engine/Content/Internationalization/icudt64l/region/pt_TL.res" 1724
"../../../Engine/Content/Internationalization/icudt64l/lang/qu.res" 1725
"../../../Engine/Content/Internationalization/icudt64l/region/qu.res" 1726
"../../../Engine/Content/Internationalization/icudt64l/lang/rm.res" 1727
"../../../Engine/Content/Internationalization/icudt64l/region/rm.res" 1728
"../../../Engine/Content/Internationalization/icudt64l/lang/rn.res" 1729
"../../../Engine/Content/Internationalization/icudt64l/region/rn.res" 1730
"../../../Engine/Content/Internationalization/icudt64l/lang/ro.res" 1731
"../../../Engine/Content/Internationalization/icudt64l/lang/ro_MD.res" 1732
"../../../Engine/Content/Internationalization/icudt64l/region/ro_MD.res" 1733
"../../../Engine/Content/Internationalization/icudt64l/region/ro.res" 1734
"../../../Engine/Content/Internationalization/icudt64l/lang/rof.res" 1735
"../../../Engine/Content/Internationalization/icudt64l/region/rof.res" 1736
"../../../Engine/Content/Internationalization/icudt64l/lang/ru.res" 1737
"../../../Engine/Content/Internationalization/icudt64l/region/ru.res" 1738
"../../../Engine/Content/Internationalization/icudt64l/region/ru_UA.res" 1739
"../../../Engine/Content/Internationalization/icudt64l/lang/rw.res" 1740
"../../../Engine/Content/Internationalization/icudt64l/region/rw.res" 1741
"../../../Engine/Content/Internationalization/icudt64l/lang/rwk.res" 1742
"../../../Engine/Content/Internationalization/icudt64l/region/rwk.res" 1743
"../../../Engine/Content/Internationalization/icudt64l/lang/sah.res" 1744
"../../../Engine/Content/Internationalization/icudt64l/region/sah.res" 1745
"../../../Engine/Content/Internationalization/icudt64l/lang/saq.res" 1746
"../../../Engine/Content/Internationalization/icudt64l/region/saq.res" 1747
"../../../Engine/Content/Internationalization/icudt64l/lang/sbp.res" 1748
"../../../Engine/Content/Internationalization/icudt64l/region/sbp.res" 1749
"../../../Engine/Content/Internationalization/icudt64l/lang/sd.res" 1750
"../../../Engine/Content/Internationalization/icudt64l/region/sd.res" 1751
"../../../Engine/Content/Internationalization/icudt64l/lang/se.res" 1752
"../../../Engine/Content/Internationalization/icudt64l/lang/se_FI.res" 1753
"../../../Engine/Content/Internationalization/icudt64l/region/se_FI.res" 1754
"../../../Engine/Content/Internationalization/icudt64l/region/se.res" 1755
"../../../Engine/Content/Internationalization/icudt64l/lang/seh.res" 1756
"../../../Engine/Content/Internationalization/icudt64l/region/seh.res" 1757
"../../../Engine/Content/Internationalization/icudt64l/lang/ses.res" 1758
"../../../Engine/Content/Internationalization/icudt64l/region/ses.res" 1759
"../../../Engine/Content/Internationalization/icudt64l/lang/sg.res" 1760
"../../../Engine/Content/Internationalization/icudt64l/region/sg.res" 1761
"../../../Engine/Content/Internationalization/icudt64l/lang/shi.res" 1762
"../../../Engine/Content/Internationalization/icudt64l/lang/shi_Latn.res" 1763
"../../../Engine/Content/Internationalization/icudt64l/lang/shi_MA.res" 1764
"../../../Engine/Content/Internationalization/icudt64l/lang/shi_Tfng_MA.res" 1765
"../../../Engine/Content/Internationalization/icudt64l/lang/shi_Tfng.res" 1766
"../../../Engine/Content/Internationalization/icudt64l/region/shi_MA.res" 1767
"../../../Engine/Content/Internationalization/icudt64l/region/shi_Tfng_MA.res" 1768
"../../../Engine/Content/Internationalization/icudt64l/region/shi_Tfng.res" 1769
"../../../Engine/Content/Internationalization/icudt64l/region/shi.res" 1770
"../../../Engine/Content/Internationalization/icudt64l/region/shi_Latn.res" 1771
"../../../Engine/Content/Internationalization/icudt64l/lang/si.res" 1772
"../../../Engine/Content/Internationalization/icudt64l/region/si.res" 1773
"../../../Engine/Content/Internationalization/icudt64l/lang/sk.res" 1774
"../../../Engine/Content/Internationalization/icudt64l/region/sk.res" 1775
"../../../Engine/Content/Internationalization/icudt64l/lang/sl.res" 1776
"../../../Engine/Content/Internationalization/icudt64l/region/sl.res" 1777
"../../../Engine/Content/Internationalization/icudt64l/lang/smn.res" 1778
"../../../Engine/Content/Internationalization/icudt64l/region/smn.res" 1779
"../../../Engine/Content/Internationalization/icudt64l/lang/sn.res" 1780
"../../../Engine/Content/Internationalization/icudt64l/region/sn.res" 1781
"../../../Engine/Content/Internationalization/icudt64l/lang/so.res" 1782
"../../../Engine/Content/Internationalization/icudt64l/region/so.res" 1783
"../../../Engine/Content/Internationalization/icudt64l/lang/sq.res" 1784
"../../../Engine/Content/Internationalization/icudt64l/region/sq.res" 1785
"../../../Engine/Content/Internationalization/icudt64l/lang/sr.res" 1786
"../../../Engine/Content/Internationalization/icudt64l/lang/sr_Cyrl.res" 1787
"../../../Engine/Content/Internationalization/icudt64l/lang/sr_BA.res" 1788
"../../../Engine/Content/Internationalization/icudt64l/lang/sr_Cyrl_BA.res" 1789
"../../../Engine/Content/Internationalization/icudt64l/region/sr_BA.res" 1790
"../../../Engine/Content/Internationalization/icudt64l/region/sr_Cyrl_BA.res" 1791
"../../../Engine/Content/Internationalization/icudt64l/region/sr_Cyrl.res" 1792
"../../../Engine/Content/Internationalization/icudt64l/region/sr.res" 1793
"../../../Engine/Content/Internationalization/icudt64l/lang/sr_ME.res" 1794
"../../../Engine/Content/Internationalization/icudt64l/lang/sr_Latn_ME.res" 1795
"../../../Engine/Content/Internationalization/icudt64l/lang/sr_Latn.res" 1796
"../../../Engine/Content/Internationalization/icudt64l/region/sr_ME.res" 1797
"../../../Engine/Content/Internationalization/icudt64l/region/sr_Latn_ME.res" 1798
"../../../Engine/Content/Internationalization/icudt64l/region/sr_Latn.res" 1799
"../../../Engine/Content/Internationalization/icudt64l/lang/sr_Cyrl_ME.res" 1800
"../../../Engine/Content/Internationalization/icudt64l/region/sr_Cyrl_ME.res" 1801
"../../../Engine/Content/Internationalization/icudt64l/lang/sr_RS.res" 1802
"../../../Engine/Content/Internationalization/icudt64l/lang/sr_Cyrl_RS.res" 1803
"../../../Engine/Content/Internationalization/icudt64l/region/sr_RS.res" 1804
"../../../Engine/Content/Internationalization/icudt64l/region/sr_Cyrl_RS.res" 1805
"../../../Engine/Content/Internationalization/icudt64l/lang/sr_XK.res" 1806
"../../../Engine/Content/Internationalization/icudt64l/lang/sr_Cyrl_XK.res" 1807
"../../../Engine/Content/Internationalization/icudt64l/region/sr_XK.res" 1808
"../../../Engine/Content/Internationalization/icudt64l/region/sr_Cyrl_XK.res" 1809
"../../../Engine/Content/Internationalization/icudt64l/lang/sr_Latn_BA.res" 1810
"../../../Engine/Content/Internationalization/icudt64l/region/sr_Latn_BA.res" 1811
"../../../Engine/Content/Internationalization/icudt64l/lang/sr_Latn_RS.res" 1812
"../../../Engine/Content/Internationalization/icudt64l/region/sr_Latn_RS.res" 1813
"../../../Engine/Content/Internationalization/icudt64l/lang/sr_Latn_XK.res" 1814
"../../../Engine/Content/Internationalization/icudt64l/region/sr_Latn_XK.res" 1815
"../../../Engine/Content/Internationalization/icudt64l/lang/sv.res" 1816
"../../../Engine/Content/Internationalization/icudt64l/region/sv.res" 1817
"../../../Engine/Content/Internationalization/icudt64l/lang/sv_FI.res" 1818
"../../../Engine/Content/Internationalization/icudt64l/lang/sw.res" 1819
"../../../Engine/Content/Internationalization/icudt64l/lang/sw_CD.res" 1820
"../../../Engine/Content/Internationalization/icudt64l/region/sw_CD.res" 1821
"../../../Engine/Content/Internationalization/icudt64l/region/sw.res" 1822
"../../../Engine/Content/Internationalization/icudt64l/lang/sw_KE.res" 1823
"../../../Engine/Content/Internationalization/icudt64l/region/sw_KE.res" 1824
"../../../Engine/Content/Internationalization/icudt64l/lang/ta.res" 1825
"../../../Engine/Content/Internationalization/icudt64l/region/ta.res" 1826
"../../../Engine/Content/Internationalization/icudt64l/lang/te.res" 1827
"../../../Engine/Content/Internationalization/icudt64l/region/te.res" 1828
"../../../Engine/Content/Internationalization/icudt64l/lang/teo.res" 1829
"../../../Engine/Content/Internationalization/icudt64l/region/teo.res" 1830
"../../../Engine/Content/Internationalization/icudt64l/lang/tg.res" 1831
"../../../Engine/Content/Internationalization/icudt64l/region/tg.res" 1832
"../../../Engine/Content/Internationalization/icudt64l/lang/th.res" 1833
"../../../Engine/Content/Internationalization/icudt64l/lang/th_TH.res" 1834
"../../../Engine/Content/Internationalization/icudt64l/region/th_TH.res" 1835
"../../../Engine/Content/Internationalization/icudt64l/region/th.res" 1836
"../../../Engine/Content/Internationalization/icudt64l/lang/ti.res" 1837
"../../../Engine/Content/Internationalization/icudt64l/region/ti.res" 1838
"../../../Engine/Content/Internationalization/icudt64l/lang/tk.res" 1839
"../../../Engine/Content/Internationalization/icudt64l/region/tk.res" 1840
"../../../Engine/Content/Internationalization/icudt64l/lang/to.res" 1841
"../../../Engine/Content/Internationalization/icudt64l/region/to.res" 1842
"../../../Engine/Content/Internationalization/icudt64l/lang/tr.res" 1843
"../../../Engine/Content/Internationalization/icudt64l/region/tr.res" 1844
"../../../Engine/Content/Internationalization/icudt64l/lang/tt.res" 1845
"../../../Engine/Content/Internationalization/icudt64l/region/tt.res" 1846
"../../../Engine/Content/Internationalization/icudt64l/lang/twq.res" 1847
"../../../Engine/Content/Internationalization/icudt64l/region/twq.res" 1848
"../../../Engine/Content/Internationalization/icudt64l/lang/tzm.res" 1849
"../../../Engine/Content/Internationalization/icudt64l/region/tzm.res" 1850
"../../../Engine/Content/Internationalization/icudt64l/lang/ug.res" 1851
"../../../Engine/Content/Internationalization/icudt64l/region/ug.res" 1852
"../../../Engine/Content/Internationalization/icudt64l/lang/uk.res" 1853
"../../../Engine/Content/Internationalization/icudt64l/region/uk.res" 1854
"../../../Engine/Content/Internationalization/icudt64l/lang/ur.res" 1855
"../../../Engine/Content/Internationalization/icudt64l/lang/ur_IN.res" 1856
"../../../Engine/Content/Internationalization/icudt64l/region/ur_IN.res" 1857
"../../../Engine/Content/Internationalization/icudt64l/region/ur.res" 1858
"../../../Engine/Content/Internationalization/icudt64l/lang/uz.res" 1859
"../../../Engine/Content/Internationalization/icudt64l/lang/uz_Arab.res" 1860
"../../../Engine/Content/Internationalization/icudt64l/lang/uz_AF.res" 1861
"../../../Engine/Content/Internationalization/icudt64l/lang/uz_Arab_AF.res" 1862
"../../../Engine/Content/Internationalization/icudt64l/region/uz_AF.res" 1863
"../../../Engine/Content/Internationalization/icudt64l/region/uz_Arab_AF.res" 1864
"../../../Engine/Content/Internationalization/icudt64l/region/uz_Arab.res" 1865
"../../../Engine/Content/Internationalization/icudt64l/lang/uz_Cyrl.res" 1866
"../../../Engine/Content/Internationalization/icudt64l/lang/uz_UZ.res" 1867
"../../../Engine/Content/Internationalization/icudt64l/lang/uz_Latn_UZ.res" 1868
"../../../Engine/Content/Internationalization/icudt64l/lang/uz_Latn.res" 1869
"../../../Engine/Content/Internationalization/icudt64l/region/uz_UZ.res" 1870
"../../../Engine/Content/Internationalization/icudt64l/region/uz_Latn_UZ.res" 1871
"../../../Engine/Content/Internationalization/icudt64l/region/uz_Latn.res" 1872
"../../../Engine/Content/Internationalization/icudt64l/region/uz.res" 1873
"../../../Engine/Content/Internationalization/icudt64l/region/uz_Cyrl.res" 1874
"../../../Engine/Content/Internationalization/icudt64l/lang/vai.res" 1875
"../../../Engine/Content/Internationalization/icudt64l/lang/vai_Latn.res" 1876
"../../../Engine/Content/Internationalization/icudt64l/lang/vai_LR.res" 1877
"../../../Engine/Content/Internationalization/icudt64l/lang/vai_Vaii_LR.res" 1878
"../../../Engine/Content/Internationalization/icudt64l/lang/vai_Vaii.res" 1879
"../../../Engine/Content/Internationalization/icudt64l/region/vai_LR.res" 1880
"../../../Engine/Content/Internationalization/icudt64l/region/vai_Vaii_LR.res" 1881
"../../../Engine/Content/Internationalization/icudt64l/region/vai_Vaii.res" 1882
"../../../Engine/Content/Internationalization/icudt64l/region/vai.res" 1883
"../../../Engine/Content/Internationalization/icudt64l/region/vai_Latn.res" 1884
"../../../Engine/Content/Internationalization/icudt64l/lang/vi.res" 1885
"../../../Engine/Content/Internationalization/icudt64l/region/vi.res" 1886
"../../../Engine/Content/Internationalization/icudt64l/lang/vun.res" 1887
"../../../Engine/Content/Internationalization/icudt64l/region/vun.res" 1888
"../../../Engine/Content/Internationalization/icudt64l/lang/wae.res" 1889
"../../../Engine/Content/Internationalization/icudt64l/region/wae.res" 1890
"../../../Engine/Content/Internationalization/icudt64l/lang/wo.res" 1891
"../../../Engine/Content/Internationalization/icudt64l/region/wo.res" 1892
"../../../Engine/Content/Internationalization/icudt64l/lang/xh.res" 1893
"../../../Engine/Content/Internationalization/icudt64l/region/xh.res" 1894
"../../../Engine/Content/Internationalization/icudt64l/lang/xog.res" 1895
"../../../Engine/Content/Internationalization/icudt64l/region/xog.res" 1896
"../../../Engine/Content/Internationalization/icudt64l/lang/yav.res" 1897
"../../../Engine/Content/Internationalization/icudt64l/region/yav.res" 1898
"../../../Engine/Content/Internationalization/icudt64l/lang/yi.res" 1899
"../../../Engine/Content/Internationalization/icudt64l/region/yi.res" 1900
"../../../Engine/Content/Internationalization/icudt64l/lang/yo.res" 1901
"../../../Engine/Content/Internationalization/icudt64l/lang/yo_BJ.res" 1902
"../../../Engine/Content/Internationalization/icudt64l/region/yo_BJ.res" 1903
"../../../Engine/Content/Internationalization/icudt64l/region/yo.res" 1904
"../../../Engine/Content/Internationalization/icudt64l/lang/yue.res" 1905
"../../../Engine/Content/Internationalization/icudt64l/lang/yue_Hans.res" 1906
"../../../Engine/Content/Internationalization/icudt64l/lang/yue_CN.res" 1907
"../../../Engine/Content/Internationalization/icudt64l/lang/yue_Hans_CN.res" 1908
"../../../Engine/Content/Internationalization/icudt64l/region/yue_CN.res" 1909
"../../../Engine/Content/Internationalization/icudt64l/region/yue_Hans_CN.res" 1910
"../../../Engine/Content/Internationalization/icudt64l/region/yue_Hans.res" 1911
"../../../Engine/Content/Internationalization/icudt64l/lang/yue_Hant.res" 1912
"../../../Engine/Content/Internationalization/icudt64l/lang/yue_HK.res" 1913
"../../../Engine/Content/Internationalization/icudt64l/lang/yue_Hant_HK.res" 1914
"../../../Engine/Content/Internationalization/icudt64l/region/yue_HK.res" 1915
"../../../Engine/Content/Internationalization/icudt64l/region/yue_Hant_HK.res" 1916
"../../../Engine/Content/Internationalization/icudt64l/region/yue_Hant.res" 1917
"../../../Engine/Content/Internationalization/icudt64l/region/yue.res" 1918
"../../../Engine/Content/Internationalization/icudt64l/lang/zgh.res" 1919
"../../../Engine/Content/Internationalization/icudt64l/region/zgh.res" 1920
"../../../Engine/Content/Internationalization/icudt64l/lang/zh.res" 1921
"../../../Engine/Content/Internationalization/icudt64l/lang/zh_Hans.res" 1922
"../../../Engine/Content/Internationalization/icudt64l/lang/zh_CN.res" 1923
"../../../Engine/Content/Internationalization/icudt64l/lang/zh_Hans_CN.res" 1924
"../../../Engine/Content/Internationalization/icudt64l/region/zh_CN.res" 1925
"../../../Engine/Content/Internationalization/icudt64l/region/zh_Hans_CN.res" 1926
"../../../Engine/Content/Internationalization/icudt64l/region/zh_Hans.res" 1927
"../../../Engine/Content/Internationalization/icudt64l/region/zh.res" 1928
"../../../Engine/Content/Internationalization/icudt64l/lang/zh_HK.res" 1929
"../../../Engine/Content/Internationalization/icudt64l/lang/zh_Hant_HK.res" 1930
"../../../Engine/Content/Internationalization/icudt64l/lang/zh_Hant.res" 1931
"../../../Engine/Content/Internationalization/icudt64l/region/zh_HK.res" 1932
"../../../Engine/Content/Internationalization/icudt64l/region/zh_Hant_HK.res" 1933
"../../../Engine/Content/Internationalization/icudt64l/region/zh_Hant.res" 1934
"../../../Engine/Content/Internationalization/icudt64l/lang/zh_MO.res" 1935
"../../../Engine/Content/Internationalization/icudt64l/lang/zh_Hant_MO.res" 1936
"../../../Engine/Content/Internationalization/icudt64l/region/zh_MO.res" 1937
"../../../Engine/Content/Internationalization/icudt64l/region/zh_Hant_MO.res" 1938
"../../../Engine/Content/Internationalization/icudt64l/lang/zh_SG.res" 1939
"../../../Engine/Content/Internationalization/icudt64l/lang/zh_Hans_SG.res" 1940
"../../../Engine/Content/Internationalization/icudt64l/region/zh_SG.res" 1941
"../../../Engine/Content/Internationalization/icudt64l/region/zh_Hans_SG.res" 1942
"../../../Engine/Content/Internationalization/icudt64l/lang/zh_TW.res" 1943
"../../../Engine/Content/Internationalization/icudt64l/lang/zh_Hant_TW.res" 1944
"../../../Engine/Content/Internationalization/icudt64l/region/zh_TW.res" 1945
"../../../Engine/Content/Internationalization/icudt64l/region/zh_Hant_TW.res" 1946
"../../../Engine/Content/Internationalization/icudt64l/lang/zu.res" 1947
"../../../Engine/Content/Internationalization/icudt64l/region/zu.res" 1948
"../../../Engine/Content/Internationalization/icudt64l/lang/no.res" 1949
"../../../Engine/Content/Internationalization/icudt64l/lang/tl.res" 1950
"../../../Engine/Config/Android/DataDrivenPlatformInfo.ini" 1951
"../../../Engine/Config/IOS/DataDrivenPlatformInfo.ini" 1952
"../../../Engine/Config/Linux/DataDrivenPlatformInfo.ini" 1953
"../../../Engine/Config/Mac/DataDrivenPlatformInfo.ini" 1954
"../../../Engine/Config/TVOS/DataDrivenPlatformInfo.ini" 1955
"../../../Engine/Config/Unix/DataDrivenPlatformInfo.ini" 1956
"../../../Engine/Config/VulkanPC/DataDrivenPlatformInfo.ini" 1957
"../../../Engine/Config/Windows/DataDrivenPlatformInfo.ini" 1958
"../../../Engine/Platforms/VisionOS/Config/DataDrivenPlatformInfo.ini" 1959
"../../../Engine/Content/Renderer/TessellationTable.bin" 1960
"../../../Engine/DerivedDataCache/Compressed.ddp" 1961
"C:/Users/a7p7p/AppData/Local/UnrealEngine/5.6/Saved/Zen/zen.version" 1962
"C:/Users/a7p7p/AppData/Local/UnrealEngine/Common/Zen/Install/zen.version" 1963
"C:/Users/a7p7p/AppData/Local/UnrealEngine/Common/Zen/Install/zenserver.runcontext" 1964
"C:/UEprojectFile/WeaponInventoryStage/DerivedDataCache/TestData/0/TestData_4kb.dat" 1965
"C:/UEprojectFile/WeaponInventoryStage/DerivedDataCache/TestData/1/TestData_4kb.dat" 1966
"C:/UEprojectFile/WeaponInventoryStage/DerivedDataCache/TestData/0/TestData_8kb.dat" 1967
"C:/UEprojectFile/WeaponInventoryStage/DerivedDataCache/TestData/1/TestData_8kb.dat" 1968
"C:/UEprojectFile/WeaponInventoryStage/DerivedDataCache/TestData/0/TestData_16kb.dat" 1969
"C:/UEprojectFile/WeaponInventoryStage/DerivedDataCache/TestData/1/TestData_16kb.dat" 1970
"C:/UEprojectFile/WeaponInventoryStage/DerivedDataCache/TestData/0/TestData_64kb.dat" 1971
"C:/UEprojectFile/WeaponInventoryStage/DerivedDataCache/TestData/1/TestData_64kb.dat" 1972
"C:/UEprojectFile/WeaponInventoryStage/DerivedDataCache/TestData/0/TestData_128kb.dat" 1973
"C:/UEprojectFile/WeaponInventoryStage/DerivedDataCache/TestData/1/TestData_128kb.dat" 1974
"C:/UEprojectFile/WeaponInventoryStage/DerivedDataCache/TestData/0/TestData_256kb.dat" 1975
"C:/UEprojectFile/WeaponInventoryStage/DerivedDataCache/TestData/1/TestData_256kb.dat" 1976
"C:/Users/a7p7p/AppData/Roaming/Unreal Engine/UnrealBuildTool/BuildConfiguration.xml" 1977
"../../../../../../VScodeFiles/GitHub/2026_team27/KC3GameHack/Intermediate/ShaderAutogen/PCD3D_SM6/AutogenShaderHeaders.ush" 1978
"../../../Engine/Shaders/Private/HairStrands/HairStrandsVertexFactory.ush" 1979
"../../../Engine/Shaders/Private/VertexFactoryCommon.ush" 1980
"../../../Engine/Shaders/Private/Common.ush" 1981
"../../../Engine/Shaders/Public/Platform.ush" 1982
"../../../Engine/Shaders/Public/FP16Math.ush" 1983
"../../../Engine/Shaders/Public/Platform/D3D/D3DCommon.ush" 1984
"../../../Engine/Shaders/Shared/HLSLReservedSpaces.h" 1985
"../../../Engine/Shaders/Public/BindlessResources.ush" 1986
"../../../Engine/Shaders/Public/Platform/D3D/PlatformBindlessResources.ush" 1987
"../../../Engine/Shaders/Shared/RayTracingBuiltInResources.h" 1988
"../../../Engine/Shaders/Shared/RayTracingDefinitions.h" 1989
"../../../Engine/Shaders/Public/OverloadMacros.ush" 1990
"../../../Engine/Shaders/Public/ShaderVersion.ush" 1991
"../../../Engine/Shaders/Shared/ThirdParty/NVIDIA/nvHLSLExtns.h" 1992
"../../../Engine/Shaders/Shared/ThirdParty/NVIDIA/nvHLSLExtnsInternal.h" 1993
"../../../Engine/Shaders/Shared/ThirdParty/NVIDIA/nvShaderExtnEnums.h" 1994
"../../../Engine/Shaders/Private/PackUnpack.ush" 1995
"../../../Engine/Shaders/Private/GeneratedUniformBufferTypes.ush" 1996
"../../../Engine/Shaders/Private/Nanite/NanitePackedNaniteView.ush" 1997
"../../../Engine/Shaders/Private/HairStrands/HairStrandsVisibilityCommonStruct.ush" 1998
"../../../Engine/Shaders/Private/HairStrands/HairStrandsVoxelPageCommonStruct.ush" 1999
"../../../Engine/Shaders/Private/HairStrands/HairStrandsDeepShadowCommonStruct.ush" 2000
"../../../Engine/Shaders/Shared/LightSceneData.h" 2001
"../../../Engine/Shaders/Shared/HLSLTypeAliases.h" 2002
"../../../Engine/Shaders/Private/LargeWorldCoordinates.ush" 2003
"../../../Engine/Shaders/Private/DoubleFloat.ush" 2004
"../../../Engine/Shaders/Private/RandomPCG.ush" 2005
"../../../Engine/Shaders/Private/DoubleFloatOperations.ush" 2006
"../../../Engine/Shaders/Private/DoubleFloatVectorDefinition.ush" 2007
"../../../Engine/Shaders/Private/LWCOperations.ush" 2008
"../../../Engine/Shaders/Shared/LightViewData.h" 2009
"../../../Engine/Shaders/Shared/RayTracingTypes.h" 2010
"../../../Engine/Shaders/Shared/HLSLStaticAssert.h" 2011
"../../../Engine/Shaders/Private/CommonViewUniformBuffer.ush" 2012
"../../../Engine/Shaders/Private/InstancedStereo.ush" 2013
"../../../Engine/Shaders/Private/Definitions.usf" 2014
"../../../Engine/Shaders/Private/AssertionMacros.ush" 2015
"../../../Engine/Shaders/Private/FastMath.ush" 2016
"../../../Engine/Shaders/Private/FastMathThirdParty.ush" 2017
"../../../Engine/Shaders/Private/Random.ush" 2018
"../../../Engine/Shaders/Private/RandomInterleavedGradientNoise.ush" 2019
"../../../Engine/Shaders/Private/SceneData.ush" 2020
"../../../Engine/Shaders/Private/OctahedralCommon.ush" 2021
"../../../Engine/Shaders/Private/WaveOpUtil.ush" 2022
"../../../Engine/Shaders/Private/ByteBuffer.ush" 2023
"../../../Engine/Shaders/Shared/SceneDefinitions.h" 2024
"../../../Engine/Shaders/Private/SceneDataMobileLoader.ush" 2025
"../../../Engine/Shaders/Private/LocalVertexFactoryCommon.ush" 2026
"../../../Engine/Shaders/Private/HairStrands/HairStrandsVisibilityCommon.ush" 2027
"../../../Engine/Shaders/Shared/HairStrandsDefinitions.h" 2028
"../../../Engine/Shaders/Private/HairStrands/HairStrandsVertexFactoryCommon.ush" 2029
"../../../Engine/Shaders/Private/HairStrands/HairStrandsPack.ush" 2030
"../../../Engine/Shaders/Private/HairStrands/HairStrandsAttributeCommon.ush" 2031
"../../../Engine/Shaders/Private/HairStrands/HairStrandsAttributeTemplate.ush" 2032
"../../../Engine/Shaders/Private/VertexFactoryDefaultInterface.ush" 2033
"../../../Engine/Shaders/Private/HairStrands/HairCardsVertexFactory.ush" 2034
"../../../Engine/Shaders/Private/HairStrands/HairCardsAttributeCommon.ush" 2035
"../../../Engine/Shaders/Private/RayTracing/RayTracingCommon.ush" 2036
"../../../Engine/Shaders/Private/ShadingCommon.ush" 2037
"../../../Engine/Shaders/Shared/RayTracingPayloadType.h" 2038
"../../../Engine/Shaders/Private/RayTracing/RayTracingRayCone.ush" 2039
"../../../Engine/Shaders/Private/Substrate/Substrate.ush" 2040
"../../../Engine/Shaders/Private/ShadingEnergyConservation.ush" 2041
"../../../Engine/Shaders/Private/ShadingEnergyConservationTemplate.ush" 2042
"../../../Engine/Shaders/Private/BRDF.ush" 2043
"../../../Engine/Shaders/Private/ColorSpace.ush" 2044
"../../../Engine/Shaders/Private/DeferredShadingCommon.ush" 2045
"../../../Engine/Shaders/Private/LightAccumulator.ush" 2046
"../../../Engine/Shaders/Private/SceneTexturesCommon.ush" 2047
"../../../Engine/Shaders/Private/MonteCarlo.ush" 2048
"../../../Engine/Shaders/Private/GBufferHelpers.ush" 2049
"../../../Engine/Shaders/Private/SceneTextureParameters.ush" 2050
"C:/VScodeFiles/GitHub/2026_team27/KC3GameHack/Intermediate/ShaderAutogen/PCD3D_SM6/AutogenShaderHeaders.ush" 2051
"../../../Engine/Shaders/Private/ParticipatingMediaCommon.ush" 2052
"../../../Engine/Shaders/Private/ThinFilmBSDF.ush" 2053
"../../../Engine/Shaders/Private/MortonCode.ush" 2054
"../../../Engine/Shaders/Private/SubsurfaceProfileCommon.ush" 2055
"../../../Engine/Shaders/Private/BurleyNormalizedSSSCommon.ush" 2056
"../../../Engine/Shaders/Private/GammaCorrectionCommon.ush" 2057
"../../../Engine/Shaders/Shared/SubstrateDefinitions.h" 2058
"../../../Engine/Shaders/Private/Substrate/SubstrateStatisticalOperators.ush" 2059
"../../../Engine/Shaders/Private/Substrate/SubstrateSubsurface.ush" 2060
"../../../Engine/Shaders/Private/TransmissionCommon.ush" 2061
"../../../Engine/Shaders/Private/Substrate/SubstrateExportCommon.ush" 2062
"../../../Engine/Shaders/Private/SpecularProfileCommon.ush" 2063
"../../../Engine/Shaders/Private/RayTracing/RayTracingCommonMetal.ush" 2064
"../../../Engine/Shaders/Private/PositionReconstructionCommon.ush" 2065
"../../../Engine/Shaders/Private/RayTracing/TraceRayInline.ush" 2066
"../../../Engine/Shaders/Private/RayTracing/TraceRayInlineCommon.ush" 2067
"../../../Engine/Shaders/Private/RayTracing/TraceRayInlineVulkan.ush" 2068
"../../../Engine/Shaders/Private/RayTracing/TraceRayInlineMetal.ush" 2069
"../../../Engine/Shaders/Private/RayTracing/TraceRayInlineD3D12.ush" 2070
"../../../Engine/Shaders/Private/RayTracing/RayTracingHitGroupCommon.ush" 2071
"../../../Engine/Shaders/Private/Nanite/NaniteRayTrace.ush" 2072
"../../../Engine/Shaders/Private/Nanite/NaniteDataDecode.ush" 2073
"../../../Engine/Shaders/Private/BitPacking.ush" 2074
"../../../Engine/Shaders/Private/BitStreamReaderImplementation.ush" 2075
"../../../Engine/Shaders/Private/BoneTransform.ush" 2076
"../../../Engine/Shaders/Private/Quaternion.ush" 2077
"../../../Engine/Shaders/Shared/NaniteDefinitions.h" 2078
"../../../Engine/Shaders/Shared/SkinningDefinitions.h" 2079
"../../../Engine/Shaders/Private/Nanite/NaniteAttributeDecode.ush" 2080
"../../../Engine/Shaders/Private/Barycentrics.ush" 2081
"../../../Engine/Shaders/Private/DualNumber.ush" 2082
"../../../Engine/Shaders/Shared/ThirdParty/RayTriangleIntersection.h" 2083
"../../../Engine/Shaders/Private/Nanite/NaniteVertexFetch.ush" 2084
"../../../Engine/Shaders/Private/Nanite/NaniteSceneCommon.ush" 2085
"../../../Engine/Plugins/FX/Niagara/Shaders/Private/NiagaraSpriteVertexFactory.ush" 2086
"../../../Engine/Shaders/Private/ParticleVertexFactoryCommon.ush" 2087
"../../../Engine/Plugins/FX/Niagara/Shaders/Private/NiagaraVFCommon.usf" 2088
"../../../Engine/Plugins/FX/Niagara/Shaders/Private/NiagaraVFParticleAccess.usf" 2089
"../../../Engine/Plugins/FX/Niagara/Shaders/Private/NiagaraParticleAccess.ush" 2090
"../../../Engine/Plugins/FX/Niagara/Shaders/Private/NiagaraRibbonVertexFactory.ush" 2091
"../../../Engine/Plugins/FX/Niagara/Shaders/Private/NiagaraMeshVertexFactory.ush" 2092
"../../../Engine/Plugins/FX/Niagara/Shaders/Private/NiagaraCommon.ush" 2093
"../../../Engine/Plugins/FX/Niagara/Shaders/Private/NiagaraMeshParticleUtils.ush" 2094
"../../../Engine/Shaders/Private/VectorFieldVisualizationVertexFactory.ush" 2095
"../../../Engine/Shaders/Private/Nanite/NaniteVertexFactory.ush" 2096
"../../../Engine/Shaders/Private/LightmapData.ush" 2097
"../../../Engine/Shaders/Private/SplineMeshCommon.ush" 2098
"../../../Engine/Shaders/Shared/SplineMeshShaderParams.h" 2099
"../../../Engine/Shaders/Private/ShaderPrint.ush" 2100
"../../../Engine/Shaders/Private/ShaderPrintCommon.ush" 2101
"../../../Engine/Shaders/Private/MiniFontCommon.ush" 2102
"../../../Engine/Shaders/Private/MaterialCache/MaterialCacheCommon.ush" 2103
"../../../Engine/Shaders/Shared/MaterialCacheDefinitions.h" 2104
"../../../Engine/Shaders/Private/Nanite/NaniteVertexDeformation.ush" 2105
"../../../Engine/Shaders/Private/ViewData.ush" 2106
"../../../Engine/Shaders/Shared/ViewDefinitions.h" 2107
"../../../Engine/Shaders/Private/Matrices.ush" 2108
"../../../Engine/Shaders/Private/ParticleSpriteVertexFactory.ush" 2109
"../../../Engine/Shaders/Private/ParticleGPUSpriteVertexFactory.ush" 2110
"../../../Engine/Shaders/Private/ParticleSimulationCommon.ush" 2111
"../../../Engine/Shaders/Private/ParticleBeamTrailVertexFactory.ush" 2112
"../../../Engine/Shaders/Private/MeshParticleVertexFactory.ush" 2113
"../../../Engine/Shaders/Private/LocalVertexFactory.ush" 2114
"../../../Engine/Shaders/Private/GpuSkinCommon.ush" 2115
"../../../Engine/Shaders/Private/GpuSkinVertexFactory.ush" 2116
"../../../Engine/Shaders/Private/GeometryCollectionVertexFactory.ush" 2117
"../../../Engine/Shaders/Private/GeometryCacheVertexFactory.ush" 2118
"../../../Engine/Shaders/Private/LandscapeVertexFactory.ush" 2119
"../../../Engine/Plugins/Experimental/Compositing/CompositeCore/Shaders/Private/CompositeCoreMerge.usf" 2120
"../../../Engine/Shaders/Private/ScreenPass.ush" 2121
"../../../Engine/Shaders/Private/LensDistortion.ush" 2122
"../../../Engine/Plugins/Experimental/Compositing/CompositeCore/Shaders/Private/CompositeCoreDisplayTransform.usf" 2123
"../../../Engine/Plugins/Experimental/Compositing/CompositeCore/Shaders/Private/CompositeCoreDilate.usf" 2124
"../../../Engine/Plugins/Experimental/NFORDenoise/Shaders/NFORDenoise.usf" 2125
"../../../Engine/Plugins/Experimental/NFORDenoise/Shaders/NFORRegressionCommon.ush" 2126
"../../../Engine/Plugins/Experimental/NFORDenoise/Shaders/NFORRegression.ush" 2127
"../../../Engine/Plugins/VirtualProduction/GeometryMask/Shaders/Private/GeometryMaskJFtoDFCS.usf" 2128
"../../../Engine/Plugins/VirtualProduction/GeometryMask/Shaders/Private/GeometryMaskJFStepCS.usf" 2129
"../../../Engine/Plugins/VirtualProduction/GeometryMask/Shaders/Private/GeometryMaskJFInitCS.usf" 2130
"../../../Engine/Plugins/VirtualProduction/GeometryMask/Shaders/Private/GeometryMaskBlurCS.usf" 2131
"../../../Engine/Plugins/VirtualProduction/CameraCalibrationCore/Shaders/Private/CrosshairOverlay.usf" 2132
"../../../Engine/Plugins/VirtualProduction/CameraCalibrationCore/Shaders/Private/DisplacementMapBlending.usf" 2133
"../../../Engine/Plugins/VirtualProduction/CameraCalibrationCore/Shaders/Private/RecenterSTDisplacementMaps.usf" 2134
"../../../Engine/Plugins/VirtualProduction/CameraCalibrationCore/Shaders/Private/FillSTDisplacementMap.usf" 2135
"../../../Engine/Plugins/VirtualProduction/CameraCalibrationCore/Shaders/Private/InvertDisplacementMap.usf" 2136
"../../../Engine/Plugins/VirtualProduction/CameraCalibrationCore/Shaders/Private/CropDisplacementMap.usf" 2137
"../../../Engine/Plugins/VirtualProduction/CameraCalibrationCore/Shaders/Private/BlendDisplacementMaps.usf" 2138
"../../../Engine/Plugins/VirtualProduction/CameraCalibrationCore/Shaders/Private/DrawDisplacementMaps.usf" 2139
"../../../Engine/Plugins/VirtualProduction/CameraCalibrationCore/Shaders/Private/UndistortImagePoints.usf" 2140
"../../../Engine/Plugins/VirtualProduction/CameraCalibrationCore/Shaders/Private/DistortionSTMapProcessor.usf" 2141
"../../../Engine/Plugins/Runtime/HairStrands/Shaders/Private/NiagaraCopyVelocityGrid.usf" 2142
"../../../Engine/Plugins/Runtime/HairStrands/Shaders/Private/NiagaraClearVelocityGrid.usf" 2143
"../../../Engine/Plugins/Runtime/HairStrands/Shaders/Private/NiagaraClearPressureGrid.usf" 2144
"../../../Engine/Plugins/Runtime/HairStrands/Shaders/Private/NiagaraInterpolateGroomGuides.usf" 2145
"../../../Engine/Plugins/Runtime/HairStrands/Shaders/Private/NiagaraGroomInterpolationUtils.ush" 2146
"../../../Engine/Plugins/FX/Niagara/Shaders/Private/NiagaraQuaternionUtils.ush" 2147
"../../../Engine/Shaders/Private/HairStrands/HairStrandsMesh.usf" 2148
"../../../Engine/Shaders/Private/HairStrands/HairStrandsBindingCommon.ush" 2149
"../../../Engine/Shaders/Private/HairStrands/HairStrandsFollicleMask.usf" 2150
"../../../Engine/Shaders/Private/HairStrands/HairStrandsSkinUpdate.usf" 2151
"../../../Engine/Shaders/Private/HairStrands/HairStrandsClusterCulling.usf" 2152
"../../../Engine/Shaders/Private/ColorMap.ush" 2153
"../../../Engine/Shaders/Private/HairStrands/HairStrandsAABBCommon.ush" 2154
"../../../Engine/Shaders/Private/HairStrands/HairStrandsClusterCommon.ush" 2155
"../../../Engine/Shaders/Private/ThreadGroupPrefixSum.ush" 2156
"../../../Engine/Shaders/Private/HairStrands/HairStrandsRaytracingGeometry.usf" 2157
"../../../Engine/Shaders/Private/HairStrands/HairStrandsTangent.usf" 2158
"../../../Engine/Shaders/Private/HairStrands/HairCardsDeformation.usf" 2159
"../../../Engine/Shaders/Private/HairStrands/HairStrandsInterpolation.usf" 2160
"../../../Engine/Shaders/Private/HairStrands/HairStrandsGuideDeform.usf" 2161
"../../../Engine/Shaders/Private/HairStrands/HairStrandsTexturesGeneration.usf" 2162
"../../../Engine/Shaders/Private/HairStrands/HairCardsTextureCommon.ush" 2163
"../../../Engine/Shaders/Private/HairStrands/HairStrandsTranscode.usf" 2164
"../../../Engine/Shaders/Private/HairStrands/HairStrandsDebug.usf" 2165
"../../../Engine/Shaders/Private/HairShadingCommon.ush" 2166
"../../../Engine/Shaders/Private/PostProcessCommon.ush" 2167
"../../../Engine/Shaders/Private/ShadingModels.ush" 2168
"../../../Engine/Shaders/Private/CapsuleLight.ush" 2169
"../../../Engine/Shaders/Private/RectLight.ush" 2170
"../../../Engine/Shaders/Private/LightData.ush" 2171
"../../../Engine/Shaders/Shared/LightDefinitions.h" 2172
"../../../Engine/Shaders/Private/AreaLightCommon.ush" 2173
"../../../Engine/Shaders/Private/HairBsdf.ush" 2174
"../../../Engine/Shaders/Private/MobileGGX.ush" 2175
"../../../Engine/Shaders/Private/HairStrands/HairStrandsCommon.ush" 2176
"../../../Engine/Shaders/Private/HairStrands/HairStrandsEnvironmentLightingCommon.ush" 2177
"../../../Engine/Shaders/Private/HairStrands/HairStrandsDeepTransmittanceCommon.ush" 2178
"../../../Engine/Shaders/Private/HairStrands/HairStrandsDeepTransmittanceDualScattering.ush" 2179
"../../../Engine/Shaders/Private/HairStrands/HairStrandsDeepShadowCommon.ush" 2180
"../../../Engine/Shaders/Private/HairStrands/HairStrandsDebugCommonStruct.ush" 2181
"../../../Engine/Plugins/Runtime/ComputeFramework/Shaders/Private/ComputeKernel.usf" 2182
"../../../Engine/Plugins/Runtime/ComputeFramework/Shaders/Private/ComputeKernelCommon.ush" 2183
"../../../Engine/Plugins/NNE/NNEDenoiser/Shaders/NNEDenoiserShadersTransferFunctionOidn.usf" 2184
"../../../Engine/Plugins/NNE/NNEDenoiser/Shaders/NNEDenoiserShadersMappedCopy.usf" 2185
"../../../Engine/Plugins/NNE/NNEDenoiser/Shaders/NNEDenoiserShadersDefaultIOProcess.usf" 2186
"../../../Engine/Plugins/NNE/NNEDenoiser/Shaders/NNEDenoiserShadersAutoExposureReduceFinal.usf" 2187
"../../../Engine/Plugins/NNE/NNEDenoiser/Shaders/NNEDenoiserShadersAutoExposureReduce.usf" 2188
"../../../Engine/Plugins/NNE/NNEDenoiser/Shaders/NNEDenoiserShadersAutoExposureDownsample.usf" 2189
"../../../Engine/Plugins/Media/WmfMedia/Shaders/Private/MediaHardwareVideoDecoding.usf" 2190
"../../../Engine/Shaders/Private/ColorUtils.ush" 2191
"../../../Engine/Plugins/Media/ImgMedia/Shaders/Private/ExrSwizzler.usf" 2192
"../../../Engine/Plugins/Enterprise/GLTFExporter/Shaders/Private/SimpleTexture2DPS.usf" 2193
"../../../Engine/Shaders/Private/SimpleElementNormalMapPixelShader.usf" 2194
"../../../Engine/Plugins/FX/Niagara/Shaders/Private/NiagaraVertexFactoryExport.usf" 2195
"../../../Engine/Shaders/Private/ComputeShaderUtils.ush" 2196
"../../../Engine/Shaders/Private/MaterialTemplate.ush" 2197
"../../../Engine/Shaders/Private/WorldSpaceMath.ush" 2198
"../../../Engine/Shaders/Private/EyeAdaptationCommon.ush" 2199
"../../../Engine/Shaders/Private/SobolRandom.ush" 2200
"../../../Engine/Shaders/Private/DepthOfFieldCommon.ush" 2201
"../../../Engine/Shaders/Private/CircleDOFCommon.ush" 2202
"../../../Engine/Shaders/Private/DistanceField/GlobalDistanceFieldShared.ush" 2203
"../../../Engine/Shaders/Private/PhysicsFieldSampler.ush" 2204
"../../../Engine/Shaders/Private/PhysicsFieldShared.ush" 2205
"../../../Engine/Shaders/Private/SparseVolumeTexture/SparseVolumeTextureCommon.ush" 2206
"../../../Engine/Shaders/Shared/EnvironmentComponentsFlags.h" 2207
"../../../Engine/Shaders/Private/MeshPaintTextureCommon.ush" 2208
"../../../Engine/Shaders/Private/VirtualTextureMaterial.ush" 2209
"../../../Engine/Shaders/Private/MaterialCache/MaterialCacheMaterialCommon.ush" 2210
"../../../Engine/Shaders/Private/MaterialCache/MaterialCacheABuffer.ush" 2211
"../../../Engine/Shaders/Private/SpeedTreeCommon.ush" 2212
"../../../Engine/Shaders/Private/VirtualTextureCommon.ush" 2213
"../../../Engine/Shaders/Private/MaterialTexture.ush" 2214
"../../../Engine/Shaders/Private/MinMaterialTexCoords.ush" 2215
"../../../Engine/Shaders/Private/SkyAtmosphereCommon.ush" 2216
"../../../Engine/Shaders/Private/SingleLayerWaterCommon.ush" 2217
"../../../Engine/Shaders/Private/TextureSampling.ush" 2218
"../../../Engine/Shaders/Private/PaniniProjection.ush" 2219
"../../../Engine/Shaders/Private/DBufferNormalReprojection.ush" 2220
"../../../Engine/Shaders/Public/SubstratePublic.ush" 2221
"../../../Engine/Shaders/Private/Substrate/SubstrateTree.ush" 2222
"../../../Engine/Shaders/Private/Substrate/SubstrateEvaluation.ush" 2223
"../../../Engine/Shaders/Private/Substrate/Glint/GlintThirdParty.ush" 2224
"../../../Engine/Shaders/Private/BlueNoise.ush" 2225
"../../../Engine/Shaders/Private/SHCommon.ush" 2226
"../../../Engine/Shaders/Private/ShadingModelsSampling.ush" 2227
"../../../Engine/Shaders/Private/HairStrands/HairBsdfSample.ush" 2228
"../../../Engine/Shaders/Private/Substrate/SubstrateLegacyConversion.ush" 2229
"../../../Engine/Shaders/Private/DBufferDecalShared.ush" 2230
"../../../Engine/Plugins/FX/Niagara/Shaders/Private/NiagaraSortKeyGen.usf" 2231
"../../../Engine/Plugins/FX/Niagara/Shaders/Private/NiagaraGPURayTracingTransforms.usf" 2232
"../../../Engine/Plugins/FX/Niagara/Shaders/Private/NiagaraDrawIndirectArgsGen.usf" 2233
"../../../Engine/Plugins/FX/Niagara/Shaders/Private/NiagaraDispatchIndirectArgsGen.usf" 2234
"../../../Engine/Plugins/FX/Niagara/Shaders/Private/Stateless/NiagaraStatelessSimulationDefault.usf" 2235
"../../../Engine/Plugins/FX/Niagara/Shaders/Private/Stateless/NiagaraStatelessSimulationTemplate.ush" 2236
"../../../Engine/Plugins/FX/Niagara/Shaders/Private/Stateless/NiagaraStatelessCommon.ush" 2237
"../../../Engine/Plugins/FX/Niagara/Shaders/Shared/NiagaraStatelessDefinitions.h" 2238
"../../../Engine/Plugins/FX/Niagara/Shaders/Shared/NiagaraStatelessBuiltDistribution.h" 2239
"../../../Engine/Plugins/FX/Niagara/Shaders/Private/Stateless/NiagaraStatelessDistribution.ush" 2240
"../../../Engine/Plugins/FX/Niagara/Shaders/Private/Stateless/Modules/NiagaraStatelessModule_CalculateAccurateVelocity.ush" 2241
"../../../Engine/Plugins/FX/Niagara/Shaders/Private/Stateless/Modules/NiagaraStatelessModule_CameraOffset.ush" 2242
"../../../Engine/Plugins/FX/Niagara/Shaders/Private/Stateless/Modules/NiagaraStatelessModule_DynamicMaterialParameters.ush" 2243
"../../../Engine/Plugins/FX/Niagara/Shaders/Private/Stateless/Modules/NiagaraStatelessModule_InitializeParticle.ush" 2244
"../../../Engine/Plugins/FX/Niagara/Shaders/Private/Stateless/Modules/NiagaraStatelessModule_InitialMeshOrientation.ush" 2245
"../../../Engine/Plugins/FX/Niagara/Shaders/Private/Stateless/Modules/NiagaraStatelessModule_MeshIndex.ush" 2246
"../../../Engine/Plugins/FX/Niagara/Shaders/Private/Stateless/Modules/NiagaraStatelessModule_MeshRotationRate.ush" 2247
"../../../Engine/Plugins/FX/Niagara/Shaders/Private/Stateless/Modules/NiagaraStatelessModule_RotateAroundPoint.ush" 2248
"../../../Engine/Plugins/FX/Niagara/Shaders/Private/Stateless/Modules/NiagaraStatelessModule_ShapeLocation.ush" 2249
"../../../Engine/Plugins/FX/Niagara/Shaders/Private/Stateless/Modules/NiagaraStatelessModule_ScaleColor.ush" 2250
"../../../Engine/Plugins/FX/Niagara/Shaders/Private/Stateless/Modules/NiagaraStatelessModule_ScaleRibbonWidth.ush" 2251
"../../../Engine/Plugins/FX/Niagara/Shaders/Private/Stateless/Modules/NiagaraStatelessModule_ScaleSpriteSize.ush" 2252
"../../../Engine/Plugins/FX/Niagara/Shaders/Private/Stateless/Modules/NiagaraStatelessModule_ScaleSpriteSizeBySpeed.ush" 2253
"../../../Engine/Plugins/FX/Niagara/Shaders/Private/Stateless/Modules/NiagaraStatelessModule_ScaleMeshSize.ush" 2254
"../../../Engine/Plugins/FX/Niagara/Shaders/Private/Stateless/Modules/NiagaraStatelessModule_ScaleMeshSizebySpeed.ush" 2255
"../../../Engine/Plugins/FX/Niagara/Shaders/Private/Stateless/Modules/NiagaraStatelessModule_SolveVelocitiesAndForces.ush" 2256
"../../../Engine/Plugins/FX/Niagara/Shaders/Private/Stateless/Modules/NiagaraStatelessModule_SpriteFacingAndAlignment.ush" 2257
"../../../Engine/Plugins/FX/Niagara/Shaders/Private/Stateless/Modules/NiagaraStatelessModule_SpriteRotationRate.ush" 2258
"../../../Engine/Plugins/FX/Niagara/Shaders/Private/Stateless/Modules/NiagaraStatelessModule_SubUVAnimation.ush" 2259
"../../../Engine/Plugins/FX/Niagara/Shaders/Private/NiagaraBlendSVTsToDenseBuffer.usf" 2260
"../../../Engine/Plugins/FX/Niagara/Shaders/Private/NiagaraSVTToDenseBuffer.usf" 2261
"../../../Engine/Plugins/FX/Niagara/Shaders/Private/NiagaraFillIntBuffer.usf" 2262
"../../../Engine/Plugins/FX/Niagara/Shaders/Private/NiagaraComputeFreeIDs.usf" 2263
"../../../Engine/Plugins/FX/Niagara/Shaders/Private/NiagaraInitFreeIDBuffer.usf" 2264
"../../../Engine/Plugins/FX/Niagara/Shaders/Private/NiagaraEmitterInstanceShader.usf" 2265
"../../../Engine/Plugins/FX/Niagara/Shaders/Private/NiagaraShaderVersion.ush" 2266
"../../../Engine/Plugins/FX/Niagara/Shaders/Private/NiagaraPhysicsCommon.ush" 2267
"../../../Engine/Plugins/FX/Niagara/Shaders/Private/Ribbons/NiagaraRibbonAggregationApply.usf" 2268
"../../../Engine/Plugins/FX/Niagara/Shaders/Private/Ribbons/NiagaraRibbonCommon.ush" 2269
"../../../Engine/Plugins/FX/Niagara/Shaders/Private/Ribbons/NiagaraRibbonAggregationStep.usf" 2270
"../../../Engine/Plugins/FX/Niagara/Shaders/Private/Ribbons/NiagaraRibbonGenerateIndices.usf" 2271
"../../../Engine/Plugins/FX/Niagara/Shaders/Private/Ribbons/NiagaraRibbonInitializeIndices.usf" 2272
"../../../Engine/Plugins/FX/Niagara/Shaders/Private/Ribbons/NiagaraRibbonRibbonUVParamCalculation.usf" 2273
"../../../Engine/Plugins/FX/Niagara/Shaders/Private/Ribbons/NiagaraRibbonVertexReductionFinalization.usf" 2274
"../../../Engine/Plugins/FX/Niagara/Shaders/Private/Ribbons/NiagaraRibbonVertexReductionInitialization.usf" 2275
"../../../Engine/Plugins/FX/Niagara/Shaders/Private/Ribbons/NiagaraRibbonSortParticles.usf" 2276
"../../../Engine/Plugins/FX/Niagara/Shaders/Private/NiagaraLWCHelper.usf" 2277
"../../../Engine/Plugins/FX/Niagara/Shaders/Private/NiagaraUpdateMeshGPUSceneInstances.usf" 2278
"../../../Engine/Shaders/Private/GPUScene/GPUSceneWriter.ush" 2279
"../../../Engine/Plugins/FX/Niagara/Shaders/Private/NiagaraGenerateMips.usf" 2280
"../../../Engine/Plugins/FX/Niagara/Shaders/Private/NiagaraDebugDraw.usf" 2281
"../../../Engine/Plugins/FX/Niagara/Shaders/Private/NiagaraDebugDraw.ush" 2282
"../../../Engine/Plugins/FX/Niagara/Shaders/Private/NiagaraVisualizeTexture.usf" 2283
"../../../Engine/Plugins/FX/Niagara/Shaders/Private/NiagaraClearCounts.usf" 2284
"../../../Engine/Plugins/FX/Niagara/Shaders/Private/NiagaraBatchedElements.usf" 2285
"../../../Engine/Plugins/FX/Niagara/Shaders/Private/NiagaraRayTracingShaders.usf" 2286
"../../../Engine/Plugins/FX/Niagara/Shaders/Private/NiagaraAsyncGpuTraceCommon.ush" 2287
"../../../Engine/Shaders/Private/HashTable.ush" 2288
"../../../Engine/Shaders/Private/Hash.ush" 2289
"../../../Engine/Shaders/Private/RayTracing/VFXTraceRay.ush" 2290
"../../../Engine/Plugins/FX/Niagara/Shaders/Private/NiagaraRayMarchingShaders.usf" 2291
"../../../Engine/Plugins/FX/Niagara/Shaders/Private/NiagaraRayTraceCollisionGroupShaders.usf" 2292
"../../../Engine/Plugins/FX/Niagara/Shaders/Private/NiagaraAsyncGpuTraceUtils.usf" 2293
"../../../Engine/Shaders/Private/VirtualTextureAdapter.usf" 2294
"../../../Engine/Shaders/Private/BlockCompressionCommon.ush" 2295
"../../../Engine/Shaders/Private/BCCompressionCommon.ush" 2296
"../../../Engine/Shaders/Private/TranslucentLightingShaders.usf" 2297
"../../../Engine/Shaders/Private/CubemapCommon.ush" 2298
"../../../Engine/Shaders/Private/VectorFieldCompositeShaders.usf" 2299
"../../../Engine/Shaders/Private/UpdateTextureShaders.usf" 2300
"../../../Engine/Shaders/Private/StereoLayerShader.usf" 2301
"../../../Engine/Shaders/Private/SparseVolumeTexture/UpdateSparseVolumeTexture.usf" 2302
"../../../Engine/Shaders/Private/MorphTargets.usf" 2303
"../../../Engine/Shaders/Private/SimpleElementColorChannelMaskPixelShader.usf" 2304
"../../../Engine/Shaders/Private/SimpleElementHitProxyPixelShader.usf" 2305
"../../../Engine/Shaders/Private/SimpleElementPixelShader.usf" 2306
"../../../Engine/Shaders/Private/IESLightProfilesCommon.ush" 2307
"../../../Engine/Shaders/Private/SimpleElementVertexShader.usf" 2308
"../../../Engine/Shaders/Private/ScreenPixelShaderOES.usf" 2309
"../../../Engine/Shaders/Private/ScreenVertexShader.usf" 2310
"../../../Engine/Shaders/Private/ScreenPixelShader.usf" 2311
"../../../Engine/Shaders/Private/SSProfilePreIntegratedMobile.usf" 2312
"../../../Engine/Shaders/Private/SpecularProfile.usf" 2313
"../../../Engine/Shaders/Private/Nanite/NaniteStreaming.usf" 2314
"../../../Engine/Shaders/Private/Nanite/NaniteStreaming.ush" 2315
"../../../Engine/Shaders/Private/Nanite/NaniteTranscode.usf" 2316
"../../../Engine/Shaders/Private/VolumetricLightmapStreaming.usf" 2317
"../../../Engine/Shaders/Private/PhysicsFieldReset.usf" 2318
"../../../Engine/Shaders/Private/PhysicsFieldBuilder.usf" 2319
"../../../Engine/Shaders/Private/PhysicsFieldEval.ush" 2320
"../../../Engine/Shaders/Private/ParticleSortKeyGen.usf" 2321
"../../../Engine/Shaders/Private/ParticleBoundsShader.usf" 2322
"../../../Engine/Shaders/Private/ParticleSimVisualizeShader.usf" 2323
"../../../Engine/Shaders/Private/ParticleInjectionShader.usf" 2324
"../../../Engine/Shaders/Private/ParticleSimulationShader.usf" 2325
"../../../Engine/Shaders/Private/ParticleCurveInjectionShader.usf" 2326
"../../../Engine/Shaders/Private/CopyUIntBuffer.usf" 2327
"../../../Engine/Shaders/Private/RadixSortShaders.usf" 2328
"../../../Engine/Shaders/Private/RecomputeTangentsPerVertexPass.usf" 2329
"../../../Engine/Shaders/Private/RecomputeTangentsCommon.ush" 2330
"../../../Engine/Shaders/Private/RecomputeTangentsPerTrianglePass.usf" 2331
"../../../Engine/Shaders/Private/GpuSkinCacheComputeShader.usf" 2332
"../../../Engine/Shaders/Private/HeightFieldAtlasManagement.usf" 2333
"../../../Engine/Shaders/Private/Landscape/LandscapeEditLayersUtils.usf" 2334
"../../../Engine/Shaders/Private/Landscape/LandscapeCommon.ush" 2335
"../../../Engine/Shaders/Private/Landscape/LandscapeEditLayersWeightmaps.usf" 2336
"../../../Engine/Shaders/Private/Landscape/LandscapeEditLayersHeightmaps.usf" 2337
"../../../Engine/Shaders/Private/Landscape/LandscapeLayersWeightmapsPS.usf" 2338
"../../../Engine/Shaders/Private/Landscape/LandscapeLayersHeightmapsPS.usf" 2339
"../../../Engine/Shaders/Private/LandscapeLayersCS.usf" 2340
"../../../Engine/Shaders/Private/LandscapeLayersPS.usf" 2341
"../../../Engine/Shaders/Private/LandscapeLayersVS.usf" 2342
"../../../Engine/Shaders/Private/LandscapePhysicalMaterial.usf" 2343
"../../../Engine/Shaders/Private/LandscapeGrassWeight.usf" 2344
"../../../Engine/Shaders/Private/Landscape/LandscapeCulling.usf" 2345
"../../../Engine/Shaders/Private/Nanite/NaniteHZBCull.ush" 2346
"../../../Engine/Shaders/Private/HZB.ush" 2347
"../../../Engine/Shaders/Private/Landscape/LandscapeMergeTexturesPS.usf" 2348
"../../../Engine/Shaders/Private/WideCustomResolveShaders.usf" 2349
"../../../Engine/Shaders/Private/WideCustomResolve_Wide.ush" 2350
"../../../Engine/Shaders/Private/WideCustomResolve_Wider.ush" 2351
"../../../Engine/Shaders/Private/WideCustomResolve_Widest.ush" 2352
"../../../Engine/Shaders/Private/WaterInfoTextureBlur.usf" 2353
"../../../Engine/Shaders/Private/WaterInfoTextureMerge.usf" 2354
"../../../Engine/Shaders/Private/PageTableUpdate.usf" 2355
"../../../Engine/Shaders/Private/VirtualTextureCompress.usf" 2356
"../../../Engine/Shaders/Private/ASTCCompressionCommon.ush" 2357
"../../../Engine/Shaders/Private/IntegerSequenceEncoding.ush" 2358
"../../../Engine/Shaders/Private/ETCCompressionCommon.ush" 2359
"../../../Engine/Shaders/Private/VirtualTextureMaterial.usf" 2360
"../../../Engine/Shaders/Private/PixelShaderOutputCommon.ush" 2361
"../../../Engine/Shaders/Private/ShaderOutputCommon.ush" 2362
"../../../Engine/Shaders/Private/VolumetricRenderTarget.usf" 2363
"../../../Engine/Shaders/Private/HeightFogCommon.ush" 2364
"../../../Engine/Shaders/Private/LocalFogVolumes/LocalFogVolumeCommon.ush" 2365
"../../../Engine/Shaders/Private/ReflectionEnvironmentShared.ush" 2366
"../../../Engine/Shaders/Private/VolumetricFogVoxelization.usf" 2367
"../../../Engine/Shaders/Private/VolumetricCloudMaterialPixelCommon.ush" 2368
"../../../Engine/Shaders/Private/VolumetricFogLightFunction.usf" 2369
"../../../Engine/Shaders/Private/LightFunctionCommon.ush" 2370
"../../../Engine/Shaders/Private/VolumetricFog.usf" 2371
"../../../Engine/Shaders/Private/DeferredLightingCommon.ush" 2372
"../../../Engine/Shaders/Private/DynamicLightingCommon.ush" 2373
"../../../Engine/Shaders/Private/CapsuleLightIntegrate.ush" 2374
"../../../Engine/Shaders/Private/CapsuleLightSampling.ush" 2375
"../../../Engine/Shaders/Private/RectLightIntegrate.ush" 2376
"../../../Engine/Shaders/Private/ScreenSpaceShadowRayCast.ush" 2377
"../../../Engine/Shaders/Private/LightFunctionAtlas/LightFunctionAtlasCommon.usf" 2378
"../../../Engine/Shaders/Private/HeterogeneousVolumes/HeterogeneousVolumesAdaptiveVolumetricShadowMapSampling.ush" 2379
"../../../Engine/Shaders/Private/HeterogeneousVolumes/HeterogeneousVolumesAdaptiveVolumetricShadowMapUtils.ush" 2380
"../../../Engine/Shaders/Private/HeterogeneousVolumes/HeterogeneousVolumesRayMarchingUtils.ush" 2381
"../../../Engine/Shaders/Private/HeterogeneousVolumes/HeterogeneousVolumesRayMarchingTypes.ush" 2382
"../../../Engine/Shaders/Private/PathTracing/Utilities/PathTracingRandomSequence.ush" 2383
"../../../Engine/Shaders/Private/HeterogeneousVolumes/HeterogeneousVolumesTracingUtils.ush" 2384
"../../../Engine/Shaders/Private/VelocityCommon.ush" 2385
"../../../Engine/Shaders/Private/HeterogeneousVolumes/HeterogeneousVolumesTransmittanceVolumeUtils.ush" 2386
"../../../Engine/Shaders/Private/ForwardShadowingCommon.ush" 2387
"../../../Engine/Shaders/Private/ShadowFilteringCommon.ush" 2388
"../../../Engine/Shaders/Private/PixelQuadMessagePassing.ush" 2389
"../../../Engine/Shaders/Private/VolumeLightingCommon.ush" 2390
"../../../Engine/Shaders/Private/ShadowProjectionCommon.ush" 2391
"../../../Engine/Shaders/Private/VolumeLightingCommonSampling.ush" 2392
"../../../Engine/Shaders/Private/Lumen/LumenTranslucencyVolumeShared.ush" 2393
"../../../Engine/Shaders/Private/Lumen/LumenRadianceCacheInterpolation.ush" 2394
"../../../Engine/Shaders/Private/HeterogeneousVolumes/HeterogeneousVolumesAdaptiveVolumetricShadowMapSampler.ush" 2395
"../../../Engine/Shaders/Private/LightGridCommon.ush" 2396
"../../../Engine/Shaders/Private/DistanceFieldAOShared.ush" 2397
"../../../Engine/Shaders/Private/IntersectionUtils.ush" 2398
"../../../Engine/Shaders/Private/VolumetricLightmapShared.ush" 2399
"../../../Engine/Shaders/Private/LightDataUniforms.ush" 2400
"../../../Engine/Shaders/Private/VirtualShadowMaps/VirtualShadowMapProjectionCommon.ush" 2401
"../../../Engine/Shaders/Private/VirtualShadowMaps/VirtualShadowMapPageAccessCommon.ush" 2402
"../../../Engine/Shaders/Shared/VirtualShadowMapDefinitions.h" 2403
"../../../Engine/Shaders/Shared/HLSLMathAliases.h" 2404
"../../../Engine/Shaders/Private/VirtualShadowMaps/VirtualShadowMapProjectionStructs.ush" 2405
"../../../Engine/Shaders/Private/VolumetricCloudCommon.ush" 2406
"../../../Engine/Shaders/Private/VolumetricCloud.usf" 2407
"../../../Engine/Shaders/Private/VisualizeVolumetricLightmap.usf" 2408
"../../../Engine/Shaders/Private/VirtualShadowMaps/VirtualShadowMapProjectionComposite.usf" 2409
"../../../Engine/Shaders/Private/LightShaderParameters.ush" 2410
"../../../Engine/Shaders/Private/VirtualShadowMaps/VirtualShadowMapMaskBitsCommon.ush" 2411
"../../../Engine/Shaders/Private/VirtualShadowMaps/VirtualShadowMapLightGrid.ush" 2412
"../../../Engine/Shaders/Private/VirtualShadowMaps/VirtualShadowMapProjection.usf" 2413
"../../../Engine/Shaders/Private/Visualization.ush" 2414
"../../../Engine/Shaders/Private/VirtualShadowMaps/VirtualShadowMapProjectionFilter.ush" 2415
"../../../Engine/Shaders/Private/VirtualShadowMaps/VirtualShadowMapProjectionDirectional.ush" 2416
"../../../Engine/Shaders/Private/VirtualShadowMaps/VirtualShadowMapSMRTCommon.ush" 2417
"../../../Engine/Shaders/Private/VirtualShadowMaps/VirtualShadowMapSMRTTemplate.ush" 2418
"../../../Engine/Shaders/Private/VirtualShadowMaps/VirtualShadowMapProjectionSpot.ush" 2419
"../../../Engine/Shaders/Private/VirtualShadowMaps/VirtualShadowMapTransmissionCommon.ush" 2420
"../../../Engine/Shaders/Private/VirtualShadowMaps/VirtualShadowMapScreenRayTrace.ush" 2421
"../../../Engine/Shaders/Private/VirtualShadowMaps/VirtualShadowMapStats.ush" 2422
"../../../Engine/Shaders/Private/HairStrands/HairStrandsVoxelPageCommon.ush" 2423
"../../../Engine/Shaders/Private/HairStrands/HairStrandsVoxelPageTraversal.ush" 2424
"../../../Engine/Shaders/Private/VirtualShadowMaps/VirtualShadowMapCacheGPUInvalidation.usf" 2425
"../../../Engine/Shaders/Private/VirtualShadowMaps/VirtualShadowMapPageCacheCommon.ush" 2426
"../../../Engine/Shaders/Private/VirtualShadowMaps/VirtualShadowMapCacheInvalidation.ush" 2427
"../../../Engine/Shaders/Private/VirtualShadowMaps/VirtualShadowMapPageOverlap.ush" 2428
"../../../Engine/Shaders/Private/ScreenSpaceDenoise/SSDDefinitions.ush" 2429
"../../../Engine/Shaders/Private/InstanceCulling/InstanceCullingLoadBalancer.ush" 2430
"../../../Engine/Shaders/Private/VirtualShadowMaps/VirtualShadowMapCacheLoadBalancer.usf" 2431
"../../../Engine/Shaders/Private/VirtualShadowMaps/VirtualShadowMapCopyStats.usf" 2432
"../../../Engine/Shaders/Private/VirtualShadowMaps/VirtualShadowMapDebug.usf" 2433
"../../../Engine/Shaders/Private/VirtualShadowMaps/Desaturate.usf" 2434
"../../../Engine/Shaders/Private/VirtualShadowMaps/VirtualShadowMapPhysicalPageManagement.usf" 2435
"../../../Engine/Shaders/Private/ReductionCommon.ush" 2436
"../../../Engine/Shaders/Private/GPUMessaging.ush" 2437
"../../../Engine/Shaders/Private/VirtualShadowMaps/VirtualShadowMapPerPageDispatch.ush" 2438
"../../../Engine/Shaders/Private/VirtualShadowMaps/VirtualShadowMapCompactViews.usf" 2439
"../../../Engine/Shaders/Shared/SceneCullingDefinitions.h" 2440
"../../../Engine/Shaders/Private/VirtualShadowMaps/VirtualShadowMapBuildPerPageDrawCommands.usf" 2441
"../../../Engine/Shaders/Private/Nanite/NaniteCullingCommon.ush" 2442
"../../../Engine/Shaders/Private/Nanite/NaniteCulling.ush" 2443
"../../../Engine/Shaders/Private/Nanite/NaniteHierarchyTraversalCommon.ush" 2444
"../../../Engine/Shaders/Private/InstanceCulling/InstanceCullingCommon.ush" 2445
"../../../Engine/Shaders/Shared/InstanceCullingDefinitions.h" 2446
"../../../Engine/Shaders/Private/VirtualShadowMaps/VirtualShadowMapPrintStats.usf" 2447
"../../../Engine/Shaders/Private/VirtualShadowMaps/VirtualShadowMapPageManagement.usf" 2448
"../../../Engine/Shaders/Private/VirtualShadowMaps/VirtualShadowMapPageMarking.usf" 2449
"../../../Engine/Shaders/Shared/SingleLayerWaterDefinitions.h" 2450
"../../../Engine/Shaders/Private/HairStrands/HairStrandsTileCommon.ush" 2451
"../../../Engine/Shaders/Private/Froxel/Froxel.ush" 2452
"../../../Engine/Shaders/Shared/FroxelDefinitions.h" 2453
"../../../Engine/Shaders/Private/DiaphragmDOF/DOFCommon.ush" 2454
"../../../Engine/Shaders/Private/VariableRateShading/VRSShadingRatePreview.usf" 2455
"../../../Engine/Shaders/Private/VariableRateShading/VRSShadingRateCommon.ush" 2456
"../../../Engine/Shaders/Private/VariableRateShading/VRSShadingRateCombine.usf" 2457
"../../../Engine/Shaders/Private/VariableRateShading/VRSShadingRateFoveated.usf" 2458
"../../../Engine/Shaders/Private/VariableRateShading/VRSShadingRateReproject.usf" 2459
"../../../Engine/Shaders/Private/VariableRateShading/VRSShadingRateCalculate.usf" 2460
"../../../Engine/Shaders/Private/TranslucencyUpsampling.usf" 2461
"../../../Engine/Shaders/Private/ComposeSeparateTranslucency.usf" 2462
"../../../Engine/Shaders/Private/SeparateTranslucency.ush" 2463
"../../../Engine/Shaders/Private/TranslucentLightInjectionShaders.usf" 2464
"../../../Engine/Shaders/Private/TranslucentShadowDepthShaders.usf" 2465
"../../../Engine/Shaders/Private/ShadowDepthCommon.ush" 2466
"../../../Engine/Shaders/Private/RayTracing/RayTracingTest.usf" 2467
"../../../Engine/Shaders/Private/PostprocessSubsurfaceTile.usf" 2468
"../../../Engine/Shaders/Private/PostProcessSubsurfaceCommon.ush" 2469
"../../../Engine/Shaders/Private/Substrate/SubstrateVisualize.usf" 2470
"../../../Engine/Shaders/Private/Substrate/SubstrateTile.ush" 2471
"../../../Engine/Shaders/Shared/SubstrateVisualizeDefinitions.h" 2472
"../../../Engine/Shaders/Private/Substrate/SubstrateVisualizeCommon.ush" 2473
"../../../Engine/Shaders/Private/SkyLightingDiffuseShared.ush" 2474
"../../../Engine/Shaders/Private/SkyLightingShared.ush" 2475
"../../../Engine/Shaders/Private/ClearCoatCommon.ush" 2476
"../../../Engine/Shaders/Private/ReflectionEnvironmentComposite.ush" 2477
"../../../Engine/Shaders/Private/Substrate/SubstrateLightingCommon.ush" 2478
"../../../Engine/Shaders/Private/Substrate/SubstrateRoughRefraction.usf" 2479
"../../../Engine/Shaders/Private/PathTracing/Material/PathTracingFresnel.ush" 2480
"../../../Engine/Shaders/Private/PathTracing/Material/PathTracingGlossy.ush" 2481
"../../../Engine/Shaders/Private/Substrate/SubstrateMaterialSampling.usf" 2482
"../../../Engine/Shaders/Private/Substrate/SubstrateMaterialSampling.ush" 2483
"../../../Engine/Shaders/Private/Lumen/LumenPosition.ush" 2484
"../../../Engine/Shaders/Private/Substrate/SubstrateTile.usf" 2485
"../../../Engine/Shaders/Private/Substrate/SubstrateMaterialClassification.usf" 2486
"../../../Engine/Shaders/Private/Substrate/SubstrateDBuffer.usf" 2487
"../../../Engine/Shaders/Private/StochasticLighting/StochasticLightingDenoising.usf" 2488
"../../../Engine/Shaders/Private/Lumen/LumenMaterial.ush" 2489
"../../../Engine/Shaders/Private/StochasticLighting/StochasticLightingCommon.ush" 2490
"../../../Engine/Shaders/Private/SplineMeshSceneTexture.usf" 2491
"../../../Engine/Shaders/Private/SparseVolumeTexture/VisualizeSparseVolumeTexture.usf" 2492
"../../../Engine/Shaders/Private/SkyAtmosphere.usf" 2493
"../../../Engine/Shaders/Private/Skinning/SkinnedMeshDebug.usf" 2494
"../../../Engine/Shaders/Private/Skinning/AnimBankEval.usf" 2495
"../../../Engine/Shaders/Private/SingleLayerWaterComposite.usf" 2496
"../../../Engine/Shaders/Private/Froxel/FroxelBuild.ush" 2497
"../../../Engine/Shaders/Private/SingleLayerWaterRefractionCulling.usf" 2498
"../../../Engine/Shaders/Private/ScreenSpaceShadows.usf" 2499
"../../../Engine/Shaders/Private/bend_sss_gpu.ush" 2500
"../../../Engine/Shaders/Private/ShadowFactorsUpsampleCommon.ush" 2501
"../../../Engine/Shaders/Private/FirstPersonSelfShadow.usf" 2502
"../../../Engine/Shaders/Private/HZBTracing.ush" 2503
"../../../Engine/Shaders/Private/ShadowProjectionVertexShader.usf" 2504
"../../../Engine/Shaders/Private/ShadowProjectionPixelShader.usf" 2505
"../../../Engine/Shaders/Private/MobileLightingCommon.ush" 2506
"../../../Engine/Shaders/Private/PlanarReflectionShared.ush" 2507
"../../../Engine/Shaders/Private/MobileSSR.ush" 2508
"../../../Engine/Shaders/Private/SSRT/SSRTRayCast.ush" 2509
"../../../Engine/Shaders/Private/ShadowPercentageCloserFiltering.ush" 2510
"../../../Engine/Shaders/Private/TransmissionThickness.ush" 2511
"../../../Engine/Shaders/Private/CopyShadowMaps.usf" 2512
"../../../Engine/Shaders/Private/ShadowDepthPixelShader.usf" 2513
"../../../Engine/Shaders/Private/ShadowDepthVertexShader.usf" 2514
"../../../Engine/Shaders/Private/ShadingEnergyConservationTable.usf" 2515
"../../../Engine/Shaders/Shared/PathTracingDefinitions.h" 2516
"../../../Engine/Shaders/Private/ShadingFurnaceTest.usf" 2517
"../../../Engine/Shaders/Private/Substrate/SubstrateDeferredLighting.ush" 2518
"../../../Engine/Shaders/Private/ShaderPrintDraw.usf" 2519
"../../../Engine/Shaders/Private/ShaderPrintDrawPrimitive.usf" 2520
"../../../Engine/Shaders/Private/DefaultSSRTiles.usf" 2521
"../../../Engine/Shaders/Private/ScreenSpaceReflectionTileCommons.ush" 2522
"../../../Engine/Shaders/Private/SSRT/SSRTDiffuseIndirect.usf" 2523
"../../../Engine/Shaders/Private/SSRT/SSRTTileClassificationBuffer.ush" 2524
"../../../Engine/Shaders/Private/SSRT/SSRTReflections.usf" 2525
"../../../Engine/Shaders/Private/ScreenSpaceDenoise/SSDPublic.ush" 2526
"../../../Engine/Shaders/Private/SSRT/SSRTTileClassification.usf" 2527
"../../../Engine/Shaders/Private/SSRT/SSRTPrevFrameReduction.usf" 2528
"../../../Engine/Shaders/Private/ScreenSpaceDenoise/SSDComposeHarmonics.usf" 2529
"../../../Engine/Shaders/Private/ScreenSpaceDenoise/SSDPublicHarmonics.ush" 2530
"../../../Engine/Shaders/Private/ScreenSpaceDenoise/SSDSignalFramework.ush" 2531
"../../../Engine/Shaders/Private/ScreenSpaceDenoise/SSDCommon.ush" 2532
"../../../Engine/Shaders/Private/SphericalGaussian.ush" 2533
"../../../Engine/Shaders/Public/WaveBroadcastIntrinsics.ush" 2534
"../../../Engine/Shaders/Private/ScreenSpaceDenoise/SSDMetadata.ush" 2535
"../../../Engine/Shaders/Private/ScreenSpaceDenoise/SSDSignalCore.ush" 2536
"../../../Engine/Shaders/Private/ScreenSpaceDenoise/DenoisingCommon.ush" 2537
"../../../Engine/Shaders/Private/ScreenSpaceDenoise/SSDSignalArray.ush" 2538
"../../../Engine/Shaders/Private/ScreenSpaceDenoise/SSDSignalBufferEncoding.ush" 2539
"../../../Engine/Shaders/Private/ScreenSpaceDenoise/SSDPublicBufferEncoding.ush" 2540
"../../../Engine/Shaders/Private/Lumen/LumenBufferEncoding.ush" 2541
"../../../Engine/Shaders/Private/ScreenSpaceDenoise/SSDTemporalAccumulation.usf" 2542
"../../../Engine/Shaders/Private/ScreenSpaceDenoise/SSDSpatialKernel.ush" 2543
"../../../Engine/Shaders/Private/ScreenSpaceDenoise/SSDSignalAccumulatorArray.ush" 2544
"../../../Engine/Shaders/Private/ScreenSpaceDenoise/SSDSignalAccumulator.ush" 2545
"../../../Engine/Shaders/Private/ScreenSpaceDenoise/SSDSignalCompression.ush" 2546
"../../../Engine/Shaders/Private/ScreenSpaceDenoise/SSDSpatialAccumulation.usf" 2547
"../../../Engine/Shaders/Private/ScreenSpaceDenoise/SSDInjest.usf" 2548
"../../../Engine/Shaders/Private/ScreenSpaceDenoise/SSDCompressMetadata.usf" 2549
"../../../Engine/Shaders/Private/DownsampleDepthPixelShader.usf" 2550
"../../../Engine/Shaders/Private/ScreenPass.usf" 2551
"../../../Engine/Shaders/Private/HZB.usf" 2552
"../../../Engine/Shaders/Private/OcclusionFeedbackShaders.usf" 2553
"../../../Engine/Shaders/Private/HZBOcclusion.usf" 2554
"../../../Engine/Shaders/Private/OcclusionQueryPixelShader.usf" 2555
"../../../Engine/Shaders/Private/OcclusionQueryVertexShader.usf" 2556
"../../../Engine/Shaders/Private/HitProxyCopy.usf" 2557
"../../../Engine/Shaders/Private/HitProxyPixelShader.usf" 2558
"../../../Engine/Shaders/Private/HitProxyVertexShader.usf" 2559
"../../../Engine/Shaders/Private/SceneCulling/SceneCullingDebugRender.usf" 2560
"../../../Engine/Shaders/Private/SceneCulling/SceneCulling.ush" 2561
"../../../Engine/Shaders/Private/SceneCulling/SceneCullingBuildExplicitBounds.usf" 2562
"../../../Engine/Shaders/Private/SceneCapturePixelShader.usf" 2563
"../../../Engine/Shaders/Private/RendererUtils.usf" 2564
"../../../Engine/Shaders/Private/RTWriteMaskDecode.usf" 2565
"../../../Engine/Shaders/Private/ReflectionEnvironmentShaders.usf" 2566
"../../../Engine/Shaders/Private/RectLightAtlas.usf" 2567
"../../../Engine/Shaders/Private/RayTracing/TraceRayInlineStatistics.usf" 2568
"../../../Engine/Shaders/Private/RayTracing/CompositeSkyLightPS.usf" 2569
"../../../Engine/Shaders/Private/RayTracing/GenerateSkyLightVisibilityRaysCS.usf" 2570
"../../../Engine/Shaders/Private/RayTracing/RayTracingSkyLightCommon.ush" 2571
"../../../Engine/Shaders/Private/RayTracing/SkyLightVisibilityRaysData.ush" 2572
"../../../Engine/Shaders/Private/Raytracing/RaytracingSkylightRGS.usf" 2573
"../../../Engine/Shaders/Private/HairStrands/HairStrandsRaytracing.ush" 2574
"../../../Engine/Shaders/Private/Raytracing/RayTracingSkyLightEvaluation.ush" 2575
"../../../Engine/Shaders/Private/Raytracing/RayTracingDeferredShadingCommon.ush" 2576
"../../../Engine/Shaders/Private/RayTracing/RayTracingOcclusionRGS.usf" 2577
"../../../Engine/Shaders/Private/RayTracing/RayTracingDirectionalLight.ush" 2578
"../../../Engine/Shaders/Private/RayTracing/RayTracingRectLight.ush" 2579
"../../../Engine/Shaders/Private/RayTracing/RayTracingSphereLight.ush" 2580
"../../../Engine/Shaders/Private/RayTracing/RayTracingCapsuleLight.ush" 2581
"../../../Engine/Shaders/Private/Raytracing/RayTracingFeedback.usf" 2582
"../../../Engine/Shaders/Shared/RayTracingDebugTypes.h" 2583
"../../../Engine/Shaders/Private/RayTracing/RayTracingPrimaryRays.usf" 2584
"../../../Engine/Shaders/Private/RayTracing/RayTracingLightingCommon.ush" 2585
"../../../Engine/Shaders/Private/RayTracing/RayTracingLightCullingCommon.ush" 2586
"../../../Engine/Shaders/Private/RayTracing/RayTracingMaterialDefaultHitShaders.usf" 2587
"../../../Engine/Shaders/Private/RayTracing/RayTracingMaterialHitShaders.usf" 2588
"../../../Engine/Shaders/Private/RayTracing/RayTracingShaderUtils.ush" 2589
"../../../Engine/Shaders/Private/RayTracing/RayTracingCalcInterpolants.ush" 2590
"../../../Engine/Shaders/Private/LightmapCommon.ush" 2591
"../../../Engine/Shaders/Private/Lumen/LumenHardwareRayTracingPayloadCommon.ush" 2592
"../../../Engine/Shaders/Shared/LumenDefinitions.h" 2593
"../../../Engine/Shaders/Private/Substrate/SubstrateExport.ush" 2594
"../../../Engine/Shaders/Private/RayTracing/RayTracingLightingMS.usf" 2595
"../../../Engine/Shaders/Private/Lumen/LumenDiffuseColorBoost.ush" 2596
"../../../Engine/Shaders/Private/RayTracing/RayTracingLightFunctionCommon.ush" 2597
"../../../Engine/Shaders/Private/RayTracing/RayTracingBuildLightGrid.usf" 2598
"../../../Engine/Shaders/Private/Raytracing/RayTracingInstanceBufferUtil.usf" 2599
"../../../Engine/Shaders/Private/RayTracing/RayTracingDynamicMesh.usf" 2600
"../../../Engine/Shaders/Private/RayTracing/RayTracingDefaultDecalHitShader.usf" 2601
"../../../Engine/Shaders/Private/RayTracing/RayTracingDecalMaterialShader.usf" 2602
"../../../Engine/Shaders/Private/PathTracing/PathTracingShaderUtils.ush" 2603
"../../../Engine/Shaders/Private/PathTracing/PathTracingCommon.ush" 2604
"../../../Engine/Shaders/Private/PathTracing/Material/PathTracingMaterialCommon.ush" 2605
"../../../Engine/Shaders/Private/PathTracing/Utilities/PathTracingRIS.ush" 2606
"../../../Engine/Shaders/Private/RayTracing/RayTracingBuildDecalGrid.usf" 2607
"../../../Engine/Shaders/Private/RayTracing/RayTracingDebugHitStatsUtils.usf" 2608
"../../../Engine/Shaders/Private/RayTracing/RayTracingDebugInstanceOverlap.usf" 2609
"../../../Engine/Shaders/Private/RayTracing/RayTracingDebugPicking.usf" 2610
"../../../Engine/Shaders/Private/RayTracing/RayTracingDebugUtils.ush" 2611
"../../../Engine/Shaders/Private/RayTracing/RayTracingDebugTraversal.usf" 2612
"../../../Engine/Shaders/Private/RayTracing/RayTracingDeferredMaterials.ush" 2613
"../../../Engine/Shaders/Shared/ThirdParty/AMD/ags_shader_intrinsics_dx12.h" 2614
"../../../Engine/Shaders/Shared/RayTracingDebugDefinitions.h" 2615
"../../../Engine/Shaders/Private/RayTracing/RayTracingDebugHitStatsCHS.usf" 2616
"../../../Engine/Shaders/Private/RayTracing/RayTracingDebugHitStats.usf" 2617
"../../../Engine/Shaders/Private/RayTracing/RayTracingDebugMS.usf" 2618
"../../../Engine/Shaders/Private/RayTracing/RayTracingDebugCHS.usf" 2619
"../../../Engine/Shaders/Private/RayTracing/RayTracingDebug.usf" 2620
"../../../Engine/Shaders/Private/RayTracing/RayTracingBuiltInShaders.usf" 2621
"../../../Engine/Shaders/Private/RayTracing/RayTracingBarycentrics.usf" 2622
"../../../Engine/Shaders/Private/RayTracing/RayTracingAmbientOcclusionRGS.usf" 2623
"../../../Engine/Shaders/Private/VisualizeShadingModels.usf" 2624
"../../../Engine/Shaders/Private/MotionBlur/VisualizeMotionVectors.usf" 2625
"../../../Engine/Shaders/Private/TemporalSuperResolution/TSRVisualize.usf" 2626
"../../../Engine/Shaders/Private/TemporalSuperResolution/TSRColorSpace.ush" 2627
"../../../Engine/Shaders/Private/TemporalSuperResolution/TSRCommon.ush" 2628
"../../../Engine/Shaders/Public/DualPixelVectorization.ush" 2629
"../../../Engine/Shaders/Private/TemporalSuperResolution/TSRReprojectionField.ush" 2630
"../../../Engine/Shaders/Private/TemporalSuperResolution/TSRResolveHistory.usf" 2631
"../../../Engine/Shaders/Private/TemporalSuperResolution/TSRConvolutionNetwork.ush" 2632
"../../../Engine/Shaders/Private/TemporalSuperResolution/TSRKernels.ush" 2633
"../../../Engine/Shaders/Public/LaneVectorization.ush" 2634
"../../../Engine/Shaders/Private/TemporalSuperResolution/TSRUpdateHistory.usf" 2635
"../../../Engine/Shaders/Private/TemporalSuperResolution/TSRSpatialAntiAliasing.ush" 2636
"../../../Engine/Shaders/Private/TemporalSuperResolution/TSRSpatialAntiAliasing.usf" 2637
"../../../Engine/Shaders/Private/TemporalSuperResolution/TSRRejectShading.usf" 2638
"../../../Engine/Shaders/Private/TemporalSuperResolution/TSRShadingAnalysis.ush" 2639
"../../../Engine/Shaders/Private/TemporalSuperResolution/TSRConvolutionNetworkPass.ush" 2640
"../../../Engine/Shaders/Private/TemporalSuperResolution/TSRDecimateHistory.usf" 2641
"../../../Engine/Shaders/Private/TemporalSuperResolution/TSRDepthVelocityAnalysis.ush" 2642
"../../../Engine/Shaders/Private/TemporalSuperResolution/TSRClosestOccluder.ush" 2643
"../../../Engine/Shaders/Private/TemporalSuperResolution/TSRWeightRelaxation.usf" 2644
"../../../Engine/Shaders/Private/TemporalSuperResolution/TSRThinGeometryCommon.ush" 2645
"../../../Engine/Shaders/Private/TemporalSuperResolution/TSRDetectThinGeometry.usf" 2646
"../../../Engine/Shaders/Private/TemporalSuperResolution/TSRDilateVelocity.usf" 2647
"../../../Engine/Shaders/Private/MotionBlur/MotionBlurVelocityFlatten.ush" 2648
"../../../Engine/Shaders/Private/MotionBlur/MotionBlurCommon.ush" 2649
"../../../Engine/Shaders/Private/TemporalSuperResolution/TSRClearPrevTextures.usf" 2650
"../../../Engine/Shaders/Private/TemporalSuperResolution/TSRMeasureCoverage.usf" 2651
"../../../Engine/Shaders/Private/TemporalSuperResolution/TSRMeasureFlickeringLuma.usf" 2652
"../../../Engine/Shaders/Private/TemporalAA.usf" 2653
"../../../Engine/Shaders/Private/FilterPixelShader.usf" 2654
"../../../Engine/Shaders/Private/FilterVertexShader.usf" 2655
"../../../Engine/Shaders/Private/VisualizeVirtualTexture.usf" 2656
"../../../Engine/Shaders/Private/PostProcessVisualizeBuffer.usf" 2657
"../../../Engine/Shaders/Private/PostProcessVisualizeLocalExposure.usf" 2658
"../../../Engine/Shaders/Private/PostProcessHistogramCommon.ush" 2659
"../../../Engine/Shaders/Private/TonemapCommon.ush" 2660
"../../../Engine/Shaders/Private/ACES/ACESCommon.ush" 2661
"../../../Engine/Shaders/Private/ACES/ACESOutputTransform.ush" 2662
"../../../Engine/Shaders/Private/ACES/ACESUtilities.ush" 2663
"../../../Engine/Shaders/Private/ACES/ACESTonescale.ush" 2664
"../../../Engine/Shaders/Private/ACES/ACESDisplayEncoding.ush" 2665
"../../../Engine/Shaders/Private/ACES/ACES_v1.3.ush" 2666
"../../../Engine/Shaders/Private/PostProcessVisualizeLevelInstance.usf" 2667
"../../../Engine/Shaders/Private/PostProcessVisualizeHDR.usf" 2668
"../../../Engine/Shaders/Private/ShaderComplexityApplyPixelShader.usf" 2669
"../../../Engine/Shaders/Private/QuadOverdraw.ush" 2670
"../../../Engine/Shaders/Private/PostProcessUpscale.usf" 2671
"../../../Engine/Shaders/Private/PostProcessTonemap.usf" 2672
"../../../Engine/Shaders/Private/PostProcessing/FilmGrainPackConstants.usf" 2673
"../../../Engine/Shaders/Private/PostProcessing/FilmGrainReduce.usf" 2674
"../../../Engine/Shaders/Private/PostProcessTestImage.usf" 2675
"../../../Engine/Shaders/Private/PostProcessSubsurface.usf" 2676
"../../../Engine/Shaders/Private/SeparableSSS.ush" 2677
"../../../Engine/Shaders/Private/SubsurfaceBurleyNormalized.ush" 2678
"../../../Engine/Shaders/Private/PostProcessSelectionOutline.usf" 2679
"../../../Engine/Shaders/Private/MotionBlur/MotionBlurVisualize.usf" 2680
"../../../Engine/Shaders/Private/MotionBlur/MotionBlurApply.usf" 2681
"../../../Engine/Shaders/Private/MotionBlur/MotionBlurFilterTileClassify.usf" 2682
"../../../Engine/Shaders/Private/MotionBlur/MotionBlurTileScatter.usf" 2683
"../../../Engine/Shaders/Private/MotionBlur/MotionBlurTileGather.usf" 2684
"../../../Engine/Shaders/Private/MotionBlur/MotionBlurVelocityFlatten.usf" 2685
"../../../Engine/Shaders/Private/PostProcessMobile.usf" 2686
"../../../Engine/Shaders/Private/PostProcessMitchellNetravali.usf" 2687
"../../../Engine/Shaders/Private/PostProcessMaterialShaders.usf" 2688
"../../../Engine/Shaders/Private/NeuralPostProcessCommon.usf" 2689
"../../../Engine/Shaders/Private/PostProcessLocalExposure.usf" 2690
"../../../Engine/Shaders/Private/PostProcessLensFlares.usf" 2691
"../../../Engine/Shaders/Private/PostProcessGBufferHints.usf" 2692
"../../../Engine/Shaders/Private/PostProcessHMD.usf" 2693
"../../../Engine/Shaders/Private/Histogram.usf" 2694
"../../../Engine/Shaders/Private/PostProcessHistogramReduce.usf" 2695
"../../../Engine/Shaders/Private/PostProcessHistogram.usf" 2696
"../../../Engine/Shaders/Private/Bloom/BloomFinalizeApplyConstants.usf" 2697
"../../../Engine/Shaders/Private/Bloom/BloomCommon.ush" 2698
"../../../Engine/Shaders/Private/Bloom/BloomResizeKernel.usf" 2699
"../../../Engine/Shaders/Private/Bloom/BloomDownsampleKernel.usf" 2700
"../../../Engine/Shaders/Private/Bloom/BloomClampKernel.usf" 2701
"../../../Engine/Shaders/Private/Bloom/BloomPackKernelConstants.usf" 2702
"../../../Engine/Shaders/Private/Bloom/BloomSumScatterDispersionEnergy.usf" 2703
"../../../Engine/Shaders/Private/Bloom/BloomReduceKernelSurvey.usf" 2704
"../../../Engine/Shaders/Private/Bloom/BloomSurveyKernelCenterEnergy.usf" 2705
"../../../Engine/Shaders/Private/Bloom/BloomSurveyMaxScatterDispersion.usf" 2706
"../../../Engine/Shaders/Private/Bloom/BloomFindKernelCenter.usf" 2707
"../../../Engine/Shaders/Private/PostProcessEyeAdaptation.usf" 2708
"../../../Engine/Shaders/Private/TranslucencyVolumeCommon.ush" 2709
"../../../Engine/Shaders/Private/PostProcessEyeAdaptationUtils.usf" 2710
"../../../Engine/Shaders/Private/PostProcessDownsample.usf" 2711
"../../../Engine/Shaders/Private/PostProcessDOF.usf" 2712
"../../../Engine/Shaders/Private/PostProcessDeviceEncodingOnly.usf" 2713
"../../../Engine/Shaders/Private/PostProcessCompositePrimitives.usf" 2714
"../../../Engine/Shaders/Private/PostProcessCombineLUTs.usf" 2715
"../../../Engine/Shaders/Private/PostProcessVisualizeDOF.usf" 2716
"../../../Engine/Shaders/Private/PostProcessBloom.usf" 2717
"../../../Engine/Shaders/Private/PostProcessAmbientOcclusionMobile.usf" 2718
"../../../Engine/Shaders/Private/PostProcessAmbientOcclusionCommon.ush" 2719
"../../../Engine/Shaders/Private/FXAAShader.usf" 2720
"../../../Engine/Shaders/Private/Fxaa3_11.ush" 2721
"../../../Engine/Shaders/Private/PaniniProjection.usf" 2722
"../../../Engine/Shaders/Private/DiaphragmDOF/DOFRecombine.usf" 2723
"../../../Engine/Shaders/Private/DiaphragmDOF/DOFHybridScatterPixelShader.usf" 2724
"../../../Engine/Shaders/Private/DiaphragmDOF/DOFHybridScatterCommon.ush" 2725
"../../../Engine/Shaders/Private/DiaphragmDOF/DOFVignetteCommon.ush" 2726
"../../../Engine/Shaders/Private/DiaphragmDOF/DOFHybridScatterVertexShader.usf" 2727
"../../../Engine/Shaders/Private/DiaphragmDOF/DOFPostfiltering.usf" 2728
"../../../Engine/Shaders/Private/DiaphragmDOF/DOFGatherTileSuggest.ush" 2729
"../../../Engine/Shaders/Private/DiaphragmDOF/DOFCocTileCommon.ush" 2730
"../../../Engine/Shaders/Private/DiaphragmDOF/DOFGatherPass.usf" 2731
"../../../Engine/Shaders/Private/DiaphragmDOF/DOFGatherCommon.ush" 2732
"../../../Engine/Shaders/Private/DiaphragmDOF/DOFGatherAccumulator.ush" 2733
"../../../Engine/Shaders/Private/DiaphragmDOF/DOFGatherKernel.ush" 2734
"../../../Engine/Shaders/Private/DiaphragmDOF/DOFBokehLUT.usf" 2735
"../../../Engine/Shaders/Private/DiaphragmDOF/DOFHybridScatterCompilation.usf" 2736
"../../../Engine/Shaders/Private/DiaphragmDOF/DOFReduce.usf" 2737
"../../../Engine/Shaders/Private/DiaphragmDOF/DOFDownsample.ush" 2738
"../../../Engine/Shaders/Private/DiaphragmDOF/DOFHybridScatterCompilation.ush" 2739
"../../../Engine/Shaders/Private/DiaphragmDOF/DOFDownsample.usf" 2740
"../../../Engine/Shaders/Private/DiaphragmDOF/DOFCocTileDilate.usf" 2741
"../../../Engine/Shaders/Private/DiaphragmDOF/DOFCocTileFlatten.usf" 2742
"../../../Engine/Shaders/Private/DiaphragmDOF/DOFSetup.usf" 2743
"../../../Engine/Shaders/Private/Tools/DebugAlphaChannel.usf" 2744
"../../../Engine/Shaders/Private/PostProcessAlphaInvert.usf" 2745
"../../../Engine/Shaders/Private/PlanarReflectionShaders.usf" 2746
"../../../Engine/Shaders/Private/PhysicsFieldVisualizer.usf" 2747
"../../../Engine/Shaders/Private/PathTracing/PathTracingSpatialTemporalDenoising.usf" 2748
"../../../Engine/Shaders/Private/ColorDifference.ush" 2749
"../../../Engine/Shaders/Private/PathTracing/PathTracingCompositingPixelShader.usf" 2750
"../../../Engine/Shaders/Private/PathTracing/PathTracingAdaptiveUtils.ush" 2751
"../../../Engine/Shaders/Private/PathTracing/PathTracingDefaultHitShader.usf" 2752
"../../../Engine/Shaders/Private/PathTracing/PathTracingGPULightmassMaterialHitShader.usf" 2753
"../../../Engine/Shaders/Private/PathTracing/PathTracingMaterialHitShader.usf" 2754
"../../../Engine/Shaders/Private/PathTracing/Material/PathTracingSubstrateCommon.ush" 2755
"../../../Engine/Shaders/Private/PathTracing/PathTracingLightingMissShader.usf" 2756
"../../../Engine/Shaders/Private/PathTracing/PathTracingMissShader.usf" 2757
"../../../Engine/Shaders/Private/PathTracing/PathTracingAdaptiveStart.usf" 2758
"../../../Engine/Shaders/Private/PathTracing/PathTracingBuildAdaptiveError.usf" 2759
"../../../Engine/Shaders/Private/PathTracing/PathTracingVolumetricCloudMaterialShader.usf" 2760
"../../../Engine/Shaders/Private/PathTracing/Volume/PathTracingCloudsMaterialCommon.ush" 2761
"../../../Engine/Shaders/Private/PathTracing/Volume/PathTracingVolumeCommon.ush" 2762
"../../../Engine/Shaders/Private/PathTracing/Volume/PathTracingCloudsCommon.ush" 2763
"../../../Engine/Shaders/Private/PathTracing/Volume/PathTracingFog.ush" 2764
"../../../Engine/Shaders/Private/PathTracing/Volume/PathTracingAtmosphere.ush" 2765
"../../../Engine/Shaders/Private/PathTracing/Volume/PathTracingAtmosphereCommon.ush" 2766
"../../../Engine/Shaders/Private/PathTracing/Volume/PathTracingVolumeSampling.ush" 2767
"../../../Engine/Shaders/Private/PathTracing/PathTracingBuildCloudAccelerationMap.usf" 2768
"../../../Engine/Shaders/Private/PathTracing/PathTracingBuildAtmosphereLUT.usf" 2769
"../../../Engine/Shaders/Private/PathTracing/PathTracingSwizzleScanlines.usf" 2770
"../../../Engine/Shaders/Private/PathTracing/PathTracingInitExtinctionCoefficient.usf" 2771
"../../../Engine/Shaders/Private/PathTracing/PathTracingCopyDepth.usf" 2772
"../../../Engine/Shaders/Private/PathTracing/PathTracingDebug.usf" 2773
"../../../Engine/Shaders/Private/RayTracing/RayTracingDecalGrid.ush" 2774
"../../../Engine/Shaders/Private/PathTracing/Material/PathTracingMaterialSampling.ush" 2775
"../../../Engine/Shaders/Private/PathTracing/Material/PathTracingLambert.ush" 2776
"../../../Engine/Shaders/Private/PathTracing/Material/PathTracingSubstrate.ush" 2777
"../../../Engine/Shaders/Private/PathTracing/Material/PathTracingSubstrateFoliage.ush" 2778
"../../../Engine/Shaders/Private/PathTracing/Material/PathTracingSubstrateSolidGlass.ush" 2779
"../../../Engine/Shaders/Private/PathTracing/Material/PathTracingSubstrateThinGlass.ush" 2780
"../../../Engine/Shaders/Private/PathTracing/Material/PathTracingSolidGlass.ush" 2781
"../../../Engine/Shaders/Private/PathTracing/Material/PathTracingEnergyConservation.ush" 2782
"../../../Engine/Shaders/Private/PathTracing/Material/PathTracingThinGlass.ush" 2783
"../../../Engine/Shaders/Private/PathTracing/Material/PathTracingDefaultLit.ush" 2784
"../../../Engine/Shaders/Private/PathTracing/Material/PathTracingClearCoat.ush" 2785
"../../../Engine/Shaders/Private/PathTracing/Material/PathTracingTwoSidedFoliage.ush" 2786
"../../../Engine/Shaders/Private/PathTracing/Material/PathTracingCloth.ush" 2787
"../../../Engine/Shaders/Private/PathTracing/Material/PathTracingSubsurfaceProfile.ush" 2788
"../../../Engine/Shaders/Private/PathTracing/Material/PathTracingEye.ush" 2789
"../../../Engine/Shaders/Private/PathTracing/Material/PathTracingHair.ush" 2790
"../../../Engine/Shaders/Private/PathTracing/Material/PathTracingMedium.ush" 2791
"../../../Engine/Shaders/Private/PathTracing/Light/PathTracingLightSampling.ush" 2792
"../../../Engine/Shaders/Private/PathTracing/Light/PathTracingLightCommon.ush" 2793
"../../../Engine/Shaders/Private/PathTracing/Light/PathTracingDirectionalLight.ush" 2794
"../../../Engine/Shaders/Private/PathTracing/Light/PathTracingPointLight.ush" 2795
"../../../Engine/Shaders/Private/PathTracing/Light/PathTracingCapsuleLight.ush" 2796
"../../../Engine/Shaders/Private/PathTracing/Light/PathTracingRectLight.ush" 2797
"../../../Engine/Shaders/Private/PathTracing/Light/PathTracingSkyLight.ush" 2798
"../../../Engine/Shaders/Private/PathTracing/Light/PathTracingLightGrid.ush" 2799
"../../../Engine/Shaders/Private/PathTracing/PathTracing.usf" 2800
"../../../Engine/Shaders/Private/PathTracing/PathTracingCore.ush" 2801
"../../../Engine/Shaders/Private/HeterogeneousVolumes/HeterogeneousVolumesVoxelGridTypes.ush" 2802
"../../../Engine/Shaders/Private/PathTracing/Volume/PathTracingVolume.ush" 2803
"../../../Engine/Shaders/Private/PathTracing/Volume/PathTracingClouds.ush" 2804
"../../../Engine/Shaders/Private/PathTracing/Volume/PathTracingHeterogeneousVolumes.ush" 2805
"../../../Engine/Shaders/Private/HeterogeneousVolumes/HeterogeneousVolumesVoxelGridTraversal.ush" 2806
"../../../Engine/Shaders/Private/HeterogeneousVolumes/HeterogeneousVolumesVoxelGridUtils.ush" 2807
"../../../Engine/Shaders/Private/HeterogeneousVolumes/HeterogeneousVolumesFrustumVoxelGridUtils.ush" 2808
"../../../Engine/Shaders/Private/PathTracing/PathTracingBuildLightGrid.usf" 2809
"../../../Engine/Shaders/Private/PathTracing/PathTracingSkylightMISCompensation.usf" 2810
"../../../Engine/Shaders/Private/PathTracing/PathTracingSkylightPrepare.usf" 2811
"../../../Engine/Shaders/Private/OIT/OITSorting.usf" 2812
"../../../Engine/Shaders/Private/OITCombine.usf" 2813
"../../../Engine/Shaders/Private/OITCommon.ush" 2814
"../../../Engine/Shaders/Private/Nanite/Voxel/RasterizeBricks.usf" 2815
"../../../Engine/Shaders/Private/Nanite/Voxel/Brick.ush" 2816
"../../../Engine/Shaders/Private/Nanite/Voxel/Voxel.ush" 2817
"../../../Engine/Shaders/Private/Nanite/Voxel/ScatterBricks.usf" 2818
"../../../Engine/Shaders/Private/Nanite/Voxel/TileBricks.usf" 2819
"../../../Engine/Shaders/Private/Nanite/Voxel/AutoVoxel.usf" 2820
"../../../Engine/Shaders/Private/Nanite/NaniteDebugViews.usf" 2821
"../../../Engine/Shaders/Private/Nanite/NaniteEditorCommon.ush" 2822
"../../../Engine/Shaders/Private/BinarySearch.ush" 2823
"../../../Engine/Shaders/Private/Nanite/NaniteDepthDecode.usf" 2824
"../../../Engine/Shaders/Private/HTileEncoding.ush" 2825
"../../../Engine/Shaders/Private/Nanite/NaniteVisualize.usf" 2826
"../../../Engine/Shaders/Private/Nanite/NaniteStreamOut.usf" 2827
"../../../Engine/Shaders/Private/Nanite/NaniteHierarchyTraversal.ush" 2828
"../../../Engine/Shaders/Private/Nanite/NaniteSkinningUpdateViewData.usf" 2829
"../../../Engine/Shaders/Private/Skinning/TransformProviders.usf" 2830
"../../../Engine/Shaders/Private/Nanite/NaniteShadeBinning.usf" 2831
"../../../Engine/Shaders/Private/Nanite/NaniteShadeCommon.ush" 2832
"../../../Engine/Shaders/Private/Nanite/NaniteFastClear.usf" 2833
"../../../Engine/Shaders/Private/Nanite/NaniteExportGBuffer.usf" 2834
"../../../Engine/Shaders/Private/Nanite/NaniteClusterCulling.usf" 2835
"../../../Engine/Shaders/Private/Nanite/NanitePrintStats.usf" 2836
"../../../Engine/Shaders/Private/Nanite/NaniteRasterizer.usf" 2837
"../../../Engine/Shaders/Private/Nanite/NaniteRasterizationCommon.ush" 2838
"../../../Engine/Shaders/Private/Nanite/NaniteRasterizer.ush" 2839
"../../../Engine/Shaders/Private/Nanite/NaniteWritePixel.ush" 2840
"../../../Engine/Shaders/Private/Nanite/NaniteTessellation.ush" 2841
"../../../Engine/Shaders/Private/WorkDistribution.ush" 2842
"../../../Engine/Shaders/Private/Nanite/NaniteDice.ush" 2843
"../../../Engine/Shaders/Private/ShaderBundleWorkGraphCommon.ush" 2844
"../../../Engine/Shaders/Public/RootConstants.ush" 2845
"../../../Engine/Shaders/Public/Platform/D3D/D3DRootConstants.ush" 2846
"../../../Engine/Shaders/Private/Nanite/NaniteSplit.usf" 2847
"../../../Engine/Shaders/Private/Nanite/NaniteRasterBinning.usf" 2848
"../../../Engine/Shaders/Private/Nanite/NaniteInstanceCulling.usf" 2849
"../../../Engine/Shaders/Private/Nanite/NaniteImposter.ush" 2850
"../../../Engine/Shaders/Private/Nanite/NaniteInstanceHierarchyCulling.usf" 2851
"../../../Engine/Shaders/Private/WorkGroupLoadBalancer.ush" 2852
"../../../Engine/Shaders/Private/Nanite/NanitePrimitiveFilter.usf" 2853
"../../../Engine/Shaders/Private/Nanite/NaniteRasterClear.usf" 2854
"../../../Engine/Shaders/Private/Nanite/NaniteDepthExport.usf" 2855
"../../../Engine/Shaders/Private/Nanite/NaniteEmitShadow.usf" 2856
"../../../Engine/Shaders/Private/MobileDeferredUtils.usf" 2857
"../../../Engine/Shaders/Private/MobileLocalLightsBuffer.usf" 2858
"../../../Engine/Shaders/Private/MobileFog.usf" 2859
"../../../Engine/Shaders/Private/DistortApplyScreenPS.usf" 2860
"../../../Engine/Shaders/Private/MobileDeferredShading.usf" 2861
"../../../Engine/Shaders/Private/MobileBasePassPixelShader.usf" 2862
"../../../Engine/Shaders/Private/MobileBasePassCommon.ush" 2863
"../../../Engine/Shaders/Private/BasePassCommon.ush" 2864
"../../../Engine/Shaders/Private/ShadingModelsMaterial.ush" 2865
"../../../Engine/Shaders/Private/ThinTranslucentCommon.ush" 2866
"../../../Engine/Shaders/Private/SingleLayerWaterShading.ush" 2867
"../../../Engine/Shaders/Private/DistortionCommon.ush" 2868
"../../../Engine/Shaders/Private/Substrate/SubstrateMobileForwardLighting.ush" 2869
"../../../Engine/Shaders/Private/MobileBasePassVertexShader.usf" 2870
"../../../Engine/Shaders/Private/MeshEdges.usf" 2871
"../../../Engine/Shaders/Private/MegaLights/MegaLightsVSMTracing.usf" 2872
"../../../Engine/Shaders/Private/MegaLights/MegaLights.ush" 2873
"../../../Engine/Shaders/Shared/MegaLightsDefinitions.h" 2874
"../../../Engine/Shaders/Private/HairStrands/HairStrandsVisibilityUtils.ush" 2875
"../../../Engine/Shaders/Private/MegaLights/MegaLightsRayTracing.ush" 2876
"../../../Engine/Shaders/Private/MegaLights/MegaLightsRayTracing.usf" 2877
"../../../Engine/Shaders/Private/DistanceField/GlobalDistanceFieldUtils.ush" 2878
"../../../Engine/Shaders/Private/Lumen/LumenScreenTracing.ush" 2879
"../../../Engine/Shaders/Private/MegaLights/MegaLightsVolumeRayTracing.usf" 2880
"../../../Engine/Shaders/Private/MegaLights/MegaLightsVolume.ush" 2881
"../../../Engine/Shaders/Private/MegaLights/MegaLightsVolumeHardwareRayTracing.usf" 2882
"../../../Engine/Shaders/Private/Lumen/LumenHardwareRayTracingCommon.ush" 2883
"../../../Engine/Shaders/Private/RayTracing/RayTracingReflectionEnvironment.ush" 2884
"../../../Engine/Shaders/Private/Lumen/LumenHardwareRayTracingPlatformCommon.ush" 2885
"../../../Engine/Shaders/Private/Lumen/LumenReflectionsCombine.ush" 2886
"../../../Engine/Shaders/Private/Lumen/LumenTracingCommon.ush" 2887
"../../../Engine/Shaders/Private/Lumen/SurfaceCache/LumenSurfaceCacheSampling.ush" 2888
"../../../Engine/Shaders/Private/Lumen/SurfaceCache/LumenSurfaceCache.ush" 2889
"../../../Engine/Shaders/Private/Lumen/LumenCardCommon.ush" 2890
"../../../Engine/Shaders/Private/Lumen/LumenCardTileShadowDownsampleFactor.ush" 2891
"../../../Engine/Shaders/Private/MegaLights/MegaLightsHardwareRayTracing.usf" 2892
"../../../Engine/Shaders/Private/MegaLights/MegaLights.usf" 2893
"../../../Engine/Shaders/Private/MegaLights/MegaLightsShading.ush" 2894
"../../../Engine/Shaders/Private/MegaLights/MegaLightsFilterVisibleLightHash.usf" 2895
"../../../Engine/Shaders/Private/MegaLights/MegaLightsDenoiserSpatial.usf" 2896
"../../../Engine/Shaders/Private/Lumen/LumenReflectionDenoiserCommon.ush" 2897
"../../../Engine/Shaders/Private/MegaLights/MegaLightsDenoiserTemporal.usf" 2898
"../../../Engine/Shaders/Private/MegaLights/MegaLightsShading.usf" 2899
"../../../Engine/Shaders/Private/StochasticLighting/StochasticLightingUpsample.ush" 2900
"../../../Engine/Shaders/Private/MegaLights/MegaLightsVisibleLightHash.usf" 2901
"../../../Engine/Shaders/Private/MegaLights/MegaLightsVolumeShading.usf" 2902
"../../../Engine/Shaders/Private/MegaLights/MegaLightsSampling.usf" 2903
"../../../Engine/Shaders/Private/MegaLights/MegaLightsSampling.ush" 2904
"../../../Engine/Shaders/Private/MegaLights/MegaLightsVolumeSampling.usf" 2905
"../../../Engine/Shaders/Private/MaterialCache/MaterialCacheABufferPages.usf" 2906
"../../../Engine/Shaders/Private/MaterialCache/MaterialCacheShade.usf" 2907
"../../../Engine/Shaders/Private/MaterialCache/MaterialCacheUnwrapNaniteShade.usf" 2908
"../../../Engine/Shaders/Private/MaterialCache/MaterialCacheUnwrapPixelShader.usf" 2909
"../../../Engine/Shaders/Private/MaterialCache/MaterialCacheUnwrapVertexShader.usf" 2910
"../../../Engine/Shaders/Private/Lumen/LumenVisualizeRadianceCache.usf" 2911
"../../../Engine/Shaders/Private/Lumen/LumenRadianceCacheCommon.ush" 2912
"../../../Engine/Shaders/Private/Lumen/LumenVisualizeHardwareRayTracing.usf" 2913
"../../../Engine/Shaders/Private/Lumen/LumenVisualize.ush" 2914
"../../../Engine/Shaders/Private/Lumen/LumenHairTracing.ush" 2915
"../../../Engine/Shaders/Private/Lumen/LumenVisualize.usf" 2916
"../../../Engine/Shaders/Private/Lumen/LumenSoftwareRayTracing.ush" 2917
"../../../Engine/Shaders/Private/DistanceField/GlobalDistanceFieldObjectGrid.ush" 2918
"../../../Engine/Shaders/Private/DistanceFieldLightingShared.ush" 2919
"../../../Engine/Shaders/Private/Lumen/LumenVisualizeTraces.ush" 2920
"../../../Engine/Shaders/Private/Lumen/LumenTranslucencyVolumeLighting.usf" 2921
"../../../Engine/Shaders/Private/Lumen/LumenRadianceCacheMarkCommon.ush" 2922
"../../../Engine/Shaders/Private/Lumen/LumenTranslucencyVolumeLightingShared.ush" 2923
"../../../Engine/Shaders/Private/Lumen/LumenScreenProbeCommon.ush" 2924
"../../../Engine/Shaders/Private/RayTracing/RayGenUtils.ush" 2925
"../../../Engine/Shaders/Private/Lumen/LumenRadianceCacheTracingCommon.ush" 2926
"../../../Engine/Shaders/Private/Lumen/LumenTranslucencyVolumeHardwareRayTracing.usf" 2927
"../../../Engine/Shaders/Private/Lumen/LumenTranslucencyRadianceCacheMarkShaders.usf" 2928
"../../../Engine/Shaders/Private/Lumen/SurfaceCache/LumenSurfaceCache.usf" 2929
"../../../Engine/Shaders/Private/Lumen/LumenShortRangeAOHardwareRayTracing.usf" 2930
"../../../Engine/Shaders/Private/Lumen/LumenScreenSpaceBentNormal.ush" 2931
"../../../Engine/Shaders/Private/Lumen/LumenScreenSpaceBentNormal.usf" 2932
"../../../Engine/Shaders/Private/Lumen/LumenScreenProbeTracing.usf" 2933
"../../../Engine/Shaders/Private/Lumen/LumenScreenProbeTracingCommon.ush" 2934
"../../../Engine/Shaders/Private/Lumen/LumenFloatQuantization.ush" 2935
"../../../Engine/Shaders/Private/Lumen/LumenScreenProbeImportanceSampling.usf" 2936
"../../../Engine/Shaders/Private/Lumen/LumenScreenProbeImportanceSamplingShared.ush" 2937
"../../../Engine/Shaders/Private/Lumen/LumenScreenProbeHardwareRayTracing.usf" 2938
"../../../Engine/Shaders/Private/Lumen/LumenScreenProbeDebug.usf" 2939
"../../../Engine/Shaders/Private/Lumen/LumenScreenProbeGather.usf" 2940
"../../../Engine/Shaders/Private/Lumen/LumenScreenProbeGatherTemporal.usf" 2941
"../../../Engine/Shaders/Private/Lumen/LumenScreenProbeFiltering.usf" 2942
"../../../Engine/Shaders/Private/Lumen/LumenSceneLighting.usf" 2943
"../../../Engine/Shaders/Private/Lumen/LumenCardTile.ush" 2944
"../../../Engine/Shaders/Private/Lumen/LumenSceneLighting.ush" 2945
"../../../Engine/Shaders/Private/Lumen/Radiosity/LumenRadiosity.ush" 2946
"../../../Engine/Shaders/Private/Lumen/LumenSceneLightingDebug.usf" 2947
"../../../Engine/Shaders/Private/Lumen/LumenScene.usf" 2948
"../../../Engine/Shaders/Private/Lumen/LumenSceneDirectLightingHardwareRayTracing.usf" 2949
"../../../Engine/Shaders/Private/Lumen/LumenSceneDirectLightingStochastic.ush" 2950
"../../../Engine/Shaders/Private/Lumen/LumenReflectionCommon.ush" 2951
"../../../Engine/Shaders/Private/Lumen/LumenSceneDirectLighting.ush" 2952
"../../../Engine/Shaders/Private/Lumen/LumenSceneDebugHardwareRayTracing.usf" 2953
"../../../Engine/Shaders/Private/Lumen/LumenSceneDirectLightingStochastic.usf" 2954
"../../../Engine/Shaders/Private/Lumen/LumenSceneDirectLightingSoftwareRayTracing.usf" 2955
"../../../Engine/Shaders/Private/DistanceFieldShadowingShared.ush" 2956
"../../../Engine/Shaders/Private/Lumen/LumenSceneDirectLightingPerLightShadowCommon.ush" 2957
"../../../Engine/Shaders/Private/Lumen/LumenSceneDirectLightingShadowMask.usf" 2958
"../../../Engine/Shaders/Private/Lumen/LumenSceneDirectLighting.usf" 2959
"../../../Engine/Shaders/Private/Lumen/LumenSceneDirectLightingCulling.usf" 2960
"../../../Engine/Shaders/Private/Lumen/LumenCardComputeShader.usf" 2961
"../../../Engine/Shaders/Private/Lumen/LumenCardBasePass.ush" 2962
"../../../Engine/Shaders/Private/Lumen/LumenCardPixelShader.usf" 2963
"../../../Engine/Shaders/Private/Lumen/LumenCardVertexShader.usf" 2964
"../../../Engine/Shaders/Private/Lumen/LumenReSTIRGather.usf" 2965
"../../../Engine/Shaders/Private/Lumen/LumenReflectionTracing.usf" 2966
"../../../Engine/Shaders/Private/Lumen/LumenReflectionDenoiserSpatial.usf" 2967
"../../../Engine/Shaders/Private/Lumen/LumenReflectionDenoiserClear.usf" 2968
"../../../Engine/Shaders/Private/Lumen/LumenReflectionDenoiserTemporal.usf" 2969
"../../../Engine/Shaders/Private/Lumen/LumenReflectionResolve.usf" 2970
"../../../Engine/Shaders/Private/Lumen/LumenReflections.usf" 2971
"../../../Engine/Shaders/Private/Lumen/RayTracedTranslucency.usf" 2972
"../../../Engine/Shaders/Private/Lumen/LumenReflectionHardwareRayTracing.usf" 2973
"../../../Engine/Shaders/Private/Lumen/Radiosity/LumenVisualizeRadiosityProbes.usf" 2974
"../../../Engine/Shaders/Private/Lumen/Radiosity/LumenRadiosity.usf" 2975
"../../../Engine/Shaders/Private/Lumen/Radiosity/LumenRadiosityHardwareRayTracing.usf" 2976
"../../../Engine/Shaders/Private/Lumen/Radiosity/LumenRadiosityCulling.usf" 2977
"../../../Engine/Shaders/Private/Lumen/LumenRadianceCacheHardwareRayTracing.usf" 2978
"../../../Engine/Shaders/Private/Lumen/LumenRadianceCache.usf" 2979
"../../../Engine/Shaders/Private/Lumen/LumenRadianceCacheUpdate.ush" 2980
"../../../Engine/Shaders/Private/Lumen/LumenRadianceCacheDebug.usf" 2981
"../../../Engine/Shaders/Private/Lumen/LumenRadianceCacheUpdate.usf" 2982
"../../../Engine/Shaders/Private/Lumen/LumenMeshSDFCulling.usf" 2983
"../../../Engine/Shaders/Private/HybridIndirectLighting.ush" 2984
"../../../Engine/Shaders/Private/MeshDistanceFieldCommon.ush" 2985
"../../../Engine/Shaders/Private/Lumen/LumenIrradianceFieldGather.usf" 2986
"../../../Engine/Shaders/Private/Lumen/LumenHardwareRayTracingMaterials.usf" 2987
"../../../Engine/Shaders/Private/Lumen/LumenFrontLayerTranslucency.usf" 2988
"../../../Engine/Shaders/Private/LocalFogVolumes/LocalFogVolumeSplat.usf" 2989
"../../../Engine/Shaders/Private/LocalFogVolumes/LocalFogVolumeTiledCulling.usf" 2990
"../../../Engine/Shaders/Private/LightShaftShader.usf" 2991
"../../../Engine/Shaders/Private/StationaryLightOverlapShaders.usf" 2992
"../../../Engine/Shaders/Private/DeferredLightPixelShaders.usf" 2993
"../../../Engine/Shaders/Private/DeferredLightVertexShaders.usf" 2994
"../../../Engine/Shaders/Private/LightMapDensityShader.usf" 2995
"../../../Engine/Shaders/Private/LightGridInjection.usf" 2996
"../../../Engine/Shaders/Shared/LightGridDefinitions.h" 2997
"../../../Engine/Shaders/Private/LightFunctionPixelShader.usf" 2998
"../../../Engine/Shaders/Private/LightFunctionVertexShader.usf" 2999
"../../../Engine/Shaders/Private/LightFunctionAtlas/LightFunctionAtlasRender.usf" 3000
"../../../Engine/Shaders/Private/InstanceCulling/InstanceCullingOcclusionQuery.usf" 3001
"../../../Engine/Shaders/Private/InstanceCulling/InstanceCullingSetup.ush" 3002
"../../../Engine/Shaders/Private/InstanceCulling/BuildInstanceDrawCommands.usf" 3003
"../../../Engine/Shaders/Private/InstanceCulling/InstanceCompactionCommon.ush" 3004
"../../../Engine/Shaders/Private/SceneDataMobileWriter.ush" 3005
"../../../Engine/Shaders/Private/InstanceCulling/CompactVisibleInstances.usf" 3006
"../../../Engine/Shaders/Private/ReflectionEnvironmentPixelShader.usf" 3007
"../../../Engine/Shaders/Private/AmbientCubemapComposite.usf" 3008
"../../../Engine/Shaders/Private/DiffuseIndirectComposite.usf" 3009
"../../../Engine/Shaders/Private/IESAtlas.usf" 3010
"../../../Engine/Shaders/Private/HeterogeneousVolumes/HeterogeneousVolumesVoxelGridShadows.usf" 3011
"../../../Engine/Shaders/Private/HeterogeneousVolumes/HeterogeneousVolumesStochasticFiltering.ush" 3012
"../../../Engine/Shaders/Private/HeterogeneousVolumes/HeterogeneousVolumesVoxelGridRenderingUtils.ush" 3013
"../../../Engine/Shaders/Private/HeterogeneousVolumes/HeterogeneousVolumesLightingUtils.ush" 3014
"../../../Engine/Shaders/Private/HeterogeneousVolumes/HeterogeneousVolumesVoxelGridRendering.usf" 3015
"../../../Engine/Shaders/Private/HeterogeneousVolumes/HeterogeneousVolumesVoxelGridPipeline.usf" 3016
"../../../Engine/Shaders/Private/HeterogeneousVolumes/HeterogeneousVolumesMaterialBakingPipeline.usf" 3017
"../../../Engine/Shaders/Private/HeterogeneousVolumes/HeterogeneousVolumesLiveShadingUtils.ush" 3018
"../../../Engine/Shaders/Private/HeterogeneousVolumes/HeterogeneousVolumesFrustumVoxelGrid.usf" 3019
"../../../Engine/Shaders/Private/HeterogeneousVolumes/HeterogeneousVolumesSparseVoxelPipeline.usf" 3020
"../../../Engine/Shaders/Private/HeterogeneousVolumes/HeterogeneousVolumesSparseVoxelUtils.ush" 3021
"../../../Engine/Shaders/Private/HeterogeneousVolumes/HeterogeneousVolumesSparseVoxelUniformBufferUtils.ush" 3022
"../../../Engine/Shaders/Private/HeterogeneousVolumes/HeterogeneousVolumesPreshadingPipeline.usf" 3023
"../../../Engine/Shaders/Private/HeterogeneousVolumes/HeterogeneousVolumesLiveShadingShadows.usf" 3024
"../../../Engine/Shaders/Private/HeterogeneousVolumes/HeterogeneousVolumesLiveShadingGlobalPipeline.usf" 3025
"../../../Engine/Shaders/Private/HeterogeneousVolumes/HeterogeneousVolumesLiveShadingPipeline.usf" 3026
"../../../Engine/Shaders/Private/HeterogeneousVolumes/HeterogeneousVolumesHardwareRayTracing.usf" 3027
"../../../Engine/Shaders/Private/HeterogeneousVolumes/HeterogeneousVolumesAmbientOcclusionPipeline.usf" 3028
"../../../Engine/Shaders/Private/HeterogeneousVolumes/HeterogeneousVolumesComposite.usf" 3029
"../../../Engine/Shaders/Private/HdrCustomResolveShaders.usf" 3030
"../../../Engine/Shaders/Private/HairStrands/RenderCurveRaster.usf" 3031
"../../../Engine/Shaders/Private/HairStrands/HairStrandsVoxelRasterCompute.usf" 3032
"../../../Engine/Shaders/Private/HairStrands/HairStrandsHitProxy.usf" 3033
"../../../Engine/Shaders/Private/HairStrands/HairStrandsVisibilityRasterComputeNaive.usf" 3034
"../../../Engine/Shaders/Private/HairStrands/HairStrandsVisibilityRasterHW.usf" 3035
"../../../Engine/Shaders/Private/HairStrands/HairStrandsVisibilityRasterCompute.usf" 3036
"../../../Engine/Shaders/Private/HairStrands/HairStrandsVisibilityRasterClassification.usf" 3037
"../../../Engine/Shaders/Private/HairStrands/HairStrandsCoverage.usf" 3038
"../../../Engine/Shaders/Private/HairStrands/HairStrandsVisibilityDepthPS.usf" 3039
"../../../Engine/Shaders/Private/HairStrands/HairStrandsVisibilityTransmittanceDepthPS.usf" 3040
"../../../Engine/Shaders/Private/HairStrands/HairStrandsVisibilityFillOpaqueDepthPS.usf" 3041
"../../../Engine/Shaders/Private/HairStrands/HairStrandsVisibilityCompactionComputeRaster.usf" 3042
"../../../Engine/Shaders/Private/HairStrands/HairStrandsVisibilityCompaction.usf" 3043
"../../../Engine/Shaders/Private/HairStrands/HairStrandsVisibilityCopyIndirectArg.usf" 3044
"../../../Engine/Shaders/Private/HairStrands/HairStrandsVisibilityClearPS.usf" 3045
"../../../Engine/Shaders/Private/HairStrands/HairStrandsVisibilityPS.usf" 3046
"../../../Engine/Shaders/Private/HairStrands/HairStrandsVisibilityVS.usf" 3047
"../../../Engine/Shaders/Private/HairStrands/HairStrandsVelocity.usf" 3048
"../../../Engine/Shaders/Private/HairStrands/HairStrandsVisibilityComputeSampleCoverage.usf" 3049
"../../../Engine/Shaders/Private/HairStrands/HairStrandsMaterialPS.usf" 3050
"../../../Engine/Shaders/Private/HairStrands/HairStrandsMaterialCommon.ush" 3051
"../../../Engine/Shaders/Private/HairStrands/HairStrandsMaterialVS.usf" 3052
"../../../Engine/Shaders/Private/HairStrands/HairStrandsLightSample.usf" 3053
"../../../Engine/Shaders/Private/HairStrands/HairStrandsDeepShadowMask.usf" 3054
"../../../Engine/Shaders/Private/HairStrands/HairStrandsDeepTransmittanceMask.usf" 3055
"../../../Engine/Shaders/Private/HairStrands/HairStrandsVisibilityTile.usf" 3056
"../../../Engine/Shaders/Private/HairStrands/HairStrandsDeepShadowPS.usf" 3057
"../../../Engine/Shaders/Private/HairStrands/HairStrandsDeepShadowVS.usf" 3058
"../../../Engine/Shaders/Private/HairStrands/HairStrandsAABB.usf" 3059
"../../../Engine/Shaders/Private/HairStrands/HairStrandsLUT.usf" 3060
"../../../Engine/Shaders/Private/HairStrands/HairStrandsForwardRaster.usf" 3061
"../../../Engine/Shaders/Private/HairStrands/HairStrandsForwardCulling.usf" 3062
"../../../Engine/Shaders/Private/HairStrands/HairStrandsEnvironmentLighting.usf" 3063
"../../../Engine/Shaders/Private/HairStrands/HairStrandsEnvironmentAO.usf" 3064
"../../../Engine/Shaders/Private/HairStrands/HairStrandsDeepShadowAllocation.usf" 3065
"../../../Engine/Shaders/Private/HairStrands/HairStrandsVoxelDebug.usf" 3066
"../../../Engine/Shaders/Private/HairStrands/HairStrandsComposition.usf" 3067
"../../../Engine/Shaders/Private/HairStrands/HairStrandsGBufferCommon.ush" 3068
"../../../Engine/Shaders/Private/GPUScene/GPUSceneDataManagement.usf" 3069
"../../../Engine/Shaders/Private/GPUSceneDebugRender.usf" 3070
"../../../Engine/Shaders/Private/GPUFeedbackCompaction.usf" 3071
"../../../Engine/Shaders/Private/GPUFastFourierTransform.usf" 3072
"../../../Engine/Shaders/Private/GPUFastFourierTransform2DCore.ush" 3073
"../../../Engine/Shaders/Private/GPUFastFourierTransformCore.ush" 3074
"../../../Engine/Shaders/Private/GPUBenchmark.usf" 3075
"../../../Engine/Shaders/Private/DistanceField/GlobalDistanceFieldDebug.usf" 3076
"../../../Engine/Shaders/Private/DistanceField/GlobalDistanceFieldUpdate.ush" 3077
"../../../Engine/Shaders/Private/DistanceField/GlobalDistanceFieldMip.usf" 3078
"../../../Engine/Shaders/Private/DistanceField/GlobalDistanceField.usf" 3079
"../../../Engine/Shaders/Private/DistanceField/GlobalDistanceFieldCompositeObjects.usf" 3080
"../../../Engine/Shaders/Private/DistanceField/GlobalDistanceFieldHeightfields.usf" 3081
"../../../Engine/Shaders/Private/HeightfieldLightingShared.ush" 3082
"../../../Engine/Shaders/Private/GenerateConservativeDepth.usf" 3083
"../../../Engine/Shaders/Private/HeightFogPixelShader.usf" 3084
"../../../Engine/Shaders/Private/HeightFogVertexShader.usf" 3085
"../../../Engine/Shaders/Private/DistortFiltering.usf" 3086
"../../../Engine/Shaders/Private/DistortAccumulatePS.usf" 3087
"../../../Engine/Shaders/Private/DistortAccumulateVS.usf" 3088
"../../../Engine/Shaders/Private/DistanceFieldVisualization.usf" 3089
"../../../Engine/Shaders/Private/DistanceFieldStreaming.usf" 3090
"../../../Engine/Shaders/Private/DistanceFieldShadowing.usf" 3091
"../../../Engine/Shaders/Private/DistanceFieldScreenGridLighting.usf" 3092
"../../../Engine/Shaders/Private/DistanceFieldObjectCulling.usf" 3093
"../../../Engine/Shaders/Private/DistanceFieldLightingPost.usf" 3094
"../../../Engine/Shaders/Private/DitheredTransitionStencil.usf" 3095
"../../../Engine/Shaders/Private/CopyDepthTexture.usf" 3096
"../../../Engine/Shaders/Private/CopyDepthTextureCS.usf" 3097
"../../../Engine/Shaders/Private/DeferredDecal.usf" 3098
"../../../Engine/Shaders/Private/DecalCommon.ush" 3099
"../../../Engine/Shaders/Private/DebugViewModeVertexShader.usf" 3100
"../../../Engine/Shaders/Private/DebugViewModeCommon.ush" 3101
"../../../Engine/Shaders/Private/DebugViewModePixelShader.usf" 3102
"../../../Engine/Shaders/Private/DebugProbes.usf" 3103
"../../../Engine/Shaders/Private/MeshDecals.usf" 3104
"../../../Engine/Shaders/Private/PostProcessAmbientOcclusion.usf" 3105
"../../../Engine/Shaders/Private/ClusteredDeferredShadingPixelShader.usf" 3106
"../../../Engine/Shaders/Private/ClusteredDeferredShadingVertexShader.usf" 3107
"../../../Engine/Shaders/Private/CapsuleShadowShaders.usf" 3108
"../../../Engine/Shaders/Private/BasePassPixelShader.usf" 3109
"../../../Engine/Shaders/Private/ForwardLightingCommon.ush" 3110
"../../../Engine/Shaders/Private/Substrate/SubstrateForwardLighting.ush" 3111
"../../../Engine/Shaders/Private/ComputeShaderOutputCommon.ush" 3112
"../../../Engine/Shaders/Private/BasePassVertexShader.usf" 3113
"../../../Engine/Shaders/Private/BasePassVertexCommon.ush" 3114
"../../../Engine/Shaders/Private/SimpleElementVolumeTexturePreviewPixelShader.usf" 3115
"../../../Engine/Shaders/Private/SimpleElementTexture2DPreviewPixelShader.usf" 3116
"../../../Engine/Shaders/Private/meshpaintdilatepixelshader.usf" 3117
"../../../Engine/Shaders/Private/meshpaintdilatevertexshader.usf" 3118
"../../../Engine/Shaders/Private/MeshPaintPixelShader.usf" 3119
"../../../Engine/Shaders/Private/MeshPaintVertexShader.usf" 3120
"../../../Engine/Shaders/Private/SlateElementPixelShader.usf" 3121
"../../../Engine/Shaders/Private/SlateShaderCommon.ush" 3122
"../../../Engine/Shaders/Private/SlateMaskingShader.usf" 3123
"../../../Engine/Shaders/Private/SlateVertexShader.usf" 3124
"../../../Engine/Shaders/Private/CompositeUIPixelShader.usf" 3125
"../../../Engine/Shaders/Private/ColorDeficiency.ush" 3126
"../../../Engine/Shaders/Private/SlatePostProcessColorDeficiencyPixelShader.usf" 3127
"../../../Engine/Shaders/Private/SlatePostProcessPixelShader.usf" 3128
"../../../Engine/Shaders/Private/Tools/VisualizeTexture.usf" 3129
"../../../Engine/Shaders/Private/UpdateDescriptorHandle.usf" 3130
"../../../Engine/Shaders/Private/ByteBuffer.usf" 3131
"../../../Engine/Shaders/Private/ShaderBundleWorkGraphDispatch.usf" 3132
"../../../Engine/Shaders/Private/ShaderBundleDispatch.usf" 3133
"../../../Engine/Shaders/Private/ResolveVertexShader.usf" 3134
"../../../Engine/Shaders/Private/ResolvePixelShader.usf" 3135
"../../../Engine/Shaders/Private/Tools/SetupIndirectArgs.usf" 3136
"../../../Engine/Shaders/Private/ClearReplacementShaders.usf" 3137
"../../../Engine/Shaders/Private/Tools/DrawTexture.usf" 3138
"../../../Engine/Shaders/Private/RayTracing/RayTracingValidation.usf" 3139
"../../../Engine/Shaders/Private/RenderGraphUtilities.usf" 3140
"../../../Engine/Shaders/Private/OneColorShader.usf" 3141
"../../../Engine/Shaders/Private/OculusShaders.usf" 3142
"../../../Engine/Shaders/Private/MediaShaders.usf" 3143
"../../../Engine/Shaders/Private/GPUMessaging.usf" 3144
"../../../Engine/Shaders/Private/Tools/GPUDebugCrashUtils.usf" 3145
"../../../Engine/Shaders/Private/NullPixelShader.usf" 3146
"../../../Engine/Shaders/Private/ComputeGenerateMips.usf" 3147
"../../../Engine/Shaders/Private/Tools/DumpTexture.usf" 3148
"../../../Engine/Shaders/Private/CopyTextureShaders.usf" 3149
"../../../Engine/Shaders/Private/Tools/FullscreenVertexShader.usf" 3150
"../../../Engine/Shaders/Private/RayTracing/RayTracingDispatchDesc.usf" 3151
"../../../Engine/Shaders/Private/Bink.usf" 3152
"../../../Engine/Shaders/Private/VelocityShader.usf" 3153
"../../../Engine/Shaders/Private/DepthOnlyPixelShader.usf" 3154
"../../../Engine/Shaders/Private/PositionOnlyDepthVertexShader.usf" 3155
"../../../Engine/Shaders/Private/DepthOnlyVertexShader.usf" 3156
"../../../Engine/Shaders/Private/AnisotropyPassShader.usf" 3157
"C:/VScodeFiles/GitHub/2026_team27/KC3GameHack/Content/Variant_Combat/Blueprints/GS_Conbat.uasset" 3158
"C:/VScodeFiles/GitHub/2026_team27/KC3GameHack/Content/VFX/VFX_BP/BP_GoalArea.uasset" 3159
"C:/VScodeFiles/GitHub/2026_team27/KC3GameHack/Content/Variant_Combat/Blueprints/BP_WordProjectile.uasset" 3160
"C:/VScodeFiles/GitHub/2026_team27/KC3GameHack/Content/Variant_Combat/Blueprints/BP_CombatCharacter.uasset" 3161
"C:/VScodeFiles/GitHub/2026_team27/KC3GameHack/Content/Stylized_Village/Maps/Stylized_Village_Summer.umap" 3162
"/Engine/EngineResources/WhiteSquareTexture" 3163
"../../../Engine/Content/EngineResources/WhiteSquareTexture.uasset" 3164
"/Engine/EngineResources/GradientTexture0" 3165
"../../../Engine/Content/EngineResources/GradientTexture0.uasset" 3166
"/Engine/EngineResources/Black" 3167
"../../../Engine/Content/EngineResources/Black.uasset" 3168
"/Engine/EditorResources/S_Actor" 3169
"../../../Engine/Content/EditorResources/S_Actor.uasset" 3170
"C:/VScodeFiles/GitHub/2026_team27/KC3GameHack/Content/Variant_Combat/Blueprints/AI/BP_CombatEnemy.uasset" 3171
"/Engine/EngineFonts/RobotoDistanceField" 3172
"../../../Engine/Content/EngineFonts/RobotoDistanceField.uasset" 3173
"/Engine/EngineMaterials/DefaultTextMaterialOpaque" 3174
"../../../Engine/Content/EngineMaterials/DefaultTextMaterialOpaque.uasset" 3175
"/Engine/Functions/Engine_MaterialFunctions01/Shading/PowerToRoughness" 3176
"../../../Engine/Content/Functions/Engine_MaterialFunctions01/Shading/PowerToRoughness.uasset" 3177
"/Engine/Functions/Engine_MaterialFunctions01/Shading/ConvertFromDiffSpec" 3178
"../../../Engine/Content/Functions/Engine_MaterialFunctions01/Shading/ConvertFromDiffSpec.uasset" 3179
"/Engine/EngineMaterials/WorldGridMaterial" 3180
"../../../Engine/Content/EngineMaterials/WorldGridMaterial.uasset" 3181
"../../../Engine/Content/Functions/Engine_MaterialFunctions01/Opacity/CameraDepthFade.uasset" 3182
"../../../Engine/Content/EngineMaterials/T_Default_Material_Grid_M.uasset" 3183
"../../../Engine/Content/EngineMaterials/T_Default_Material_Grid_N.uasset" 3184
"/Engine/EngineMaterials/DefaultDeferredDecalMaterial" 3185
"../../../Engine/Content/EngineMaterials/DefaultDeferredDecalMaterial.uasset" 3186
"../../../Engine/Content/EngineMaterials/DefaultDiffuse.uasset" 3187
"/Engine/EngineMaterials/DefaultLightFunctionMaterial" 3188
"../../../Engine/Content/EngineMaterials/DefaultLightFunctionMaterial.uasset" 3189
"/Engine/EngineMaterials/DefaultPostProcessMaterial" 3190
"../../../Engine/Content/EngineMaterials/DefaultPostProcessMaterial.uasset" 3191
"../../../Engine/Content/Functions/Engine_MaterialFunctions02/Utility/BreakOutFloat2Components.uasset" 3192
"/Engine/EditorResources/S_Trigger" 3193
"../../../Engine/Content/EditorResources/S_Trigger.uasset" 3194
"/Engine/EditorResources/S_BoxReflectionCapture" 3195
"../../../Engine/Content/EditorResources/S_BoxReflectionCapture.uasset" 3196
"/Engine/EngineResources/DefaultTexture" 3197
"../../../Engine/Content/EngineResources/DefaultTexture.uasset" 3198
"/Engine/EditorResources/S_TriggerBox" 3199
"../../../Engine/Content/EditorResources/S_TriggerBox.uasset" 3200
"/Engine/EditorResources/S_TriggerCapsule" 3201
"../../../Engine/Content/EditorResources/S_TriggerCapsule.uasset" 3202
"/Engine/EditorResources/S_TriggerSphere" 3203
"../../../Engine/Content/EditorResources/S_TriggerSphere.uasset" 3204
"/Engine/EngineDamageTypes/DmgTypeBP_Environmental" 3205
"../../../Engine/Content/EngineDamageTypes/DmgTypeBP_Environmental.uasset" 3206
"/Engine/EngineMeshes/Sphere" 3207
"../../../Engine/Content/EngineMeshes/Sphere.uasset" 3208
"/Engine/EngineResources/DefaultTextureCube" 3209
"../../../Engine/Content/EngineResources/DefaultTextureCube.uasset" 3210
"/Engine/EngineResources/DefaultVolumeTexture" 3211
"../../../Engine/Content/EngineResources/DefaultVolumeTexture.uasset" 3212
"../../../Engine/Content/EngineResources/DefaultVolumeTexture2D.uasset" 3213
"/Engine/VREditor/TransformGizmo/SM_Sequencer_Node" 3214
"../../../Engine/Content/VREditor/TransformGizmo/SM_Sequencer_Node.uasset" 3215
"../../../Engine/Content/VREditor/TransformGizmo/Main.uasset" 3216
"../../../Engine/Content/VREditor/TransformGizmo/Xray.uasset" 3217
"/Engine/EditorResources/S_Solver" 3218
"../../../Engine/Content/EditorResources/S_Solver.uasset" 3219
"/Engine/EngineDebugMaterials/VolumeToRender" 3220
"../../../Engine/Content/EngineDebugMaterials/VolumeToRender.uasset" 3221
"/Engine/EngineDebugMaterials/M_VolumeRenderSphereTracePP" 3222
"../../../Engine/Content/EngineDebugMaterials/M_VolumeRenderSphereTracePP.uasset" 3223
"../../../Engine/Content/Functions/Engine_MaterialFunctions02/Utility/CameraDirectionVector.uasset" 3224
"/Engine/EditorMeshes/Camera/SM_CraneRig_Base" 3225
"../../../Engine/Content/EditorMeshes/Camera/SM_CraneRig_Base.uasset" 3226
"../../../Engine/Content/EditorMaterials/Camera/MI_CineMat_Rig.uasset" 3227
"../../../Engine/Content/EditorMaterials/Camera/CineMat.uasset" 3228
"/Engine/EditorMeshes/Camera/SM_CraneRig_Arm" 3229
"../../../Engine/Content/EditorMeshes/Camera/SM_CraneRig_Arm.uasset" 3230
"/Engine/EditorMeshes/Camera/SM_CraneRig_Mount" 3231
"../../../Engine/Content/EditorMeshes/Camera/SM_CraneRig_Mount.uasset" 3232
"/Engine/EditorMeshes/Camera/SM_CraneRig_Body" 3233
"../../../Engine/Content/EditorMeshes/Camera/SM_CraneRig_Body.uasset" 3234
"/Engine/EditorMeshes/Camera/SM_RailRig_Track" 3235
"../../../Engine/Content/EditorMeshes/Camera/SM_RailRig_Track.uasset" 3236
"/Engine/EditorMeshes/Camera/SM_RailRig_Mount" 3237
"../../../Engine/Content/EditorMeshes/Camera/SM_RailRig_Mount.uasset" 3238
"/Engine/EditorLandscapeResources/SplineEditorMesh" 3239
"../../../Engine/Content/EditorLandscapeResources/SplineEditorMesh.uasset" 3240
"../../../Engine/Content/EditorLandscapeResources/SplineEditorMeshMat.uasset" 3241
"/HairStrands/Materials/HairDebugMaterial" 3242
"../../Plugins/Runtime/HairStrands/Content/Materials/HairDebugMaterial.uasset" 3243
"../../../Engine/Content/Functions/Engine_MaterialFunctions02/Utility/MakeFloat2.uasset" 3244
"../../../Engine/Content/Functions/Engine_MaterialFunctions02/Utility/MakeFloat3.uasset" 3245
"../../../Engine/Content/EngineMaterials/HairColorMap.uasset" 3246
"../../../Engine/Content/EngineMaterials/HairDebugColor.uasset" 3247
"../../Plugins/Runtime/HairStrands/Content/Materials/HairGroupColors.uasset" 3248
"/HairStrands/Materials/HairDefaultMaterial" 3249
"../../Plugins/Runtime/HairStrands/Content/Materials/HairDefaultMaterial.uasset" 3250
"/HairStrands/Materials/HairCardsDefaultMaterial" 3251
"../../Plugins/Runtime/HairStrands/Content/Materials/HairCardsDefaultMaterial.uasset" 3252
"/HairStrands/Materials/HairMeshesDefaultMaterial" 3253
"../../Plugins/Runtime/HairStrands/Content/Materials/HairMeshesDefaultMaterial.uasset" 3254
"/Engine/BasicShapes/Cube" 3255
"../../../Engine/Content/BasicShapes/Cube.uasset" 3256
"/CameraCalibrationCore/Materials/M_DefaultOddSquare" 3257
"../../Plugins/VirtualProduction/CameraCalibrationCore/Content/Materials/M_DefaultOddSquare.uasset" 3258
"/CameraCalibrationCore/Materials/M_DefaultEvenSquare" 3259
"../../Plugins/VirtualProduction/CameraCalibrationCore/Content/Materials/M_DefaultEvenSquare.uasset" 3260
"/Engine/EngineMaterials/Widget3DPassThrough_Translucent" 3261
"../../../Engine/Content/EngineMaterials/Widget3DPassThrough_Translucent.uasset" 3262
"../../../Engine/Content/EngineMaterials/Widget3DPassThrough.uasset" 3263
"/Engine/EngineMaterials/Widget3DPassThrough_Translucent_OneSided" 3264
"../../../Engine/Content/EngineMaterials/Widget3DPassThrough_Translucent_OneSided.uasset" 3265
"/Engine/EngineMaterials/Widget3DPassThrough_Opaque" 3266
"../../../Engine/Content/EngineMaterials/Widget3DPassThrough_Opaque.uasset" 3267
"/Engine/EngineMaterials/Widget3DPassThrough_Opaque_OneSided" 3268
"../../../Engine/Content/EngineMaterials/Widget3DPassThrough_Opaque_OneSided.uasset" 3269
"/Engine/EngineMaterials/Widget3DPassThrough_Masked" 3270
"../../../Engine/Content/EngineMaterials/Widget3DPassThrough_Masked.uasset" 3271
"/Engine/EngineMaterials/Widget3DPassThrough_Masked_OneSided" 3272
"../../../Engine/Content/EngineMaterials/Widget3DPassThrough_Masked_OneSided.uasset" 3273
"/Engine/VREditor/ViewportInteractionAssetContainerData" 3274
"../../../Engine/Content/VREditor/ViewportInteractionAssetContainerData.uasset" 3275
"../../../Engine/Content/VREditor/SnapGrid/SnapGridMaterial.uasset" 3276
"../../../Engine/Content/VREditor/TransformGizmo/TransformGizmoMaterial_Inst.uasset" 3277
"../../../Engine/Content/VREditor/TransformGizmo/TranslucentTransformGizmoMaterial_Inst.uasset" 3278
"../../../Engine/Content/VREditor/SnapGrid/SnapGridPlaneMesh.uasset" 3279
"../../../Engine/Content/VREditor/Sounds/UI/Drop_Item_From_ContentBrowser.uasset" 3280
"../../../Engine/Content/VREditor/Sounds/UI/Gizmo_Handle_Clicked.uasset" 3281
"../../../Engine/Content/VREditor/Sounds/UI/Object_PickUp.uasset" 3282
"../../../Engine/Content/VREditor/Sounds/UI/Object_Snaps_To_Another_Actor.uasset" 3283
"../../../Engine/Content/VREditor/Sounds/UI/Object_Snaps_To_Grid.uasset" 3284
"../../../Engine/Content/VREditor/Sounds/UI/Scaling_Down.uasset" 3285
"../../../Engine/Content/VREditor/Sounds/UI/Scaling_Up.uasset" 3286
"../../../Engine/Content/VREditor/Sounds/UI/Selection_Changes.uasset" 3287
"../../../Engine/Content/VREditor/TransformGizmo/PlaneTranslationHandle.uasset" 3288
"../../../Engine/Content/VREditor/TransformGizmo/RotationHandleFull.uasset" 3289
"../../../Engine/Content/VREditor/TransformGizmo/RotationHandleIndicator.uasset" 3290
"../../../Engine/Content/VREditor/TransformGizmo/RotationHandleQuarter.uasset" 3291
"../../../Engine/Content/VREditor/TransformGizmo/StartRotationHandleIndicator.uasset" 3292
"../../../Engine/Content/VREditor/TransformGizmo/TransformGizmoFreeRotation.uasset" 3293
"../../../Engine/Content/VREditor/TransformGizmo/TranslateArrowHandle.uasset" 3294
"../../../Engine/Content/VREditor/TransformGizmo/UniformScaleHandle.uasset" 3295
"../../../Engine/Content/Functions/Engine_MaterialFunctions02/Math/Transform3x3Matrix.uasset" 3296
"../../../Engine/Content/Functions/Engine_MaterialFunctions02/SplitComponents.uasset" 3297
"../../../Engine/Content/VREditor/TransformGizmo/TransformGizmoMaterial.uasset" 3298
"../../../Engine/Content/VREditor/TransformGizmo/TranslucentTransformGizmoMaterial.uasset" 3299
"../../../Engine/Content/Functions/Engine_MaterialFunctions02/Utility/BreakOutFloat3Components.uasset" 3300
"../../../Engine/Content/VREditor/LaserPointer/VR_LaserPower_01.uasset" 3301
"/Engine/VREditor/TransformGizmo/BoundingBoxCorner" 3302
"../../../Engine/Content/VREditor/TransformGizmo/BoundingBoxCorner.uasset" 3303
"/Engine/VREditor/TransformGizmo/BoundingBoxEdge" 3304
"../../../Engine/Content/VREditor/TransformGizmo/BoundingBoxEdge.uasset" 3305
"/Engine/ArtTools/RenderToTexture/Meshes/S_1_Unit_Plane" 3306
"../../../Engine/Content/ArtTools/RenderToTexture/Meshes/S_1_Unit_Plane.uasset" 3307
"/Engine/EngineDebugMaterials/M_SimpleUnlitTranslucent" 3308
"../../../Engine/Content/EngineDebugMaterials/M_SimpleUnlitTranslucent.uasset" 3309
"/Engine/EngineFonts/Roboto" 3310
"../../../Engine/Content/EngineFonts/Roboto.uasset" 3311
"../../../Engine/Content/EngineFonts/Faces/DroidSansFallback.uasset" 3312
"../../../Engine/Content/EngineFonts/Faces/RobotoBold.uasset" 3313
"../../../Engine/Content/EngineFonts/Faces/RobotoBoldItalic.uasset" 3314
"../../../Engine/Content/EngineFonts/Faces/RobotoItalic.uasset" 3315
"../../../Engine/Content/EngineFonts/Faces/RobotoLight.uasset" 3316
"../../../Engine/Content/EngineFonts/Faces/RobotoRegular.uasset" 3317
"/Engine/EditorMaterials/ParticleSystems/PSysThumbnail_NoImage" 3318
"../../../Engine/Content/EditorMaterials/ParticleSystems/PSysThumbnail_NoImage.uasset" 3319
"/Engine/EditorMaterials/ParticleSystems/PSysThumbnail_OOD" 3320
"../../../Engine/Content/EditorMaterials/ParticleSystems/PSysThumbnail_OOD.uasset" 3321
"/Engine/EngineResources/LandscapeVisibilityLayerInfo" 3322
"../../../Engine/Content/EngineResources/LandscapeVisibilityLayerInfo.uasset" 3323
"../../../Engine/Content/Internationalization/icudt64l/coll/en.res" 3324
"/ACLPlugin/ACLAnimBoneCompressionSettings" 3325
"../../Plugins/Animation/ACLPlugin/Content/ACLAnimBoneCompressionSettings.uasset" 3326
"/Engine/Animation/DefaultRecorderBoneCompression" 3327
"../../../Engine/Content/Animation/DefaultRecorderBoneCompression.uasset" 3328
"/ACLPlugin/ACLAnimCurveCompressionSettings" 3329
"../../Plugins/Animation/ACLPlugin/Content/ACLAnimCurveCompressionSettings.uasset" 3330
"/Engine/Animation/DefaultVariableFrameStrippingSettings" 3331
"../../../Engine/Content/Animation/DefaultVariableFrameStrippingSettings.uasset" 3332
"/AudioWidgets/Resources/ScrubHandleDown_Clamped" 3333
"../../Plugins/Runtime/AudioWidgets/Content/Resources/ScrubHandleDown_Clamped.uasset" 3334
"/Paper2D/MaskedUnlitSpriteMaterial" 3335
"../../Plugins/2D/Paper2D/Content/MaskedUnlitSpriteMaterial.uasset" 3336
"../../Plugins/2D/Paper2D/Content/DefaultSpriteMaterial.uasset" 3337
"../../Plugins/2D/Paper2D/Content/PlaceholderTextures/DummySpriteTexture.uasset" 3338
"/Paper2D/OpaqueUnlitSpriteMaterial" 3339
"../../Plugins/2D/Paper2D/Content/OpaqueUnlitSpriteMaterial.uasset" 3340
"/Paper2D/DefaultPaperTerrainMaterial" 3341
"../../Plugins/2D/Paper2D/Content/DefaultPaperTerrainMaterial.uasset" 3342
"../../Plugins/2D/Paper2D/Content/DummySprite.uasset" 3343
"/ControlRig/Controls/ControlRigXRayMaterial" 3344
"../../Plugins/Animation/ControlRig/Content/Controls/ControlRigXRayMaterial.uasset" 3345
"/ControlRig/Controls/DefaultGizmoLibraryNormalized" 3346
"../../Plugins/Animation/ControlRig/Content/Controls/DefaultGizmoLibraryNormalized.uasset" 3347
"/ControlRig/M_Manip" 3348
"../../Plugins/Animation/ControlRig/Content/M_Manip.uasset" 3349
"../../../Engine/Content/Functions/Engine_MaterialFunctions02/WorldPositionOffset/CameraOffset.uasset" 3350
"/MediaPlate/SM_MediaPlateScreen" 3351
"../../Plugins/Media/MediaPlate/Content/SM_MediaPlateScreen.uasset" 3352
"../../../Engine/Intermediate/ProjectFiles/PrimaryProjectPath.txt" 3353
"/SpeedTreeImporter/SpeedTree9/SpeedTreeMaster" 3354
"../../Plugins/Editor/SpeedTreeImporter/Content/SpeedTree9/SpeedTreeMaster.uasset" 3355
"../../../Engine/Content/Functions/Engine_MaterialFunctions02/ObjectLocalBounds.uasset" 3356
"../../../Engine/Content/Functions/Engine_MaterialFunctions02/SafeNormalize.uasset" 3357
"../../../Engine/Content/Functions/Engine_MaterialFunctions02/Utility/VectorLength.uasset" 3358
"../../../Engine/Content/Functions/Engine_MaterialFunctions02/UVs/BoundingBoxBased_0-1_UVW.uasset" 3359
"../../../Engine/Content/Functions/Engine_MaterialFunctions02/WorldPositionOffset/ObjectScale.uasset" 3360
"../../Plugins/Editor/SpeedTreeImporter/Content/SpeedTree9/SpeedTreeBranchMotion.uasset" 3361
"../../Plugins/Editor/SpeedTreeImporter/Content/SpeedTree9/SpeedTreeCameraFacing.uasset" 3362
"../../Plugins/Editor/SpeedTreeImporter/Content/SpeedTree9/SpeedTreeWind.uasset" 3363
"../../Plugins/Editor/SpeedTreeImporter/Content/SpeedTree9/SpeedTreeWindMotion.uasset" 3364
"../../Plugins/Editor/SpeedTreeImporter/Content/SpeedTree9/UnpackDirection.uasset" 3365
"../../Plugins/Editor/SpeedTreeImporter/Content/SpeedTree9/UnpackInteger3.uasset" 3366
"../../Plugins/Editor/SpeedTreeImporter/Content/SpeedTree9/Empty.uasset" 3367
"../../Plugins/Editor/SpeedTreeImporter/Content/SpeedTree9/EmptyNormal.uasset" 3368
"../../Plugins/Editor/SpeedTreeImporter/Content/SpeedTree9/game_wind_noise.uasset" 3369
"/SpeedTreeImporter/SpeedTree9/SpeedTreeBillboardMaster" 3370
"../../Plugins/Editor/SpeedTreeImporter/Content/SpeedTree9/SpeedTreeBillboardMaster.uasset" 3371
"../../Plugins/Editor/SpeedTreeImporter/Content/SpeedTree9/SpeedTreeBillboard.uasset" 3372
"/Engine/BasicShapes/BasicShapeMaterial" 3373
"../../../Engine/Content/BasicShapes/BasicShapeMaterial.uasset" 3374
"/Engine/EditorMaterials/Dataflow/DataflowVertexMaterial" 3375
"../../../Engine/Content/EditorMaterials/Dataflow/DataflowVertexMaterial.uasset" 3376
"/Engine/EditorMaterials/Dataflow/DataflowTwoSidedVertexMaterial" 3377
"../../../Engine/Content/EditorMaterials/Dataflow/DataflowTwoSidedVertexMaterial.uasset" 3378
"/Engine/EditorLandscapeResources/LayerVisMaterial" 3379
"../../../Engine/Content/EditorLandscapeResources/LayerVisMaterial.uasset" 3380
"../../../Engine/Content/EditorLandscapeResources/WhiteSquareTexture.uasset" 3381
"/Engine/EditorLandscapeResources/SelectBrushMaterial_Selected" 3382
"../../../Engine/Content/EditorLandscapeResources/SelectBrushMaterial_Selected.uasset" 3383
"../../../Engine/Content/EditorLandscapeResources/SelectBrushMaterial.uasset" 3384
"../../../Engine/Content/Functions/Engine_MaterialFunctions03/Math/WithinRangeFloat2.uasset" 3385
"../../../Engine/Content/EditorLandscapeResources/DefaultAlphaTexture.uasset" 3386
"/Engine/EditorLandscapeResources/SelectBrushMaterial_SelectedRegion" 3387
"../../../Engine/Content/EditorLandscapeResources/SelectBrushMaterial_SelectedRegion.uasset" 3388
"/Engine/EditorLandscapeResources/MaskBrushMaterial_MaskedRegion" 3389
"../../../Engine/Content/EditorLandscapeResources/MaskBrushMaterial_MaskedRegion.uasset" 3390
"../../../Engine/Content/EditorLandscapeResources/MaskBrushMaterial.uasset" 3391
"/Engine/EditorLandscapeResources/ColorMaskBrushMaterial_MaskedRegion" 3392
"../../../Engine/Content/EditorLandscapeResources/ColorMaskBrushMaterial_MaskedRegion.uasset" 3393
"../../../Engine/Content/EditorLandscapeResources/ColorMaskBrushMaterial.uasset" 3394
"/Engine/EditorLandscapeResources/LandscapeDirtyMaterial" 3395
"../../../Engine/Content/EditorLandscapeResources/LandscapeDirtyMaterial.uasset" 3396
"/Engine/EditorLandscapeResources/LandscapeLayerUsageMaterial" 3397
"../../../Engine/Content/EditorLandscapeResources/LandscapeLayerUsageMaterial.uasset" 3398
"../../../Engine/Content/Functions/Engine_MaterialFunctions01/Debug/DebugIntValues.uasset" 3399
"../../../Engine/Content/Functions/Engine_MaterialFunctions01/Texturing/ScaleUVsByCenter.uasset" 3400
"../../../Engine/Content/Functions/Engine_MaterialFunctions02/WorldPositionOffset/LocalPosition.uasset" 3401
"../../../Engine/Content/Functions/Engine_MaterialFunctions01/Texturing/TextureCropping.uasset" 3402
"../../../Engine/Content/Functions/Engine_MaterialFunctions02/ExampleContent/DebugNumberStrip.uasset" 3403
"C:/Users/a7p7p/AppData/Local/UnrealEngine/Editor/UInteractiveToolsPresetCollectionAsset_DefaultCollection.json" 3404
"/Engine/EngineMaterials/NaniteHiddenSectionMaterial" 3405
"../../../Engine/Content/EngineMaterials/NaniteHiddenSectionMaterial.uasset" 3406
"/Engine/EngineMaterials/RemoveSurfaceMaterial" 3407
"../../../Engine/Content/EngineMaterials/RemoveSurfaceMaterial.uasset" 3408
"/Engine/EngineDebugMaterials/DebugMeshMaterial" 3409
"../../../Engine/Content/EngineDebugMaterials/DebugMeshMaterial.uasset" 3410
"/Engine/EngineMaterials/EmissiveMeshMaterial" 3411
"../../../Engine/Content/EngineMaterials/EmissiveMeshMaterial.uasset" 3412
"../../../Engine/Content/EngineMaterials/DefaultWhiteGrid_Low.uasset" 3413
"/Engine/EngineMaterials/M_InvalidLightmapSettings" 3414
"../../../Engine/Content/EngineMaterials/M_InvalidLightmapSettings.uasset" 3415
"../../../Engine/Content/EngineMaterials/InvalidLightmapSettings.uasset" 3416
"/Engine/EngineMaterials/GizmoMaterial" 3417
"../../../Engine/Content/EngineMaterials/GizmoMaterial.uasset" 3418
"/Engine/EngineMaterials/PhAT_JointLimitMaterial" 3419
"../../../Engine/Content/EngineMaterials/PhAT_JointLimitMaterial.uasset" 3420
"/Engine/EngineMaterials/FlattenMaterial" 3421
"../../../Engine/Content/EngineMaterials/FlattenMaterial.uasset" 3422
"../../../Engine/Content/EngineMaterials/BaseFlattenDiffuseMap.uasset" 3423
"../../../Engine/Content/EngineMaterials/BaseFlattenEmissiveMap.uasset" 3424
"../../../Engine/Content/EngineMaterials/BaseFlattenGrayscaleMap.uasset" 3425
"../../../Engine/Content/EngineMaterials/BaseFlattenLinearColor.uasset" 3426
"../../../Engine/Content/EngineMaterials/BaseFlattenNormalMap.uasset" 3427
"../../../Engine/Content/Functions/Engine_MaterialFunctions02/PivotPainter2/Black_1x1_EXR_Texture.uasset" 3428
"/Engine/EngineMaterials/FlattenMaterial_VT" 3429
"../../../Engine/Content/EngineMaterials/FlattenMaterial_VT.uasset" 3430
"../../../Engine/Content/EngineMaterials/BaseFlattenDiffuseMap_VT.uasset" 3431
"../../../Engine/Content/EngineMaterials/BaseFlattenEmissiveMap_VT.uasset" 3432
"../../../Engine/Content/EngineMaterials/BaseFlattenGrayscaleMap_VT.uasset" 3433
"../../../Engine/Content/EngineMaterials/BaseFlattenLinearColor_VT.uasset" 3434
"../../../Engine/Content/EngineMaterials/BaseFlattenNormalMap_VT.uasset" 3435
"../../../Engine/Content/EngineMaterials/Black_1x1_EXR_Texture_VT.uasset" 3436
"/Engine/EngineMaterials/FlattenMaterial_WS_Normal_VT" 3437
"../../../Engine/Content/EngineMaterials/FlattenMaterial_WS_Normal_VT.uasset" 3438
"/Engine/EngineMaterials/Good64x64TilingNoiseHighFreq" 3439
"../../../Engine/Content/EngineMaterials/Good64x64TilingNoiseHighFreq.uasset" 3440
"/Engine/EngineMaterials/DefaultBokeh" 3441
"../../../Engine/Content/EngineMaterials/DefaultBokeh.uasset" 3442
"/Engine/EngineMaterials/MiniFont" 3443
"../../../Engine/Content/EngineMaterials/MiniFont.uasset" 3444
"/Engine/EngineMaterials/WeightMapPlaceholderTexture" 3445
"../../../Engine/Content/EngineMaterials/WeightMapPlaceholderTexture.uasset" 3446
"/Engine/EngineMaterials/WeightMapArrayPlaceholderTexture" 3447
"../../../Engine/Content/EngineMaterials/WeightMapArrayPlaceholderTexture.uasset" 3448
"/Engine/EngineMaterials/DefaultWhiteGrid" 3449
"../../../Engine/Content/EngineMaterials/DefaultWhiteGrid.uasset" 3450
"/Engine/EngineMaterials/PreintegratedSkinBRDF" 3451
"../../../Engine/Content/EngineMaterials/PreintegratedSkinBRDF.uasset" 3452
"/Engine/EngineMaterials/LTC/GGX_LTCAmp" 3453
"../../../Engine/Content/EngineMaterials/LTC/GGX_LTCAmp.uasset" 3454
"/Engine/EngineMaterials/LTC/GGX_LTCMat" 3455
"../../../Engine/Content/EngineMaterials/LTC/GGX_LTCMat.uasset" 3456
"/Engine/EngineMaterials/EnergyConservation/GGX_ReflectionEnergy" 3457
"../../../Engine/Content/EngineMaterials/EnergyConservation/GGX_ReflectionEnergy.uasset" 3458
"/Engine/EngineMaterials/EnergyConservation/GGX_TransmissionEnergyArray" 3459
"../../../Engine/Content/EngineMaterials/EnergyConservation/GGX_TransmissionEnergyArray.uasset" 3460
"/Engine/EngineMaterials/EnergyConservation/SheenLegacy_Energy" 3461
"../../../Engine/Content/EngineMaterials/EnergyConservation/SheenLegacy_Energy.uasset" 3462
"/Engine/EngineMaterials/DefaultPhysicalMaterial" 3463
"../../../Engine/Content/EngineMaterials/DefaultPhysicalMaterial.uasset" 3464
"/Engine/EngineMaterials/DefaultDestructiblePhysicalMaterial" 3465
"../../../Engine/Content/EngineMaterials/DefaultDestructiblePhysicalMaterial.uasset" 3466
"C:/Users/a7p7p/AppData/Local/UnrealEngine/Editor/ProjectEditorRecords.json" 3467
"/Niagara/ParameterDefinitions/SpriteRenderer" 3468
"../../Plugins/FX/Niagara/Content/ParameterDefinitions/SpriteRenderer.uasset" 3469
"/Niagara/ParameterDefinitions/RibbonRenderer" 3470
"../../Plugins/FX/Niagara/Content/ParameterDefinitions/RibbonRenderer.uasset" 3471
"/Niagara/ParameterDefinitions/MeshRenderer" 3472
"../../Plugins/FX/Niagara/Content/ParameterDefinitions/MeshRenderer.uasset" 3473
"/Niagara/ParameterDefinitions/LightRenderer" 3474
"../../Plugins/FX/Niagara/Content/ParameterDefinitions/LightRenderer.uasset" 3475
"/Niagara/ParameterDefinitions/DecalRenderer" 3476
"../../Plugins/FX/Niagara/Content/ParameterDefinitions/DecalRenderer.uasset" 3477
"/Niagara/ParameterDefinitions/CoreParameters" 3478
"../../Plugins/FX/Niagara/Content/ParameterDefinitions/CoreParameters.uasset" 3479
"/DeformerGraph/Deformers/DG_LinearBlendSkin_Morph_Cloth" 3480
"../../Plugins/Animation/DeformerGraph/Content/Deformers/DG_LinearBlendSkin_Morph_Cloth.uasset" 3481
"../../Plugins/Animation/DeformerGraph/Content/DeformerFunctions/DG_Function_LinearBlendSkin_Morph_Cloth.uasset" 3482
"/DeformerGraph/Deformers/DG_LinearBlendSkin_Morph_Cloth_RecomputeNormals" 3483
"../../Plugins/Animation/DeformerGraph/Content/Deformers/DG_LinearBlendSkin_Morph_Cloth_RecomputeNormals.uasset" 3484
"../../Plugins/Animation/DeformerGraph/Content/DeformerFunctions/DG_Function_ComputeNormalsTangents.uasset" 3485
"../../Plugins/Animation/DeformerGraph/Content/DeformerFunctions/DG_Function_LinearBlendSkin_Morph_Cloth_PositionOnly.uasset" 3486
"/Engine/EditorResources/SequenceRecorder/Countdown" 3487
"../../../Engine/Content/EditorResources/SequenceRecorder/Countdown.uasset" 3488
"/Engine/EditorResources/SequenceRecorder/RecordingIndicator" 3489
"../../../Engine/Content/EditorResources/SequenceRecorder/RecordingIndicator.uasset" 3490
"/Engine/EditorMaterials/PhAT_UnselectedMaterial" 3491
"../../../Engine/Content/EditorMaterials/PhAT_UnselectedMaterial.uasset" 3492
"/Engine/EditorMaterials/PhAT_NoCollisionMaterial" 3493
"../../../Engine/Content/EditorMaterials/PhAT_NoCollisionMaterial.uasset" 3494
"/Engine/BasicShapes/Sphere" 3495
"../../../Engine/Content/BasicShapes/Sphere.uasset" 3496
"../../../Engine/Content/EngineMaterials/DefaultMaterial.uasset" 3497
"/Engine/BasicShapes/Cylinder" 3498
"../../../Engine/Content/BasicShapes/Cylinder.uasset" 3499
"/Engine/BasicShapes/Cone" 3500
"../../../Engine/Content/BasicShapes/Cone.uasset" 3501
"/Engine/BasicShapes/Plane" 3502
"../../../Engine/Content/BasicShapes/Plane.uasset" 3503
"/Engine/EngineFonts/DroidSansMono" 3504
"../../../Engine/Content/EngineFonts/DroidSansMono.uasset" 3505
"../../../Engine/Content/EngineFonts/Faces/DroidSansMono.uasset" 3506
"../../../Engine/Documentation/Source/Shared/Types/ABrush/ABrush.INT.udn" 3507
"../../../Engine/Content/Internationalization/icudt64l/brkitr/ja.res" 3508
"../../../Engine/Content/Internationalization/icudt64l/brkitr/root.res" 3509
"../../../Engine/Content/Internationalization/icudt64l/brkitr/char.brk" 3510
"../../../Engine/Content/Internationalization/icudt64l/brkitr/word.brk" 3511
"/Engine/EditorResources/S_Terrain" 3512
"../../../Engine/Content/EditorResources/S_Terrain.uasset" 3513
"../../../Engine/Plugins/FX/Niagara/Shaders/Private/NiagaraDataInterfaceTexture2DArrayTemplate.ush" 3514
"../../../Engine/Plugins/FX/Niagara/Shaders/Private/NiagaraDataInterfaceActorComponentTemplate.ush" 3515
"../../../Engine/Plugins/FX/Niagara/Shaders/Private/NiagaraDataInterfaceArrayTemplate.ush" 3516
"../../../Engine/Plugins/FX/Niagara/Shaders/Private/NiagaraDataInterfaceArrayRWTemplate.ush" 3517
"../../../Engine/Plugins/FX/Niagara/Shaders/Private/NiagaraDataInterfaceAsyncGpuTrace.ush" 3518
"../../../Engine/Plugins/FX/Niagara/Shaders/Private/NiagaraDataInterfaceAsyncGpuTraceTemplate.ush" 3519
"../../../Engine/Plugins/FX/Niagara/Shaders/Private/NiagaraDataInterfaceCamera.ush" 3520
"../../../Engine/Plugins/Experimental/ChaosNiagara/Shaders/NiagaraDataInterfaceChaosDestruction.ush" 3521
"../../../Engine/Plugins/FX/Niagara/Shaders/Private/NiagaraDataInterfaceCollisionQuery.ush" 3522
"../../../Engine/Plugins/FX/Niagara/Shaders/Private/NiagaraDataInterfaceCollisionQueryTemplate.ush" 3523
"../../../Engine/Plugins/FX/Niagara/Shaders/Private/NiagaraDataInterfaceCurveTemplate.ush" 3524
"../../../Engine/Plugins/FX/Niagara/Shaders/Private/NiagaraDataInterfaceCubeTextureTemplate.ush" 3525
"../../../Engine/Plugins/FX/Niagara/Shaders/Private/DataChannel/NiagaraDataInterfaceDataChannelCommon.ush" 3526
"../../../Engine/Plugins/FX/Niagara/Shaders/Private/DataChannel/NiagaraDataInterfaceDataChannelTemplateCommon.ush" 3527
"../../../Engine/Plugins/FX/Niagara/Shaders/Private/DataChannel/NiagaraDataInterfaceDataChannelTemplateReadCommon.ush" 3528
"../../../Engine/Plugins/FX/Niagara/Shaders/Private/DataChannel/NiagaraDataInterfaceDataChannelTemplate_Read.ush" 3529
"../../../Engine/Plugins/FX/Niagara/Shaders/Private/DataChannel/NiagaraDataInterfaceDataChannelTemplate_Consume.ush" 3530
"../../../Engine/Plugins/FX/Niagara/Shaders/Private/DataChannel/NiagaraDataInterfaceDataChannelTemplateWriteCommon.ush" 3531
"../../../Engine/Plugins/FX/Niagara/Shaders/Private/DataChannel/NiagaraDataInterfaceDataChannelTemplate_Append.ush" 3532
"../../../Engine/Plugins/FX/Niagara/Shaders/Private/NiagaraDataInterfaceDataTableTemplate.ush" 3533
"../../../Engine/Plugins/FX/Niagara/Shaders/Private/NiagaraDataInterfaceDebugDraw.ush" 3534
"../../../Engine/Plugins/FX/Niagara/Shaders/Private/NiagaraDataInterfaceDebugDrawTemplate.ush" 3535
"../../../Engine/Plugins/FX/Niagara/Shaders/Private/NiagaraDataInterfaceDynamicMeshTemplate.ush" 3536
"../../../Engine/Plugins/FX/Niagara/Shaders/Private/NiagaraDataInterfaceEmitterPropertiesTemplate.ush" 3537
"../../../Engine/Plugins/FX/Niagara/Shaders/Private/NiagaraDataInterfaceExportTemplate.ush" 3538
"../../../Engine/Plugins/FX/Niagara/Shaders/Private/NiagaraDataInterfaceGBufferTemplate.ush" 3539
"../../../Engine/Plugins/Experimental/ChaosNiagara/Shaders/NiagaraDataInterfaceGeometryCollection.ush" 3540
"../../../Engine/Plugins/FX/Niagara/Shaders/Private/NiagaraTransformUtils.ush" 3541
"../../../Engine/Plugins/Runtime/HairStrands/Shaders/Private/NiagaraStrandsExternalForce.ush" 3542
"../../../Engine/Plugins/Runtime/HairStrands/Shaders/Private/NiagaraHookeSpringMaterial.ush" 3543
"../../../Engine/Plugins/Runtime/HairStrands/Shaders/Private/NiagaraAngularSpringMaterial.ush" 3544
"../../../Engine/Plugins/Runtime/HairStrands/Shaders/Private/NiagaraConstantVolumeMaterial.ush" 3545
"../../../Engine/Plugins/Runtime/HairStrands/Shaders/Private/NiagaraCosseratRodMaterial.ush" 3546
"../../../Engine/Plugins/Runtime/HairStrands/Shaders/Private/NiagaraStaticCollisionConstraint.ush" 3547
"../../../Engine/Plugins/Runtime/HairStrands/Shaders/Private/NiagaraDataInterfaceHairStrands.ush" 3548
"../../../Engine/Plugins/Runtime/HairStrands/Shaders/Private/NiagaraDataInterfaceHairStrandsTemplate.ush" 3549
"../../../Engine/Plugins/FX/Niagara/Shaders/Private/NiagaraDataInterfaceIntRenderTarget2D.ush" 3550
"../../../Engine/Plugins/FX/Niagara/Shaders/Private/NiagaraDataInterfaceLandscape.ush" 3551
"../../../Engine/Plugins/FX/Niagara/Shaders/Private/NiagaraDataInterfaceMemoryBufferTemplate.ush" 3552
"../../../Engine/Plugins/FX/Niagara/Shaders/Private/NiagaraDataInterfaceMeshRendererInfoTemplate.ush" 3553
"../../../Engine/Plugins/FX/Niagara/Shaders/Private/NiagaraDataInterfaceOcclusion.ush" 3554
"../../../Engine/Plugins/FX/Niagara/Shaders/Private/NiagaraDataInterfacePhysicsAsset.ush" 3555
"../../../Engine/Plugins/Experimental/ChaosNiagara/Shaders/NiagaraDataInterfacePhysicsField.ush" 3556
"../../../Engine/Plugins/FX/Niagara/Shaders/Private/NiagaraDataInterfacePlatformSetTemplate.ush" 3557
"../../../Engine/Plugins/Runtime/HairStrands/Shaders/Private/NiagaraDataInterfaceVelocityGrid.ush" 3558
"../../../Engine/Plugins/Runtime/HairStrands/Shaders/Private/NiagaraDataInterfaceVelocityGridTemplate.ush" 3559
"../../../Engine/Plugins/Runtime/HairStrands/Shaders/Private/NiagaraDataInterfacePressureGrid.ush" 3560
"../../../Engine/Plugins/Runtime/HairStrands/Shaders/Private/NiagaraDataInterfacePressureGridTemplate.ush" 3561
"../../../Engine/Plugins/FX/Niagara/Shaders/Private/NiagaraDataInterfaceRenderTarget2DTemplate.ush" 3562
"../../../Engine/Plugins/FX/Niagara/Shaders/Private/NiagaraDataInterfaceRenderTarget2DArrayTemplate.ush" 3563
"../../../Engine/Plugins/FX/Niagara/Shaders/Private/NiagaraDataInterfaceRenderTargetCubeTemplate.ush" 3564
"../../../Engine/Plugins/FX/Niagara/Shaders/Private/NiagaraDataInterfaceRenderTargetVolumeTemplate.ush" 3565
"../../../Engine/Plugins/FX/Niagara/Shaders/Private/NiagaraDataInterfaceRigidMeshCollisionQuery.ush" 3566
"../../../Engine/Plugins/FX/Niagara/Shaders/Private/NiagaraDistanceFieldQueries.ush" 3567
"../../../Engine/Plugins/FX/Niagara/Shaders/Private/NiagaraDataInterfaceSceneCapture2DTemplate.ush" 3568
"../../../Engine/Plugins/FX/Niagara/Shaders/Private/NiagaraDataInterfaceSimCacheReaderTemplate.ush" 3569
"../../../Engine/Plugins/FX/Niagara/Shaders/Private/NiagaraDataInterfaceSimpleCounterTemplate.ush" 3570
"../../../Engine/Plugins/FX/Niagara/Shaders/Private/NiagaraDataInterfaceSkeletalMesh.ush" 3571
"../../../Engine/Plugins/FX/Niagara/Shaders/Private/NiagaraBaryCentricUtils.ush" 3572
"../../../Engine/Plugins/FX/Niagara/Shaders/Private/NiagaraDataInterfaceSkeletalMeshTemplate.ush" 3573
"../../../Engine/Plugins/FX/Niagara/Shaders/Private/NiagaraDataInterfaceSocketReaderTemplate.ush" 3574
"../../../Engine/Plugins/FX/Niagara/Shaders/Private/NiagaraDataInterfaceSparseVolumeTextureTemplate.ush" 3575
"../../../Engine/Plugins/FX/Niagara/Shaders/Private/NiagaraDataInterfaceSplineTemplate.ush" 3576
"../../../Engine/Plugins/FX/Niagara/Shaders/Private/NiagaraDataInterfaceSpriteRendererInfoTemplate.ush" 3577
"../../../Engine/Plugins/FX/Niagara/Shaders/Private/NiagaraDataInterfaceStaticMeshTemplate.ush" 3578
"../../../Engine/Plugins/FX/Niagara/Shaders/Private/NiagaraDataInterfaceTextureTemplate.ush" 3579
"../../../Engine/Plugins/FX/Niagara/Shaders/Private/NiagaraDataInterfaceVirtualTexture.ush" 3580
"../../../Engine/Plugins/FX/Niagara/Shaders/Private/NiagaraDataInterfaceVirtualTextureTemplate.ush" 3581
"../../../Engine/Plugins/FX/Niagara/Shaders/Private/NiagaraDataInterfaceVolumeCache.ush" 3582
"../../../Engine/Plugins/FX/Niagara/Shaders/Private/NiagaraDataInterfaceVolumeTextureTemplate.ush" 3583
"/Engine/EditorResources/SmallFont" 3584
"../../../Engine/Content/EditorResources/SmallFont.uasset" 3585
"/Engine/EngineFonts/TinyFont" 3586
"../../../Engine/Content/EngineFonts/TinyFont.uasset" 3587
"/Engine/EngineFonts/SmallFont" 3588
"../../../Engine/Content/EngineFonts/SmallFont.uasset" 3589
"/Engine/EngineFonts/RobotoTiny" 3590
"../../../Engine/Content/EngineFonts/RobotoTiny.uasset" 3591
"../../../Engine/Content/EngineFonts/Faces/RobotoTiny.uasset" 3592
"/Engine/VREditor/Fonts/VRText_RobotoLarge" 3593
"../../../Engine/Content/VREditor/Fonts/VRText_RobotoLarge.uasset" 3594
"/Game/VFX/M5VFXVOL2/Materials/Font/Font_Fix" 3595
"../../../../../../VScodeFiles/GitHub/2026_team27/KC3GameHack/Content/VFX/M5VFXVOL2/Materials/Font/Font_Fix.uasset" 3596
"C:/VScodeFiles/GitHub/2026_team27/KC3GameHack/Intermediate/ShaderAutogen/PCD3D_SM5/AutogenShaderHeaders.ush" 3597
"C:/VScodeFiles/GitHub/2026_team27/KC3GameHack/Content/Stylized_Village/Maps/Stylized_Village_Summer_BuiltData.uasset" 3598
"C:/VScodeFiles/GitHub/2026_team27/KC3GameHack/Content/Stylized_Village/Assets/Architecture/Windows/_Textures/T_Shutters_Orange_01_BC.uasset" 3599
"C:/VScodeFiles/GitHub/2026_team27/KC3GameHack/Content/Stylized_Village/Assets/Foliage/Flowers/RosesAndDandelions/FT_Rose_Bush_Flat_01.uasset" 3600
"C:/VScodeFiles/GitHub/2026_team27/KC3GameHack/Content/Stylized_Village/Assets/Architecture/Wood/Curved/SM_Wood_Floor_FullxHalf_45.uasset" 3601
"C:/VScodeFiles/GitHub/2026_team27/KC3GameHack/Content/Variant_Combat/Blueprints/LS_KeyBox.uasset" 3602
"C:/VScodeFiles/GitHub/2026_team27/KC3GameHack/Content/Stylized_Village/Assets/Architecture/Windows/_Materials/MI_Shutters_White.uasset" 3603
"C:/VScodeFiles/GitHub/2026_team27/KC3GameHack/Content/sound/SE/enviro/door.uasset" 3604
"C:/VScodeFiles/GitHub/2026_team27/KC3GameHack/Content/Stylized_Village/Assets/Props/Pots/_Materials/MI_Pots_03.uasset" 3605
"C:/VScodeFiles/GitHub/2026_team27/KC3GameHack/Content/Stylized_Village/Assets/Foliage/Flowers/RosesAndDandelions/FT_Rose_Bush_Large_01.uasset" 3606
"C:/VScodeFiles/GitHub/2026_team27/KC3GameHack/Content/Stylized_Village/Assets/VFX/Water/Texture/T_TilingNoise03_M.uasset" 3607
"C:/VScodeFiles/GitHub/2026_team27/KC3GameHack/Content/Stylized_Village/Assets/Foliage/Flowers/RosesAndDandelions/_Materials/MI_Roses_2.uasset" 3608
"C:/VScodeFiles/GitHub/2026_team27/KC3GameHack/Content/Stylized_Village/Assets/VFX/Water/Mesh/SM_SM_WaterMesh.uasset" 3609
"C:/VScodeFiles/GitHub/2026_team27/KC3GameHack/Content/Stylized_Village/Assets/VFX/Water/Texture/T_StylizedWater_03_N.uasset" 3610
"C:/VScodeFiles/GitHub/2026_team27/KC3GameHack/Content/Stylized_Village/Assets/VFX/WaterFall/Materials/MI_Waterfall_03.uasset" 3611
"C:/VScodeFiles/GitHub/2026_team27/KC3GameHack/Content/Variant_Combat/Blueprints/BP_MyAudioStreamer.uasset" 3612
"C:/VScodeFiles/GitHub/2026_team27/KC3GameHack/Content/Stylized_Village/Assets/VFX/Water/Texture/T_Caustic_01a_M.uasset" 3613
"../../../Engine/Content/Functions/Engine_MaterialFunctions03/ComplexMotion/Motion_4WayChaos_Normal.uasset" 3614
"../../../Engine/Content/TemplateResources/MI_Template_BaseGray_02.uasset" 3615
"../../../Engine/Content/Engine_MI_Shaders/T_Base_Tile_Normal.uasset" 3616
"../../../Engine/Content/EngineMeshes/Cylinder.uasset" 3617
"C:/VScodeFiles/GitHub/2026_team27/KC3GameHack/Content/Variant_Combat/Blueprints/BP_HouseDoor.uasset" 3618
"C:/VScodeFiles/GitHub/2026_team27/KC3GameHack/Content/Variant_Combat/Blueprints/BP_DamagableFire.uasset" 3619
"C:/VScodeFiles/GitHub/2026_team27/KC3GameHack/Content/Stylized_Village/Assets/VFX/Water/Material/MM_Water.uasset" 3620
"C:/VScodeFiles/GitHub/2026_team27/KC3GameHack/Content/VFX/Vefects/Free_Fire/Shared/Audio/SFX_FireBig_L.uasset" 3621
"C:/VScodeFiles/GitHub/2026_team27/KC3GameHack/Content/Stylized_Village/Assets/VFX/Water/Material/MI_Water.uasset" 3622
"C:/VScodeFiles/GitHub/2026_team27/KC3GameHack/Content/Fab/Low_Poly_Chest_Animated/low_poly_chest_animated/Textures/low_poly_chest_animated_texture_0.uasset" 3623
"C:/VScodeFiles/GitHub/2026_team27/KC3GameHack/Content/Stylized_Village/Assets/VFX/WaterFall/Materials/MI_Waterfall_02.uasset" 3624
"../../../Engine/Plugins/Interchange/Assets/Content/gltf/MaterialFunctions/MF_Emissive.uasset" 3625
"C:/VScodeFiles/GitHub/2026_team27/KC3GameHack/Content/sound/SE/enviro/button1.uasset" 3626
"../../../Engine/Content/TemplateResources/M_Template_Master.uasset" 3627
"../../../Engine/Plugins/Interchange/Assets/Content/gltf/MaterialBodies/MF_Default_Body.uasset" 3628
"C:/VScodeFiles/GitHub/2026_team27/KC3GameHack/Content/Variant_Combat/Blueprints/BP_UnderButton.uasset" 3629
"/Game/Stylized_Village/Assets/Architecture/Windows/_Textures/T_Shutters_Orange_01_BC" 3630
"/Game/Stylized_Village/Assets/Architecture/Windows/_Materials/MI_Shutters_White" 3631
"../../../../../../VScodeFiles/GitHub/2026_team27/KC3GameHack/Content/Stylized_Village/Assets/Architecture/Windows/_Materials/MIM_Window.uasset" 3632
"../../../../../../VScodeFiles/GitHub/2026_team27/KC3GameHack/Content/Stylized_Village/Assets/Architecture/Windows/_Textures/T_Shutters_01_MRO.uasset" 3633
"../../../../../../VScodeFiles/GitHub/2026_team27/KC3GameHack/Content/Stylized_Village/Assets/Architecture/Windows/_Textures/T_Shutters_01_N.uasset" 3634
"../../../../../../VScodeFiles/GitHub/2026_team27/KC3GameHack/Content/Stylized_Village/MasterMaterials/MM_Props/Material/MIM_Props_Snow.uasset" 3635
"../../../../../../VScodeFiles/GitHub/2026_team27/KC3GameHack/Content/Stylized_Village/MasterMaterials/Texture/T_Grunge/T_Grunge_04a.uasset" 3636
"../../../../../../VScodeFiles/GitHub/2026_team27/KC3GameHack/Content/Stylized_Village/MasterMaterials/MM_Props/Material/MM_MasterMaterial.uasset" 3637
"../../../../../../VScodeFiles/GitHub/2026_team27/KC3GameHack/Content/Stylized_Village/MasterMaterials/MM_Props/Texture/T_SnowRough_01a_N.uasset" 3638
"../../../../../../VScodeFiles/GitHub/2026_team27/KC3GameHack/Content/Stylized_Village/MasterMaterials/MM_Props/Texture/T_SnowSof01a_H.uasset" 3639
"../../../Engine/Content/Functions/Engine_MaterialFunctions01/Gradient/LinearGradient.uasset" 3640
"../../../Engine/Content/Functions/Engine_MaterialFunctions01/ImageAdjustment/CheapContrast.uasset" 3641
"../../../Engine/Content/Functions/Engine_MaterialFunctions01/Shading/FuzzyShading.uasset" 3642
"../../../Engine/Content/Functions/Engine_MaterialFunctions01/Texturing/WorldAlignedTexture.uasset" 3643
"../../../Engine/Content/Functions/Engine_MaterialFunctions02/Math/Pi.uasset" 3644
"../../../Engine/Content/Functions/Engine_MaterialFunctions02/Texturing/ScreenAlignedPixelToPixelUVs.uasset" 3645
"../../../Engine/Content/Functions/Engine_MaterialFunctions02/Utility/DitherTemporalAA.uasset" 3646
"../../../Engine/Content/Functions/Engine_MaterialFunctions03/Blends/Blend_Overlay.uasset" 3647
"../../../../../../VScodeFiles/GitHub/2026_team27/KC3GameHack/Content/Stylized_Village/MasterMaterials/MM_Props/Material_Function/MF_AODirt.uasset" 3648
"../../../../../../VScodeFiles/GitHub/2026_team27/KC3GameHack/Content/Stylized_Village/MasterMaterials/MM_Props/Material_Function/MF_ColorVar.uasset" 3649
"../../../../../../VScodeFiles/GitHub/2026_team27/KC3GameHack/Content/Stylized_Village/MasterMaterials/MM_Props/Material_Function/MF_FuzzyMasterlayer.uasset" 3650
"../../../../../../VScodeFiles/GitHub/2026_team27/KC3GameHack/Content/Stylized_Village/MasterMaterials/MM_Props/Material_Function/MF_HeightExtracted.uasset" 3651
"../../../../../../VScodeFiles/GitHub/2026_team27/KC3GameHack/Content/Stylized_Village/MasterMaterials/MM_Props/Material_Function/MF_MacroAlbedo.uasset" 3652
"../../../../../../VScodeFiles/GitHub/2026_team27/KC3GameHack/Content/Stylized_Village/MasterMaterials/MM_Props/Material_Function/MF_Masterlayer.uasset" 3653
"../../../../../../VScodeFiles/GitHub/2026_team27/KC3GameHack/Content/Stylized_Village/MasterMaterials/MM_Props/Material_Function/MF_MatLayerBlend.uasset" 3654
"../../../../../../VScodeFiles/GitHub/2026_team27/KC3GameHack/Content/Stylized_Village/MasterMaterials/MM_Props/Material_Function/MF_ScaleBaseTile.uasset" 3655
"../../../../../../VScodeFiles/GitHub/2026_team27/KC3GameHack/Content/Stylized_Village/MasterMaterials/MM_Props/Material_Function/MF_Snowlayer.uasset" 3656
"../../../../../../VScodeFiles/GitHub/2026_team27/KC3GameHack/Content/Stylized_Village/MasterMaterials/MM_Props/Material_Function/MF_Upvector.uasset" 3657
"../../../../../../VScodeFiles/GitHub/2026_team27/KC3GameHack/Content/Stylized_Village/MasterMaterials/MM_Props/Material_Function/MF_Vertexpaint.uasset" 3658
"../../../../../../VScodeFiles/GitHub/2026_team27/KC3GameHack/Content/Stylized_Village/MasterMaterials/MM_Props/Material_Function/MF_Wetness.uasset" 3659
"../../../../../../VScodeFiles/GitHub/2026_team27/KC3GameHack/Content/Stylized_Village/A_WeatherControl/MC_WorldSeason.uasset" 3660
"../../../Engine/Content/EngineMaterials/BlendFunc_DefBase.uasset" 3661
"../../../Engine/Content/EngineMaterials/BlendFunc_DefBlend.uasset" 3662
"../../../Engine/Content/EngineResources/AICON-Green_Low.uasset" 3663
"../../../Engine/Content/EngineResources/Gray.uasset" 3664
"../../../../../../VScodeFiles/GitHub/2026_team27/KC3GameHack/Content/Stylized_Village/MasterMaterials/MM_Props/Texture/T_Mask_MRO.uasset" 3665
"../../../../../../VScodeFiles/GitHub/2026_team27/KC3GameHack/Content/Stylized_Village/MasterMaterials/MM_Props/Texture/T_MT.uasset" 3666
"../../../../../../VScodeFiles/GitHub/2026_team27/KC3GameHack/Content/Stylized_Village/MasterMaterials/MM_Props/Texture/T_SnowSof01a_N.uasset" 3667
"../../../../../../VScodeFiles/GitHub/2026_team27/KC3GameHack/Content/Stylized_Village/MasterMaterials/MM_Props/Texture/T_Water_N.uasset" 3668
"../../../../../../VScodeFiles/GitHub/2026_team27/KC3GameHack/Content/Stylized_Village/MasterMaterials/Texture/Snow/T_Splatter_Mask.uasset" 3669
"../../../../../../VScodeFiles/GitHub/2026_team27/KC3GameHack/Content/Stylized_Village/MasterMaterials/Texture/T_Grunge/T_Grunge_02a.uasset" 3670
"/Game/Stylized_Village/Assets/Architecture/Wood/Curved/SM_Wood_Floor_FullxHalf_45" 3671
"../../../../../../VScodeFiles/GitHub/2026_team27/KC3GameHack/Content/Stylized_Village/Assets/Architecture/Wood/_Materials/MI_Wood_Floors.uasset" 3672
"../../../../../../VScodeFiles/GitHub/2026_team27/KC3GameHack/Content/Stylized_Village/Assets/Architecture/Wood/_Materials/MIM_Wood.uasset" 3673
"../../../../../../VScodeFiles/GitHub/2026_team27/KC3GameHack/Content/Stylized_Village/Assets/Architecture/Wood/_Textures/T_Floors_BC.uasset" 3674
"../../../../../../VScodeFiles/GitHub/2026_team27/KC3GameHack/Content/Stylized_Village/Assets/Architecture/Wood/_Textures/T_Floors_MROH.uasset" 3675
"../../../../../../VScodeFiles/GitHub/2026_team27/KC3GameHack/Content/Stylized_Village/Assets/Architecture/Wood/_Textures/T_Floors_N.uasset" 3676
"/Game/Stylized_Village/Assets/Foliage/Flowers/RosesAndDandelions/FT_Rose_Bush_Flat_01" 3677
"../../../../../../VScodeFiles/GitHub/2026_team27/KC3GameHack/Content/Stylized_Village/Assets/Foliage/Flowers/RosesAndDandelions/SM_Rose_Bush_Flat_01.uasset" 3678
"../../../../../../VScodeFiles/GitHub/2026_team27/KC3GameHack/Content/Stylized_Village/Assets/Foliage/Flowers/RosesAndDandelions/_Materials/MI_Roses.uasset" 3679
"../../../../../../VScodeFiles/GitHub/2026_team27/KC3GameHack/Content/Stylized_Village/Assets/Foliage/Flowers/RosesAndDandelions/_Materials/MI_RoseStems.uasset" 3680
"../../../../../../VScodeFiles/GitHub/2026_team27/KC3GameHack/Content/Stylized_Village/Assets/Foliage/Grass/_Materials/M_StylizedFoliage.uasset" 3681
"../../../../../../VScodeFiles/GitHub/2026_team27/KC3GameHack/Content/Stylized_Village/Assets/_Global/Materials/_UtilityTextures/T_Moisture_Grunge_BC.uasset" 3682
"../../../../../../VScodeFiles/GitHub/2026_team27/KC3GameHack/Content/Stylized_Village/Assets/Foliage/Flowers/RosesAndDandelions/_Textures/T_DandelionAndRoses_BC.uasset" 3683
"../../../../../../VScodeFiles/GitHub/2026_team27/KC3GameHack/Content/Stylized_Village/Assets/Foliage/Flowers/RosesAndDandelions/_Textures/T_DandelionAndRoses_MRO.uasset" 3684
"../../../../../../VScodeFiles/GitHub/2026_team27/KC3GameHack/Content/Stylized_Village/Assets/Foliage/Flowers/RosesAndDandelions/_Textures/T_DandelionAndRoses_N.uasset" 3685
"../../../../../../VScodeFiles/GitHub/2026_team27/KC3GameHack/Content/Stylized_Village/Assets/Foliage/Grass/_Materials/M_BaseColorUtility.uasset" 3686
"../../../Engine/Content/Functions/Engine_MaterialFunctions01/ImageAdjustment/3ColorBlend.uasset" 3687
"../../../../../../VScodeFiles/GitHub/2026_team27/KC3GameHack/Content/Stylized_Village/Assets/Architecture/Wood/Curved/SM_Wood_Floor_FullxHalf_45.uasset" 3688
"../../../Engine/Content/Functions/Engine_MaterialFunctions01/WorldPositionOffset/SimpleGrassWind.uasset" 3689
"../../../Engine/Content/Functions/Engine_MaterialFunctions02/3PointLevels.uasset" 3690
"../../../Engine/Content/Functions/Engine_MaterialFunctions02/Math/InverseTransformMatrix.uasset" 3691
"../../../../../../VScodeFiles/GitHub/2026_team27/KC3GameHack/Content/Stylized_Village/Assets/Foliage/Grass/_Materials/MaterialFunction/ImposterCaptureSwitch.uasset" 3692
"../../../../../../VScodeFiles/GitHub/2026_team27/KC3GameHack/Content/Stylized_Village/Assets/Foliage/Grass/_Materials/MaterialFunction/MPC_ImposterCapture.uasset" 3693
"../../../../../../VScodeFiles/GitHub/2026_team27/KC3GameHack/Content/Stylized_Village/Assets/_Global/Materials/_UtilityTextures/T_Wave_Utility.uasset" 3694
"../../../../../../VScodeFiles/GitHub/2026_team27/KC3GameHack/Content/Stylized_Village/Assets/_Global/Materials/_UtilityTextures/T_Wave_Utility_02.uasset" 3695
"../../../../../../VScodeFiles/GitHub/2026_team27/KC3GameHack/Content/Stylized_Village/Assets/Foliage/Grass/_Textures/T_SimpleGrass_01_A_BC.uasset" 3696
"../../../../../../VScodeFiles/GitHub/2026_team27/KC3GameHack/Content/Stylized_Village/Assets/Foliage/Grass/_Textures/T_SimpleGrass_01_A_MROH.uasset" 3697
"../../../../../../VScodeFiles/GitHub/2026_team27/KC3GameHack/Content/Stylized_Village/Assets/Foliage/Grass/_Textures/T_SimpleGrass_01_A_N.uasset" 3698
"../../../../../../VScodeFiles/GitHub/2026_team27/KC3GameHack/Content/Stylized_Village/MasterMaterials/MM_Props/Texture/T_SnowRough_01a_H.uasset" 3699
"/Game/Stylized_Village/Assets/Foliage/Flowers/RosesAndDandelions/FT_Rose_Bush_Large_01" 3700
"../../../../../../VScodeFiles/GitHub/2026_team27/KC3GameHack/Content/Stylized_Village/Assets/Foliage/Flowers/RosesAndDandelions/SM_Rose_Bush_Large_01.uasset" 3701
"/Game/Stylized_Village/Assets/Foliage/Flowers/RosesAndDandelions/_Materials/MI_Roses_2" 3702
"/Game/Stylized_Village/Assets/Props/Pots/_Materials/MI_Pots_03" 3703
"../../../../../../VScodeFiles/GitHub/2026_team27/KC3GameHack/Content/Stylized_Village/Assets/Props/Pots/_Textures/T_ClayPots_White_BC.uasset" 3704
"../../../../../../VScodeFiles/GitHub/2026_team27/KC3GameHack/Content/Stylized_Village/Assets/Props/Pots/_Textures/T_ClayPots_White_MRO.uasset" 3705
"../../../../../../VScodeFiles/GitHub/2026_team27/KC3GameHack/Content/Stylized_Village/Assets/Props/Pots/_Textures/T_ClayPots_White_N.uasset" 3706
"/Game/Stylized_Village/Assets/VFX/Water/Texture/T_Caustic_01a_M" 3707
"/Game/Stylized_Village/Assets/VFX/Water/Texture/T_StylizedWater_03_N" 3708
"/Engine/Functions/Engine_MaterialFunctions03/ComplexMotion/Motion_4WayChaos_Normal" 3709
"/Game/Stylized_Village/Assets/VFX/Water/Material/MM_Water" 3710
"/Game/Stylized_Village/Assets/VFX/Water/Texture/T_TilingNoise03_M" 3711
"/Game/Stylized_Village/Assets/VFX/Water/Material/MI_Water" 3712
"/Game/Stylized_Village/Assets/VFX/Water/Mesh/SM_SM_WaterMesh" 3713
"/Game/Stylized_Village/Assets/VFX/WaterFall/Materials/MI_Waterfall_02" 3714
"../../../../../../VScodeFiles/GitHub/2026_team27/KC3GameHack/Content/Stylized_Village/Assets/VFX/WaterFall/Materials/MM_Waterfall.uasset" 3715
"../../../../../../VScodeFiles/GitHub/2026_team27/KC3GameHack/Content/Stylized_Village/Assets/VFX/Water/Mesh/SM_SM_WaterMesh.uasset" 3716
"../../../../../../VScodeFiles/GitHub/2026_team27/KC3GameHack/Content/Stylized_Village/Assets/VFX/WaterFall/Materials/MaterialFunctions/MF_NormalBlend.uasset" 3717
"../../../../../../VScodeFiles/GitHub/2026_team27/KC3GameHack/Content/Stylized_Village/Assets/VFX/WaterFall/Materials/MaterialFunctions/MF_RiverMotionColor.uasset" 3718
"../../../../../../VScodeFiles/GitHub/2026_team27/KC3GameHack/Content/Stylized_Village/Assets/VFX/WaterFall/Materials/MaterialFunctions/MF_RiverMotionNormal.uasset" 3719
"../../../../../../VScodeFiles/GitHub/2026_team27/KC3GameHack/Content/Stylized_Village/Assets/VFX/WaterFall/Materials/MaterialFunctions/MF_WaterfallProceduralNoise.uasset" 3720
"../../../../../../VScodeFiles/GitHub/2026_team27/KC3GameHack/Content/Stylized_Village/Assets/VFX/WaterFall/Textures/HDRI_Sky.uasset" 3721
"../../../../../../VScodeFiles/GitHub/2026_team27/KC3GameHack/Content/Stylized_Village/Assets/VFX/WaterFall/Textures/T_Foam_04_M.uasset" 3722
"../../../../../../VScodeFiles/GitHub/2026_team27/KC3GameHack/Content/Stylized_Village/Assets/VFX/WaterFall/Textures/T_Foam_06_M.uasset" 3723
"../../../../../../VScodeFiles/GitHub/2026_team27/KC3GameHack/Content/Stylized_Village/Assets/VFX/WaterFall/Textures/T_TilingNoise03_M.uasset" 3724
"../../../../../../VScodeFiles/GitHub/2026_team27/KC3GameHack/Content/Stylized_Village/Assets/VFX/WaterFall/Textures/T_Water_N.uasset" 3725
"../../../../../../VScodeFiles/GitHub/2026_team27/KC3GameHack/Content/Stylized_Village/Assets/VFX/WaterFall/Textures/T_Waterfall_01_N.uasset" 3726
"../../../../../../VScodeFiles/GitHub/2026_team27/KC3GameHack/Content/Stylized_Village/Assets/VFX/WaterFall/Textures/T_WaterRipples_02_M.uasset" 3727
"/Game/Stylized_Village/Assets/VFX/WaterFall/Materials/MI_Waterfall_03" 3728
"/Game/Variant_Combat/Blueprints/BP_MyAudioStreamer" 3729
"../../../../../../VScodeFiles/GitHub/2026_team27/KC3GameHack/Content/Variant_Combat/Blueprints/SS_Reco.uasset" 3730
"../../../../../../VScodeFiles/GitHub/2026_team27/KC3GameHack/Content/Variant_Combat/Blueprints/SS_SubmixName.uasset" 3731
"/Game/sound/SE/enviro/button1" 3732
"/Engine/TemplateResources/M_Template_Master" 3733
"/Engine/TemplateResources/MI_Template_BaseGray_02" 3734
"/Engine/EngineMeshes/Cylinder" 3735
"/Game/Variant_Combat/Blueprints/BP_UnderButton" 3736
"../../../Engine/Content/EditorBlueprintResources/StandardMacros.uasset" 3737
"../../../../../../VScodeFiles/GitHub/2026_team27/KC3GameHack/Content/Variant_Combat/Blueprints/BP_WordProjectile.uasset" 3738
"../../../../../../VScodeFiles/GitHub/2026_team27/KC3GameHack/Content/sound/testmaterial/red.uasset" 3739
"../../../../../../VScodeFiles/GitHub/2026_team27/KC3GameHack/Content/Variant_Combat/Blueprints/BPC_Attacks.uasset" 3740
"../../../../../../VScodeFiles/GitHub/2026_team27/KC3GameHack/Content/Variant_Combat/Blueprints/PlayerParam/E_DamageResponse.uasset" 3741
"../../../../../../VScodeFiles/GitHub/2026_team27/KC3GameHack/Content/Variant_Combat/Blueprints/PlayerParam/E_DamageType.uasset" 3742
"../../../../../../VScodeFiles/GitHub/2026_team27/KC3GameHack/Content/Variant_Combat/Blueprints/PlayerParam/E_DeathReaction.uasset" 3743
"../../../../../../VScodeFiles/GitHub/2026_team27/KC3GameHack/Content/Variant_Combat/Blueprints/PlayerParam/S_DamageInfo.uasset" 3744
"../../../../../../VScodeFiles/GitHub/2026_team27/KC3GameHack/Content/Variant_Combat/Blueprints/AOE/BP_AOE_Base.uasset" 3745
"../../../../../../VScodeFiles/GitHub/2026_team27/KC3GameHack/Content/Variant_Combat/Blueprints/BPI_Damagable.uasset" 3746
"../../../../../../VScodeFiles/GitHub/2026_team27/KC3GameHack/Content/Variant_Combat/Blueprints/BPL_DebugTrace.uasset" 3747
"/Text3D/Materials/M_Text3DOpaqueUnlit" 3748
"../../Plugins/Experimental/Text3D/Content/Materials/M_Text3DOpaqueUnlit.uasset" 3749
"../../../Engine/Content/Functions/Engine_MaterialFunctions02/Utility/BreakOutFloat4Components.uasset" 3750
"../../../Engine/Content/Functions/Engine_MaterialFunctions02/Utility/MakeFloat4.uasset" 3751
"../../Plugins/VirtualProduction/GeometryMask/Content/GeometryMask/MF_ApplyGeometryMask.uasset" 3752
"../../Plugins/VirtualProduction/GeometryMask/Content/GeometryMask/MF_ApplyMask2D.uasset" 3753
"../../Plugins/VirtualProduction/GeometryMask/Content/GeometryMask/MF_ApplyMask2D_Single.uasset" 3754
"../../Plugins/VirtualProduction/GeometryMask/Content/GeometryMask/MF_ApplyMaskFeather.uasset" 3755
"../../Plugins/Experimental/Text3D/Content/MaterialFunctions/MF_Text3DGradient.uasset" 3756
"../../Plugins/Experimental/Text3D/Content/MaterialFunctions/MF_Text3DLinearGradient.uasset" 3757
"../../Plugins/Experimental/Text3D/Content/MaterialFunctions/MF_Text3DMask.uasset" 3758
"../../Plugins/Experimental/Text3D/Content/MaterialFunctions/MF_Text3DTexture.uasset" 3759
"/Game/VFX/Vefects/Free_Fire/Shared/Audio/SFX_FireBig_L" 3760
"/Game/Variant_Combat/Blueprints/BP_DamagableFire" 3761
"../../../../../../VScodeFiles/GitHub/2026_team27/KC3GameHack/Content/Variant_Combat/Blueprints/BP_MasterWordRecevier.uasset" 3762
"../../../../../../VScodeFiles/GitHub/2026_team27/KC3GameHack/Content/VFX/Vefects/Free_Fire/Shared/Particles/NS_Fire_Big.uasset" 3763
"../../../../../../VScodeFiles/GitHub/2026_team27/KC3GameHack/Content/VFX/Vefects/Free_Fire/Shared/Audio/SA_FireBig.uasset" 3764
"../../../../../../VScodeFiles/GitHub/2026_team27/KC3GameHack/Content/VFX/Vefects/Free_Fire/Shared/Materials/MI_VFX_Ashes_01.uasset" 3765
"../../../../../../VScodeFiles/GitHub/2026_team27/KC3GameHack/Content/VFX/Vefects/Free_Fire/Shared/Materials/MI_VFX_Fire_01.uasset" 3766
"../../../../../../VScodeFiles/GitHub/2026_team27/KC3GameHack/Content/VFX/Vefects/Free_Fire/Shared/Materials/MI_VFX_Fire_02.uasset" 3767
"../../../../../../VScodeFiles/GitHub/2026_team27/KC3GameHack/Content/VFX/Vefects/Free_Fire/Shared/Materials/MI_VFX_Glow_01.uasset" 3768
"../../../../../../VScodeFiles/GitHub/2026_team27/KC3GameHack/Content/VFX/Vefects/Free_Fire/Shared/Materials/MI_VFX_HeatDistortion_Strong.uasset" 3769
"../../../../../../VScodeFiles/GitHub/2026_team27/KC3GameHack/Content/VFX/Vefects/Free_Fire/Shared/Particles/NE_FireFlame.uasset" 3770
"../../../../../../VScodeFiles/GitHub/2026_team27/KC3GameHack/Content/VFX/Vefects/Free_Fire/Shared/Particles/NE_Heat.uasset" 3771
"../../../../../../VScodeFiles/GitHub/2026_team27/KC3GameHack/Content/VFX/Vefects/Free_Fire/Shared/Particles/NE_Lights.uasset" 3772
"../../../../../../VScodeFiles/GitHub/2026_team27/KC3GameHack/Content/VFX/Vefects/Free_Fire/Shared/Particles/NE_Sparkles.uasset" 3773
"../../Plugins/FX/Niagara/Content/DynamicInputs/Lerp/Lerp_Vector2.uasset" 3774
"../../Plugins/FX/Niagara/Content/DynamicInputs/Multiply/Multiply_Float.uasset" 3775
"../../Plugins/FX/Niagara/Content/DynamicInputs/TypeConversions/Vector2DFromFloat.uasset" 3776
"../../Plugins/FX/Niagara/Content/DynamicInputs/UniformRange/V2/RandomRangeFloat.uasset" 3777
"../../Plugins/FX/Niagara/Content/DynamicInputs/UniformRange/V2/RandomRangeInt.uasset" 3778
"../../Plugins/FX/Niagara/Content/DynamicInputs/UniformRange/V2/RandomRangeVector.uasset" 3779
"../../Plugins/FX/Niagara/Content/DynamicInputs/ValueFromCurve/ColorFromCurve.uasset" 3780
"../../Plugins/FX/Niagara/Content/DynamicInputs/ValueFromCurve/FloatFromCurve.uasset" 3781
"../../Plugins/FX/Niagara/Content/DynamicInputs/ValueFromCurve/VectorFromCurve.uasset" 3782
"../../Plugins/FX/Niagara/Content/Modules/Emitter/EmitterState.uasset" 3783
"../../Plugins/FX/Niagara/Content/Modules/Emitter/SpawnBurst_Instantaneous.uasset" 3784
"../../Plugins/FX/Niagara/Content/Modules/Emitter/SpawnRate.uasset" 3785
"../../Plugins/FX/Niagara/Content/Modules/Solvers/SolveForcesAndVelocity.uasset" 3786
"../../Plugins/FX/Niagara/Content/Modules/Spawn/Initialization/V2/InitializeParticle.uasset" 3787
"../../Plugins/FX/Niagara/Content/Modules/Spawn/Location/V2/SphereLocation.uasset" 3788
"../../Plugins/FX/Niagara/Content/Modules/Spawn/Velocity/AddVelocity.uasset" 3789
"../../Plugins/FX/Niagara/Content/Modules/Spawn/Velocity/AddVelocityFromPoint.uasset" 3790
"../../Plugins/FX/Niagara/Content/Modules/System/SystemState.uasset" 3791
"../../Plugins/FX/Niagara/Content/Modules/Update/Color/Color.uasset" 3792
"../../Plugins/FX/Niagara/Content/Modules/Update/Forces/GravityForce.uasset" 3793
"../../Plugins/FX/Niagara/Content/Modules/Update/Lifetime/ParticleState.uasset" 3794
"../../Plugins/FX/Niagara/Content/Modules/Update/Material/DynamicMaterialParameters.uasset" 3795
"../../Plugins/FX/Niagara/Content/Modules/Update/Size/ScaleSpriteSize.uasset" 3796
"../../Plugins/FX/Niagara/Content/Modules/Update/Velocity/ScaleVelocity.uasset" 3797
"../../Plugins/FX/Niagara/Content/Enums/ENiagara_ColorInitializationMode.uasset" 3798
"../../Plugins/FX/Niagara/Content/Enums/ENiagara_EmitterStateOptions.uasset" 3799
"../../Plugins/FX/Niagara/Content/Enums/ENiagara_InfiniteLoopDuration.uasset" 3800
"../../Plugins/FX/Niagara/Content/Enums/ENiagara_LifetimeMode.uasset" 3801
"../../Plugins/FX/Niagara/Content/Enums/ENiagara_MassInitializationMode.uasset" 3802
"../../Plugins/FX/Niagara/Content/Enums/ENiagara_PositionInitializationMode.uasset" 3803
"../../Plugins/FX/Niagara/Content/Enums/ENiagara_SizeScaleMode.uasset" 3804
"../../Plugins/FX/Niagara/Content/Enums/ENiagara_SpriteRotationMode.uasset" 3805
"../../Plugins/FX/Niagara/Content/Enums/ENiagara_UVFlippingMode.uasset" 3806
"../../Plugins/FX/Niagara/Content/Enums/ENiagaraChannelCorrelation.uasset" 3807
"../../Plugins/FX/Niagara/Content/Enums/ENiagaraEmitterLifeCycleMode.uasset" 3808
"../../Plugins/FX/Niagara/Content/Enums/ENiagaraEmitterScalabilityMode_Limited.uasset" 3809
"../../Plugins/FX/Niagara/Content/Enums/ENiagaraInactiveMode.uasset" 3810
"../../Plugins/FX/Niagara/Content/Enums/ENiagaraRandomnessEvaluation.uasset" 3811
"../../Plugins/FX/Niagara/Content/Enums/ENiagaraRandomnessMode.uasset" 3812
"../../Plugins/FX/Niagara/Content/Enums/ENiagaraSphereDistributionMode.uasset" 3813
"../../Plugins/FX/Niagara/Content/Enums/ENiagaraSystemInactiveMode.uasset" 3814
"../../Plugins/FX/Niagara/Content/Enums/Ribbons/ENiagara_UnsetDirectSet.uasset" 3815
"../../Plugins/FX/Niagara/Content/Enums/Ribbons/ENiagara_UnsetDirectSetRandom.uasset" 3816
"../../Plugins/FX/Niagara/Content/Enums/SpriteRenderer/ENiagara_ScaleSpriteSize.uasset" 3817
"../../../../../../VScodeFiles/GitHub/2026_team27/KC3GameHack/Content/VFX/Vefects/Free_Fire/Shared/Materials/M_VFX_Erosion.uasset" 3818
"../../../../../../VScodeFiles/GitHub/2026_team27/KC3GameHack/Content/VFX/Vefects/Free_Fire/Shared/Textures/T_VFX_Ashes_01.uasset" 3819
"../../../../../../VScodeFiles/GitHub/2026_team27/KC3GameHack/Content/VFX/Vefects/Free_Fire/Shared/Textures/T_VFX_Noise_07.uasset" 3820
"../../../../../../VScodeFiles/GitHub/2026_team27/KC3GameHack/Content/VFX/Vefects/Free_Fire/Shared/Textures/T_VFX_White.uasset" 3821
"../../../../../../VScodeFiles/GitHub/2026_team27/KC3GameHack/Content/VFX/Vefects/Free_Fire/Shared/Textures/T_VFX_Fire_Mask_01.uasset" 3822
"../../../../../../VScodeFiles/GitHub/2026_team27/KC3GameHack/Content/VFX/Vefects/Free_Fire/Shared/Textures/T_VFX_Noise_01.uasset" 3823
"../../../../../../VScodeFiles/GitHub/2026_team27/KC3GameHack/Content/VFX/Vefects/Free_Fire/Shared/Textures/T_VFX_Dust_01.uasset" 3824
"../../../../../../VScodeFiles/GitHub/2026_team27/KC3GameHack/Content/VFX/Vefects/Free_Fire/Shared/Textures/T_VFX_Glow_01.uasset" 3825
"../../../../../../VScodeFiles/GitHub/2026_team27/KC3GameHack/Content/VFX/Vefects/Free_Fire/Shared/Materials/M_VFX_HeatDistortion.uasset" 3826
"../../../../../../VScodeFiles/GitHub/2026_team27/KC3GameHack/Content/VFX/Vefects/Free_Fire/Shared/Textures/T_VFX_Ash_01.uasset" 3827
"../../Plugins/FX/Niagara/Content/Functions/V2/CalculateRandomRangeFloat.uasset" 3828
"../../Plugins/FX/Niagara/Content/Functions/V2/CalculateRandomRangeInteger.uasset" 3829
"../../Plugins/FX/Niagara/Content/Functions/V2/CalculateRandomRange.uasset" 3830
"../../Plugins/FX/Niagara/Content/Functions/Emitter/EmitterChangeState.uasset" 3831
"../../Plugins/FX/Niagara/Content/Icons/Modules/T_Icon_Scalability_Emitter.uasset" 3832
"../../Plugins/FX/Niagara/Content/Icons/Modules/T_Icon_Scalability_System.uasset" 3833
"../../Plugins/FX/Niagara/Content/Functions/RandomRangeFloat.uasset" 3834
"../../Plugins/FX/Niagara/Content/Functions/DirectionAndLengthSafe.uasset" 3835
"../../Plugins/FX/Niagara/Content/Functions/Drag/DragVelocity.uasset" 3836
"../../Plugins/FX/Niagara/Content/Functions/Math/CentimeterMeterConversion.uasset" 3837
"../../Plugins/FX/Niagara/Content/Functions/Rotation/MultiplyVectorWithQuaternion.uasset" 3838
"../../Plugins/FX/Niagara/Content/Modules/Solvers/ApplyRotationVector.uasset" 3839
"../../Plugins/FX/Niagara/Content/Icons/Modules/T_Icon_Solver_LimitAccel.uasset" 3840
"../../Plugins/FX/Niagara/Content/Icons/Modules/T_Icon_Solver_LimitSpeed.uasset" 3841
"../../Plugins/FX/Niagara/Content/Icons/Modules/T_Icon_Solver_RotationalSolve.uasset" 3842
"../../Plugins/FX/Niagara/Content/Functions/LinearColor/HueShiftLinearColor.uasset" 3843
"../../Plugins/FX/Niagara/Content/Functions/Localspace/SimulationPosition.uasset" 3844
"../../Plugins/FX/Niagara/Content/Functions/Localspace/TransformVector.uasset" 3845
"../../Plugins/FX/Niagara/Content/Functions/V2/CalculateRandomBool.uasset" 3846
"../../Plugins/FX/Niagara/Content/Functions/Localspace/PositionToVector.uasset" 3847
"../../Plugins/FX/Niagara/Content/Functions/Rotation/FindQuatBetween.uasset" 3848
"../../Plugins/FX/Niagara/Content/Functions/SphericalToCartesianCoordinates.uasset" 3849
"../../Plugins/FX/Niagara/Content/Functions/V2/CalculateRandomPointInSphere.uasset" 3850
"../../Plugins/FX/Niagara/Content/Enums/ENiagaraExpansionMode.uasset" 3851
"../../Plugins/FX/Niagara/Content/Functions/Math/CalculateRandomPointInConeSphereIntersection.uasset" 3852
"../../Plugins/FX/Niagara/Content/Functions/Math/SaturateFloat.uasset" 3853
"../../Plugins/FX/Niagara/Content/Functions/Rotation/AngleUnitConverter.uasset" 3854
"../../Plugins/FX/Niagara/Content/Functions/Rotation/AxisAngleToQuaternion.uasset" 3855
"../../Plugins/FX/Niagara/Content/Functions/Rotation/InvertQuaternion.uasset" 3856
"../../Plugins/FX/Niagara/Content/Functions/Rotation/MakeQuaternionFrom3BasisVectors.uasset" 3857
"../../Plugins/FX/Niagara/Content/Functions/Rotation/MultiplyQuaternion.uasset" 3858
"../../Plugins/FX/Niagara/Content/Functions/Rotation/TransformStack/TransformStack_Rotation.uasset" 3859
"../../Plugins/FX/Niagara/Content/Functions/Rotation/XYZRotationToQuaternion.uasset" 3860
"../../Plugins/FX/Niagara/Content/Functions/V2/CalculateRandomUnitVector.uasset" 3861
"../../Plugins/FX/Niagara/Content/Functions/V2/DistanceBasedFalloff.uasset" 3862
"../../Plugins/FX/Niagara/Content/Enums/Angles/ENiagara_AngleInput.uasset" 3863
"../../Plugins/FX/Niagara/Content/Enums/Transforms/ENiagara_RotationMode.uasset" 3864
"../../Plugins/FX/Niagara/Content/Enums/Utility/ENiagara_VelocityMode.uasset" 3865
"../../Plugins/FX/Niagara/Content/Functions/DistanceBasedFalloff.uasset" 3866
"../../Plugins/FX/Niagara/Content/Functions/RandomVector.uasset" 3867
"../../Plugins/FX/Niagara/Content/Functions/System/SystemChangeState.uasset" 3868
"../../Plugins/FX/Niagara/Content/Icons/Modules/T_Icon_Particle_InfiniteLife.uasset" 3869
"../../Plugins/FX/Niagara/Content/Enums/Utility/ENiagara_DynamicMaterialParametersInputMode.uasset" 3870
"../../Plugins/FX/Niagara/Content/Functions/Localspace/TransformOffset.uasset" 3871
"../../../../../../VScodeFiles/GitHub/2026_team27/KC3GameHack/Content/VFX/Vefects/Free_Fire/Shared/Textures/T_VFX_Fire_Ground_Mask_01.uasset" 3872
"../../../../../../VScodeFiles/GitHub/2026_team27/KC3GameHack/Content/VFX/Vefects/Free_Fire/Shared/Textures/T_VFX_Gradient_Up_Down_01.uasset" 3873
"../../../../../../VScodeFiles/GitHub/2026_team27/KC3GameHack/Content/VFX/Vefects/Free_Fire/Shared/Textures/T_VFX_Noise_04.uasset" 3874
"../../Plugins/FX/Niagara/Content/Functions/GetRandomInfo.uasset" 3875
"../../Plugins/FX/Niagara/Content/Functions/Localspace/TransformBase.uasset" 3876
"../../Plugins/FX/Niagara/Content/Functions/ChannelMasks/SelectV4Channel.uasset" 3877
"../../Plugins/FX/Niagara/Content/Enums/ENiagaraVector4_Channels.uasset" 3878
"../../Plugins/FX/Niagara/Content/Functions/Rotation/MatrixToQuaternion.uasset" 3879
"../../Plugins/FX/Niagara/Content/Functions/NormalizeDistanceRange.uasset" 3880
"../../Plugins/FX/Niagara/Content/Functions/RandomUnitVector.uasset" 3881
"/Game/Fab/Low_Poly_Chest_Animated/low_poly_chest_animated/Textures/low_poly_chest_animated_texture_0" 3882
"/InterchangeAssets/gltf/MaterialBodies/MF_Default_Body" 3883
"../../Plugins/Interchange/Assets/Content/gltf/MaterialFunctions/MF_BaseColor.uasset" 3884
"../../Plugins/Interchange/Assets/Content/gltf/MaterialFunctions/MF_IOR.uasset" 3885
"../../Plugins/Interchange/Assets/Content/gltf/MaterialFunctions/MF_Iridescence.uasset" 3886
"../../Plugins/Interchange/Assets/Content/gltf/MaterialFunctions/MF_MetallicRoughness.uasset" 3887
"../../Plugins/Interchange/Assets/Content/gltf/MaterialFunctions/MF_Normals.uasset" 3888
"../../Plugins/Interchange/Assets/Content/gltf/MaterialFunctions/MF_Occlusion.uasset" 3889
"../../Plugins/Interchange/Assets/Content/gltf/MaterialFunctions/MF_ScaleNormal.uasset" 3890
"../../Plugins/Interchange/Assets/Content/gltf/MaterialFunctions/MF_Specular.uasset" 3891
"../../Plugins/Interchange/Assets/Content/gltf/MaterialFunctions/MF_SpecularAnisotropy.uasset" 3892
"../../Plugins/Interchange/Assets/Content/gltf/MaterialFunctions/MF_TransformUVs.uasset" 3893
"../../Plugins/Interchange/Assets/Content/gltf/Textures/T_Anisotropy_Direction_Linear.uasset" 3894
"../../Plugins/Interchange/Assets/Content/gltf/Textures/T_Generic_N.uasset" 3895
"../../Plugins/Interchange/Assets/Content/gltf/Textures/T_White_Linear.uasset" 3896
"../../Plugins/Interchange/Assets/Content/gltf/Textures/T_White_srgb.uasset" 3897
"../../Plugins/Interchange/Assets/Content/Functions/MF_IridescenceNoLUT.uasset" 3898
"../../Plugins/Interchange/Assets/Content/gltf/MaterialFunctions/MF_RotateNormals_TS.uasset" 3899
"../../Plugins/Interchange/Assets/Content/gltf/MaterialFunctions/MF_RotateV2.uasset" 3900
"../../../Engine/Plugins/Interchange/Assets/Content/Functions/MF_Iridescence.uasset" 3901
"../../../Engine/Content/Functions/Engine_MaterialFunctions03/Math/RemapValueRange.uasset" 3902
"../../../Engine/Plugins/Interchange/Assets/Content/Utilities/New_LUT.uasset" 3903
"C:/VScodeFiles/GitHub/2026_team27/KC3GameHack/Content/Fab/Low_Poly_Chest_Animated/low_poly_chest_animated/Materials/Material_001.uasset" 3904
"C:/VScodeFiles/GitHub/2026_team27/KC3GameHack/Content/Fab/Low_Poly_Chest_Animated/low_poly_chest_animated/SkeletalMeshes/low_poly_chest_animated_PhysicsAsset.uasset" 3905
"C:/VScodeFiles/GitHub/2026_team27/KC3GameHack/Content/Variant_Combat/Blueprints/AI/EnvQuery_Flank.uasset" 3906
"C:/VScodeFiles/GitHub/2026_team27/KC3GameHack/Content/Variant_Combat/Blueprints/AI/EnvQuery_Fallback.uasset" 3907
"C:/VScodeFiles/GitHub/2026_team27/KC3GameHack/Content/Fab/Low_Poly_Chest_Animated/low_poly_chest_animated/SkeletalMeshes/low_poly_chest_animated.uasset" 3908
"C:/VScodeFiles/GitHub/2026_team27/KC3GameHack/Content/Variant_Combat/Blueprints/AI/BP_CombatAIController.uasset" 3909
"../../../Engine/Plugins/Interchange/Assets/Content/gltf/M_Default.uasset" 3910
"C:/VScodeFiles/GitHub/2026_team27/KC3GameHack/Content/CR/LQ/AMT_Materials/MI_001_8.uasset" 3911
"C:/VScodeFiles/GitHub/2026_team27/KC3GameHack/Content/CR/LQ/AMT_Materials/MI_001_9.uasset" 3912
"C:/VScodeFiles/GitHub/2026_team27/KC3GameHack/Content/CR/LQ/AMT_Materials/MI_001_7.uasset" 3913
"../../../Engine/Plugins/Interchange/Assets/Content/gltf/MaterialInstances/MI_Default_Opaque_DS.uasset" 3914
"C:/VScodeFiles/GitHub/2026_team27/KC3GameHack/Content/CR/LQ/CharacterModular/Modular_005_MilitaryA07/Mesh/SKM_MilitaryA07_1.uasset" 3915
"C:/VScodeFiles/GitHub/2026_team27/KC3GameHack/Content/Fab/Low_Poly_Chest_Animated/low_poly_chest_animated/SkeletalMeshes/low_poly_chest_animated_Skeleton.uasset" 3916
"C:/VScodeFiles/GitHub/2026_team27/KC3GameHack/Content/Stylized_Village/Assets/Foliage/Ivy/FT_Ivy_Flower_Open_01.uasset" 3917
"C:/VScodeFiles/GitHub/2026_team27/KC3GameHack/Content/Stylized_Village/Assets/Architecture/Doors/SM_Right_Door.uasset" 3918
"C:/VScodeFiles/GitHub/2026_team27/KC3GameHack/Content/Stylized_Village/Assets/Foliage/_FoliageTypes/FT_Dandelion_01.uasset" 3919
"/Game/Stylized_Village/Maps/Stylized_Village_Summer_BuiltData" 3920
"C:/VScodeFiles/GitHub/2026_team27/KC3GameHack/Content/Stylized_Village/Assets/Foliage/_FoliageTypes/FT_Dandelion_03.uasset" 3921
"C:/VScodeFiles/GitHub/2026_team27/KC3GameHack/Content/Stylized_Village/Assets/Foliage/_FoliageTypes/FT_SimpleGrass_Green.uasset" 3922
"C:/VScodeFiles/GitHub/2026_team27/KC3GameHack/Content/Stylized_Village/Assets/Foliage/_FoliageTypes/FT_Tree_Large_01.uasset" 3923
"C:/VScodeFiles/GitHub/2026_team27/KC3GameHack/Content/Stylized_Village/Assets/Architecture/Windows/SM_Glass_01.uasset" 3924
"C:/VScodeFiles/GitHub/2026_team27/KC3GameHack/Content/Stylized_Village/Assets/Architecture/Doors/SM_Left_Door.uasset" 3925
"C:/VScodeFiles/GitHub/2026_team27/KC3GameHack/Content/Variant_Combat/Blueprints/AI/ST_CombatEnemy.uasset" 3926
"C:/VScodeFiles/GitHub/2026_team27/KC3GameHack/Content/Stylized_Village/Assets/Foliage/_FoliageTypes/FT_Dandelion_02.uasset" 3927
"C:/VScodeFiles/GitHub/2026_team27/KC3GameHack/Content/Variant_Combat/Blueprints/BP_KeyBox.uasset" 3928
"/Game/sound/SE/enviro/door" 3929
"/Game/Variant_Combat/Blueprints/LS_KeyBox" 3930
"/InterchangeAssets/Utilities/New_LUT" 3931
"/InterchangeAssets/Functions/MF_Iridescence" 3932
"C:/VScodeFiles/GitHub/2026_team27/KC3GameHack/Content/Stylized_Village/Assets/Foliage/_FoliageTypes/FT_Tree_Large_Red.uasset" 3933
"C:/VScodeFiles/GitHub/2026_team27/KC3GameHack/Content/Stylized_Village/Assets/Foliage/_FoliageTypes/FT_Tree_Medium_01.uasset" 3934
"C:/VScodeFiles/GitHub/2026_team27/KC3GameHack/Content/Stylized_Village/Assets/Foliage/_FoliageTypes/FT_Tree_Small_01.uasset" 3935
"C:/VScodeFiles/GitHub/2026_team27/KC3GameHack/Content/Stylized_Village/Assets/Foliage/_FoliageTypes/FT_WeedyBush_01_Stems.uasset" 3936
"C:/VScodeFiles/GitHub/2026_team27/KC3GameHack/Content/Stylized_Village/Assets/Props/Furniture/SM_Crate_01.uasset" 3937
"C:/VScodeFiles/GitHub/2026_team27/KC3GameHack/Content/Stylized_Village/Assets/Foliage/_FoliageTypes/FT_WeedyBush_01_Big.uasset" 3938
"/Game/Variant_Combat/Blueprints/BP_HouseDoor" 3939
"../../../../../../VScodeFiles/GitHub/2026_team27/KC3GameHack/Content/Variant_Combat/Blueprints/BPI_PlayerInterface.uasset" 3940
"../../../../../../VScodeFiles/GitHub/2026_team27/KC3GameHack/Content/Variant_Combat/Blueprints/PlayerParam/S_ItemData.uasset" 3941
"../../../../../../VScodeFiles/GitHub/2026_team27/KC3GameHack/Content/Stylized_Village/Assets/Architecture/Doors/_Materials/MI_Door.uasset" 3942
"../../../../../../VScodeFiles/GitHub/2026_team27/KC3GameHack/Content/Stylized_Village/Assets/Architecture/Doors/_Textures/T_Doors_01_BC.uasset" 3943
"../../../../../../VScodeFiles/GitHub/2026_team27/KC3GameHack/Content/Stylized_Village/Assets/Architecture/Doors/_Textures/T_Doors_01_MRO.uasset" 3944
"../../../../../../VScodeFiles/GitHub/2026_team27/KC3GameHack/Content/Stylized_Village/Assets/Architecture/Doors/_Textures/T_Doors_01_N.uasset" 3945
"../../../../../../VScodeFiles/GitHub/2026_team27/KC3GameHack/Content/Stylized_Village/Assets/Architecture/Doors/_Textures/T_Doorseal_01_BC.uasset" 3946
"../../../../../../VScodeFiles/GitHub/2026_team27/KC3GameHack/Content/Stylized_Village/Assets/Architecture/Doors/_Textures/T_Doorseal_01_MRO.uasset" 3947
"../../../../../../VScodeFiles/GitHub/2026_team27/KC3GameHack/Content/Stylized_Village/Assets/Architecture/Doors/_Textures/T_Doorseal_01_N.uasset" 3948
"/Game/Variant_Combat/Blueprints/AI/EnvQuery_Fallback" 3949
"../../../../../../VScodeFiles/GitHub/2026_team27/KC3GameHack/Content/Stylized_Village/Assets/Architecture/Doors/SM_Left_Door.uasset" 3950
"../../../../../../VScodeFiles/GitHub/2026_team27/KC3GameHack/Content/Stylized_Village/Assets/Architecture/Doors/SM_Right_Door.uasset" 3951
"/Game/Variant_Combat/Blueprints/BP_KeyBox" 3952
"/Game/Variant_Combat/Blueprints/AI/EnvQuery_Flank" 3953
"/Game/Variant_Combat/Blueprints/AI/ST_CombatEnemy" 3954
"../../../../../../VScodeFiles/GitHub/2026_team27/KC3GameHack/Content/Variant_Combat/Anims/ABP_Manny_Combat.uasset" 3955
"../../../../../../VScodeFiles/GitHub/2026_team27/KC3GameHack/Content/Variant_Combat/Anims/AM_ChargedAttack.uasset" 3956
"../../../../../../VScodeFiles/GitHub/2026_team27/KC3GameHack/Content/Variant_Combat/Anims/AM_ComboAttack.uasset" 3957
"../../../../../../VScodeFiles/GitHub/2026_team27/KC3GameHack/Content/Variant_Combat/Anims/AM_Dying_2__UE_Montage.uasset" 3958
"../../../../../../VScodeFiles/GitHub/2026_team27/KC3GameHack/Content/Variant_Combat/Blueprints/BPC_DamageSystem.uasset" 3959
"../../../../../../VScodeFiles/GitHub/2026_team27/KC3GameHack/Content/Variant_Combat/Blueprints/GS_Conbat.uasset" 3960
"../../../../../../VScodeFiles/GitHub/2026_team27/KC3GameHack/Content/Variant_Combat/VFX/NS_Damage.uasset" 3961
"../../../../../../VScodeFiles/GitHub/2026_team27/KC3GameHack/Content/sound/SE/player/down.uasset" 3962
"../../../../../../VScodeFiles/GitHub/2026_team27/KC3GameHack/Content/Variant_Combat/UI/UI_LifeBar.uasset" 3963
"../../../../../../VScodeFiles/GitHub/2026_team27/KC3GameHack/Content/Characters/Mannequins/Anims/Unarmed/Jump/MM_Fall_Loop.uasset" 3964
"../../../../../../VScodeFiles/GitHub/2026_team27/KC3GameHack/Content/Characters/Mannequins/Anims/Unarmed/Jump/MM_Jump.uasset" 3965
"../../../../../../VScodeFiles/GitHub/2026_team27/KC3GameHack/Content/Characters/Mannequins/Anims/Unarmed/Jump/MM_Land.uasset" 3966
"../../../../../../VScodeFiles/GitHub/2026_team27/KC3GameHack/Content/Characters/Mannequins/Anims/Unarmed/MM_Idle.uasset" 3967
"../../../../../../VScodeFiles/GitHub/2026_team27/KC3GameHack/Content/Characters/Mannequins/Anims/Unarmed/BS_Idle_Walk_Run.uasset" 3968
"../../../../../../VScodeFiles/GitHub/2026_team27/KC3GameHack/Content/Characters/Mannequins/Rigs/CR_Mannequin_FootIK.uasset" 3969
"../../../../../../VScodeFiles/GitHub/2026_team27/KC3GameHack/Content/Characters/Mannequins/Meshes/SK_Mannequin.uasset" 3970
"../../../../../../VScodeFiles/GitHub/2026_team27/KC3GameHack/Content/Characters/Mannequins/Anims/Unarmed/Attack/MM_ChargedAttack.uasset" 3971
"../../../../../../VScodeFiles/GitHub/2026_team27/KC3GameHack/Content/Characters/Mannequins/Anims/Unarmed/Attack/MM_Attack_01.uasset" 3972
"../../../../../../VScodeFiles/GitHub/2026_team27/KC3GameHack/Content/Characters/Mannequins/Anims/Unarmed/Attack/MM_Attack_02.uasset" 3973
"../../../../../../VScodeFiles/GitHub/2026_team27/KC3GameHack/Content/Characters/Mannequins/Anims/Unarmed/Attack/MM_Attack_03.uasset" 3974
"../../../../../../VScodeFiles/GitHub/2026_team27/KC3GameHack/Content/Variant_Combat/Anims/AM_Dying_2__UE.uasset" 3975
"../../Plugins/FX/Niagara/Content/DefaultAssets/DefaultSpriteMaterial.uasset" 3976
"../../../../../../VScodeFiles/GitHub/2026_team27/KC3GameHack/Content/CR/LQ/AMT_Materials/MI_Metal_001_2.uasset" 3977
"../../../../../../VScodeFiles/GitHub/2026_team27/KC3GameHack/Content/CR/Demo/Meshes/SK_Mannequin.uasset" 3978
"../../../../../../VScodeFiles/GitHub/2026_team27/KC3GameHack/Content/CR/LQ/AMT_Physics/PA_FullBody.uasset" 3979
"../../../Engine/Content/Animation/DefaultAnimBoneCompressionSettings.uasset" 3980
"../../../Engine/Content/Animation/DefaultAnimCurveCompressionSettings.uasset" 3981
"../../../../../../VScodeFiles/GitHub/2026_team27/KC3GameHack/Content/Characters/Mannequins/Anims/Unarmed/Jog/MF_Unarmed_Jog_Bwd.uasset" 3982
"../../../../../../VScodeFiles/GitHub/2026_team27/KC3GameHack/Content/Characters/Mannequins/Anims/Unarmed/Jog/MF_Unarmed_Jog_Bwd_Left.uasset" 3983
"../../../../../../VScodeFiles/GitHub/2026_team27/KC3GameHack/Content/Characters/Mannequins/Anims/Unarmed/Jog/MF_Unarmed_Jog_Bwd_Right.uasset" 3984
"../../../../../../VScodeFiles/GitHub/2026_team27/KC3GameHack/Content/Characters/Mannequins/Anims/Unarmed/Jog/MF_Unarmed_Jog_Fwd.uasset" 3985
"../../../../../../VScodeFiles/GitHub/2026_team27/KC3GameHack/Content/Characters/Mannequins/Anims/Unarmed/Jog/MF_Unarmed_Jog_Fwd_Left.uasset" 3986
"../../../../../../VScodeFiles/GitHub/2026_team27/KC3GameHack/Content/Characters/Mannequins/Anims/Unarmed/Jog/MF_Unarmed_Jog_Fwd_Right.uasset" 3987
"../../../../../../VScodeFiles/GitHub/2026_team27/KC3GameHack/Content/Characters/Mannequins/Anims/Unarmed/Jog/MF_Unarmed_Jog_Left.uasset" 3988
"../../../../../../VScodeFiles/GitHub/2026_team27/KC3GameHack/Content/Characters/Mannequins/Anims/Unarmed/Jog/MF_Unarmed_Jog_Right.uasset" 3989
"../../../../../../VScodeFiles/GitHub/2026_team27/KC3GameHack/Content/Characters/Mannequins/Anims/Unarmed/Walk/MF_Unarmed_Walk_Bwd.uasset" 3990
"../../../../../../VScodeFiles/GitHub/2026_team27/KC3GameHack/Content/Characters/Mannequins/Anims/Unarmed/Walk/MF_Unarmed_Walk_Bwd_Left.uasset" 3991
"../../../../../../VScodeFiles/GitHub/2026_team27/KC3GameHack/Content/Characters/Mannequins/Anims/Unarmed/Walk/MF_Unarmed_Walk_Bwd_Right.uasset" 3992
"../../../../../../VScodeFiles/GitHub/2026_team27/KC3GameHack/Content/Characters/Mannequins/Anims/Unarmed/Walk/MF_Unarmed_Walk_Fwd.uasset" 3993
"../../../../../../VScodeFiles/GitHub/2026_team27/KC3GameHack/Content/Characters/Mannequins/Anims/Unarmed/Walk/MF_Unarmed_Walk_Fwd_Left.uasset" 3994
"../../../../../../VScodeFiles/GitHub/2026_team27/KC3GameHack/Content/Characters/Mannequins/Anims/Unarmed/Walk/MF_Unarmed_Walk_Fwd_Right.uasset" 3995
"../../../../../../VScodeFiles/GitHub/2026_team27/KC3GameHack/Content/Characters/Mannequins/Anims/Unarmed/Walk/MF_Unarmed_Walk_Left.uasset" 3996
"../../../../../../VScodeFiles/GitHub/2026_team27/KC3GameHack/Content/Characters/Mannequins/Anims/Unarmed/Walk/MF_Unarmed_Walk_Right.uasset" 3997
"../../../../../../VScodeFiles/GitHub/2026_team27/KC3GameHack/Content/CR/LQ/AMT_Materials/M_Master/M_Master.uasset" 3998
"../../../../../../VScodeFiles/GitHub/2026_team27/KC3GameHack/Content/CR/LQ/AMT_Materials/M_Master/M_MasterMetal.uasset" 3999
"../../../../../../VScodeFiles/GitHub/2026_team27/KC3GameHack/Content/CR/LQ/CharacterModular/Modular_005_MilitaryA07/Mesh/SKM_MilitaryA07_1.uasset" 4000
"/Game/Stylized_Village/Assets/Architecture/Windows/SM_Glass_01" 4001
"../../../../../../VScodeFiles/GitHub/2026_team27/KC3GameHack/Content/Stylized_Village/Assets/Architecture/Windows/_Materials/MI_Glass.uasset" 4002
"../../../../../../VScodeFiles/GitHub/2026_team27/KC3GameHack/Content/Stylized_Village/Assets/Architecture/Windows/_Materials/M_Glass.uasset" 4003
"../../../../../../VScodeFiles/GitHub/2026_team27/KC3GameHack/Content/Stylized_Village/Assets/Architecture/Windows/_Textures/T_Glass_Fantasy_Rough_MRO.uasset" 4004
"/Game/Stylized_Village/Assets/Foliage/Ivy/FT_Ivy_Flower_Open_01" 4005
"../../../../../../VScodeFiles/GitHub/2026_team27/KC3GameHack/Content/Stylized_Village/Assets/Foliage/Ivy/SM_Ivy_Flower_Open_01.uasset" 4006
"../../../../../../VScodeFiles/GitHub/2026_team27/KC3GameHack/Content/Stylized_Village/Assets/Architecture/Windows/SM_Glass_01.uasset" 4007
"../../../../../../VScodeFiles/GitHub/2026_team27/KC3GameHack/Content/Stylized_Village/Assets/Foliage/Ivy/_Materials/MI_IvyFlower.uasset" 4008
"../../../../../../VScodeFiles/GitHub/2026_team27/KC3GameHack/Content/Stylized_Village/Assets/Foliage/Ivy/_Textures/T_IvyFlowers_BC.uasset" 4009
"../../../../../../VScodeFiles/GitHub/2026_team27/KC3GameHack/Content/Stylized_Village/Assets/Foliage/Ivy/_Textures/T_IvyFlowers_MRO.uasset" 4010
"../../../../../../VScodeFiles/GitHub/2026_team27/KC3GameHack/Content/Stylized_Village/Assets/Foliage/Ivy/_Textures/T_IvyFlowers_N.uasset" 4011
"/Game/Stylized_Village/Assets/Foliage/_FoliageTypes/FT_Dandelion_01" 4012
"../../../../../../VScodeFiles/GitHub/2026_team27/KC3GameHack/Content/Stylized_Village/Assets/Foliage/Flowers/RosesAndDandelions/SM_Dandelion_01.uasset" 4013
"../../../../../../VScodeFiles/GitHub/2026_team27/KC3GameHack/Content/Stylized_Village/Assets/Foliage/Flowers/RosesAndDandelions/_Materials/MI_Dandelions.uasset" 4014
"/Game/Stylized_Village/Assets/Foliage/_FoliageTypes/FT_Dandelion_02" 4015
"../../../../../../VScodeFiles/GitHub/2026_team27/KC3GameHack/Content/Stylized_Village/Assets/Foliage/Flowers/RosesAndDandelions/SM_Dandelion_02.uasset" 4016
"/Game/Stylized_Village/Assets/Foliage/_FoliageTypes/FT_Dandelion_03" 4017
"../../../../../../VScodeFiles/GitHub/2026_team27/KC3GameHack/Content/Stylized_Village/Assets/Foliage/Flowers/RosesAndDandelions/SM_Dandelion_03.uasset" 4018
"/Game/Stylized_Village/Assets/Foliage/_FoliageTypes/FT_SimpleGrass_Green" 4019
"../../../../../../VScodeFiles/GitHub/2026_team27/KC3GameHack/Content/Stylized_Village/Assets/Foliage/Grass/SM_SimpleGrass_Green.uasset" 4020
"../../../../../../VScodeFiles/GitHub/2026_team27/KC3GameHack/Content/Stylized_Village/Assets/Foliage/Grass/_Materials/MI_SimpleGrass_Green.uasset" 4021
"../../../../../../VScodeFiles/GitHub/2026_team27/KC3GameHack/Content/Stylized_Village/Assets/Foliage/Grass/_Materials/M_StylizedFoliage_Grass.uasset" 4022
"/Game/Stylized_Village/Assets/Foliage/_FoliageTypes/FT_Tree_Large_01" 4023
"../../../../../../VScodeFiles/GitHub/2026_team27/KC3GameHack/Content/Stylized_Village/Assets/Foliage/Trees/Tree_Large_Green.uasset" 4024
"../../../../../../VScodeFiles/GitHub/2026_team27/KC3GameHack/Content/Stylized_Village/Assets/Foliage/Trees/_Materials/MI_Bark.uasset" 4025
"../../../../../../VScodeFiles/GitHub/2026_team27/KC3GameHack/Content/Stylized_Village/Assets/Foliage/Trees/_Materials/MI_TreeLeaves.uasset" 4026
"../../../../../../VScodeFiles/GitHub/2026_team27/KC3GameHack/Content/Stylized_Village/Assets/Foliage/Trees/ImposterLODs/Tree_Large_Green/MI_Impostor_Tree_Large_Green.uasset" 4027
"../../../../../../VScodeFiles/GitHub/2026_team27/KC3GameHack/Content/Stylized_Village/Assets/Foliage/Trees/_Materials/M_Trunk.uasset" 4028
"../../../../../../VScodeFiles/GitHub/2026_team27/KC3GameHack/Content/Stylized_Village/Assets/Foliage/Trees/_Textures/T_Bark_01_BC.uasset" 4029
"../../../../../../VScodeFiles/GitHub/2026_team27/KC3GameHack/Content/Stylized_Village/Assets/Foliage/Trees/_Textures/T_Bark_01_MRO.uasset" 4030
"../../../../../../VScodeFiles/GitHub/2026_team27/KC3GameHack/Content/Stylized_Village/Assets/Foliage/Trees/_Textures/T_Bark_01_N.uasset" 4031
"../../../../../../VScodeFiles/GitHub/2026_team27/KC3GameHack/Content/Stylized_Village/Assets/Foliage/Trees/_Textures/T_Ghibliree_01_Largerunk_BC.uasset" 4032
"../../../../../../VScodeFiles/GitHub/2026_team27/KC3GameHack/Content/Stylized_Village/Assets/Foliage/Trees/_Textures/T_Ghibliree_01_Largerunk_MRO.uasset" 4033
"../../../../../../VScodeFiles/GitHub/2026_team27/KC3GameHack/Content/Stylized_Village/Assets/Foliage/Trees/_Textures/T_Ghibliree_01_Largerunk_N.uasset" 4034
"../../../../../../VScodeFiles/GitHub/2026_team27/KC3GameHack/Content/Stylized_Village/Assets/_Global/Materials/_UtilityTextures/T_FlatNormal_Utility.uasset" 4035
"../../../../../../VScodeFiles/GitHub/2026_team27/KC3GameHack/Content/Stylized_Village/Assets/Foliage/Trees/_Textures/T_Leaves_BC.uasset" 4036
"../../../../../../VScodeFiles/GitHub/2026_team27/KC3GameHack/Content/Stylized_Village/Assets/Foliage/Trees/ImposterLODs/Material/M_Impostor_SimpleOffset.uasset" 4037
"../../../../../../VScodeFiles/GitHub/2026_team27/KC3GameHack/Content/Stylized_Village/Assets/Foliage/Trees/ImposterLODs/Tree_Large_Green/T_Impostor_BaseColor_Tree_Large_Green.uasset" 4038
"../../../../../../VScodeFiles/GitHub/2026_team27/KC3GameHack/Content/Stylized_Village/Assets/Foliage/Trees/ImposterLODs/Tree_Large_Green/T_Impostor_Normal_Tree_Large_Green.uasset" 4039
"../../../Engine/Content/Functions/Engine_MaterialFunctions01/Texturing/FlattenNormal.uasset" 4040
"../../../Engine/Content/Functions/Engine_MaterialFunctions02/Texturing/HeightLerp.uasset" 4041
"../../../Engine/Content/Functions/Engine_MaterialFunctions02/Utility/BlendAngleCorrectedNormals.uasset" 4042
"../../../../../../VScodeFiles/GitHub/2026_team27/KC3GameHack/Content/Stylized_Village/Assets/Terrain/Material_Landscape/MF_LayerA.uasset" 4043
"../../../../../../VScodeFiles/GitHub/2026_team27/KC3GameHack/Content/Stylized_Village/Assets/Terrain/Material_Landscape/MF_LayerB.uasset" 4044
"../../../../../../VScodeFiles/GitHub/2026_team27/KC3GameHack/Content/Stylized_Village/Assets/_Global/Materials/_UtilityTextures/T_Concrete_Tiles_N.uasset" 4045
"../../../../../../VScodeFiles/GitHub/2026_team27/KC3GameHack/Content/Stylized_Village/Assets/_Global/Materials/_UtilityTextures/T_Utility_BaseColorA.uasset" 4046
"../../../../../../VScodeFiles/GitHub/2026_team27/KC3GameHack/Content/Stylized_Village/Assets/_Global/Materials/_UtilityTextures/T_Utility_BaseColorB.uasset" 4047
"../../../../../../VScodeFiles/GitHub/2026_team27/KC3GameHack/Content/Stylized_Village/Assets/_Global/Materials/_UtilityTextures/T_Utility_HeighMROH.uasset" 4048
"../../../Engine/Content/Functions/Engine_MaterialFunctions01/Texturing/ComputeMipLevel.uasset" 4049
"../../../Engine/Content/Functions/Engine_MaterialFunctions01/Vectors/OctahedronToUnitVector.uasset" 4050
"../../../Engine/Content/Functions/Engine_MaterialFunctions01/Vectors/UnitVectorToOctahedron.uasset" 4051
"../../../Engine/Content/Functions/Engine_MaterialFunctions02/Math/CreateThirdOrthogonalVector.uasset" 4052
"../../../Engine/Content/Functions/Engine_MaterialFunctions02/Utility/DebugFloat2Values.uasset" 4053
"../../../Engine/Content/Functions/Engine_MaterialFunctions02/Utility/DebugScalarValues.uasset" 4054
"../../../../../../VScodeFiles/GitHub/2026_team27/KC3GameHack/Content/Stylized_Village/Assets/Foliage/Trees/ImposterLODs/MaterialFunction/FrameBlendWeights.uasset" 4055
"../../../../../../VScodeFiles/GitHub/2026_team27/KC3GameHack/Content/Stylized_Village/Assets/Foliage/Trees/ImposterLODs/MaterialFunction/FrameBlendWeights_TextureObject.uasset" 4056
"../../../../../../VScodeFiles/GitHub/2026_team27/KC3GameHack/Content/Stylized_Village/Assets/Foliage/Trees/ImposterLODs/MaterialFunction/HemiOctahedronToUnitVector.uasset" 4057
"../../../../../../VScodeFiles/GitHub/2026_team27/KC3GameHack/Content/Stylized_Village/Assets/Foliage/Trees/ImposterLODs/MaterialFunction/ImposterFrameTransform.uasset" 4058
"../../../../../../VScodeFiles/GitHub/2026_team27/KC3GameHack/Content/Stylized_Village/Assets/Foliage/Trees/ImposterLODs/MaterialFunction/ImposterFrameTransform_Setup.uasset" 4059
"../../../../../../VScodeFiles/GitHub/2026_team27/KC3GameHack/Content/Stylized_Village/Assets/Foliage/Trees/ImposterLODs/MaterialFunction/ImposterSpriteProjection.uasset" 4060
"../../../../../../VScodeFiles/GitHub/2026_team27/KC3GameHack/Content/Stylized_Village/Assets/Foliage/Trees/ImposterLODs/MaterialFunction/Impostor_ThreeFrameBlend.uasset" 4061
"../../../../../../VScodeFiles/GitHub/2026_team27/KC3GameHack/Content/Stylized_Village/Assets/Foliage/Trees/ImposterLODs/MaterialFunction/ImpostorGridToVector.uasset" 4062
"../../../../../../VScodeFiles/GitHub/2026_team27/KC3GameHack/Content/Stylized_Village/Assets/Foliage/Trees/ImposterLODs/MaterialFunction/ImpostorInfo.uasset" 4063
"../../../../../../VScodeFiles/GitHub/2026_team27/KC3GameHack/Content/Stylized_Village/Assets/Foliage/Trees/ImposterLODs/MaterialFunction/TriangleInterpolator.uasset" 4064
"../../../../../../VScodeFiles/GitHub/2026_team27/KC3GameHack/Content/Stylized_Village/Assets/Foliage/Trees/ImposterLODs/MaterialFunction/TriangulatedWireframe.uasset" 4065
"../../../../../../VScodeFiles/GitHub/2026_team27/KC3GameHack/Content/Stylized_Village/Assets/Foliage/Trees/ImposterLODs/MaterialFunction/UnitVectorToHemiOctahedra.uasset" 4066
"../../../../../../VScodeFiles/GitHub/2026_team27/KC3GameHack/Content/Stylized_Village/Assets/Foliage/Trees/ImposterLODs/MaterialFunction/VirtualPlaneCoordinates_Imposter.uasset" 4067
"../../../Engine/Content/EngineVolumetrics/Fogsheet/Materials/T_EV_BlankWhite_01.uasset" 4068
"../../../Engine/Content/Functions/Engine_MaterialFunctions02/ExampleContent/Textures/DebugNumberPeriod.uasset" 4069
"C:/VScodeFiles/GitHub/2026_team27/KC3GameHack/Content/Stylized_Village/Assets/Props/Furniture/SM_Ladder_01.uasset" 4070
"C:/VScodeFiles/GitHub/2026_team27/KC3GameHack/Content/Stylized_Village/Assets/Props/Furniture/_Textures/T_ShelvesAndLadders_01_MRO.uasset" 4071
"C:/VScodeFiles/GitHub/2026_team27/KC3GameHack/Content/Stylized_Village/Assets/Props/Furniture/SM_Shelf_01.uasset" 4072
"C:/VScodeFiles/GitHub/2026_team27/KC3GameHack/Content/Stylized_Village/Assets/Props/Furniture/_Textures/T_ShelvesAndLadders_01_N.uasset" 4073
"C:/VScodeFiles/GitHub/2026_team27/KC3GameHack/Content/Stylized_Village/Assets/Props/Furniture/_Textures/T_ShelvesAndLadders_01_BC.uasset" 4074
"C:/VScodeFiles/GitHub/2026_team27/KC3GameHack/Content/Stylized_Village/Assets/Props/Furniture/SM_Shelf_02.uasset" 4075
"C:/VScodeFiles/GitHub/2026_team27/KC3GameHack/Content/Stylized_Village/Assets/Props/Furniture/_Materials/MI_Furniture_Ladder.uasset" 4076
"C:/VScodeFiles/GitHub/2026_team27/KC3GameHack/Content/Stylized_Village/Assets/Props/Furniture/_Textures/T_CrateAndBarrel_01_BC.uasset" 4077
"C:/VScodeFiles/GitHub/2026_team27/KC3GameHack/Content/Stylized_Village/Assets/Props/Furniture/_Materials/MIM_Furniture.uasset" 4078
"C:/VScodeFiles/GitHub/2026_team27/KC3GameHack/Content/Stylized_Village/Assets/Props/Furniture/_Textures/T_CrateAndBarrel_01_MRO.uasset" 4079
"C:/VScodeFiles/GitHub/2026_team27/KC3GameHack/Content/Stylized_Village/Assets/Props/Furniture/_Textures/T_CrateAndBarrel_01_N.uasset" 4080
"C:/VScodeFiles/GitHub/2026_team27/KC3GameHack/Content/Stylized_Village/Assets/Props/Furniture/_Materials/MI_Furniture_Crate.uasset" 4081
"C:/VScodeFiles/GitHub/2026_team27/KC3GameHack/Content/Stylized_Village/Assets/Props/Furniture/SM_SM_Barrel_01.uasset" 4082
"C:/VScodeFiles/GitHub/2026_team27/KC3GameHack/Content/Stylized_Village/Assets/Props/Lanterns/SM_Chain_Link.uasset" 4083
"C:/VScodeFiles/GitHub/2026_team27/KC3GameHack/Content/Stylized_Village/Assets/Props/Lanterns/SM_Lantern_Holder.uasset" 4084
"C:/VScodeFiles/GitHub/2026_team27/KC3GameHack/Content/Stylized_Village/Assets/Props/Lanterns/SM_Lantern_Sconce.uasset" 4085
"/Game/Stylized_Village/Assets/Foliage/_FoliageTypes/FT_WeedyBush_01_Stems" 4086
"C:/VScodeFiles/GitHub/2026_team27/KC3GameHack/Content/Stylized_Village/Assets/VFX/Smoke/Material/M_Smoke.uasset" 4087
"C:/VScodeFiles/GitHub/2026_team27/KC3GameHack/Content/Stylized_Village/Assets/Sky/Texture/T_SkydomeDetail_01_BC.uasset" 4088
"C:/VScodeFiles/GitHub/2026_team27/KC3GameHack/Content/Stylized_Village/Assets/Sky/Mesh/SM_SM_SkyDomeDetail.uasset" 4089
"C:/VScodeFiles/GitHub/2026_team27/KC3GameHack/Content/Stylized_Village/Assets/VFX/WaterFall/Materials/MI_Waterfall_01.uasset" 4090
"C:/VScodeFiles/GitHub/2026_team27/KC3GameHack/Content/Stylized_Village/Assets/Sky/Material/MI_SkyboxDetail.uasset" 4091
"C:/VScodeFiles/GitHub/2026_team27/KC3GameHack/Content/Stylized_Village/Assets/VFX/WaterFall/SM_SM_Waterfall.uasset" 4092
"C:/VScodeFiles/GitHub/2026_team27/KC3GameHack/Content/Stylized_Village/Assets/VFX/Smoke/Texture/T_ChimneySmoke_MT.uasset" 4093
"C:/VScodeFiles/GitHub/2026_team27/KC3GameHack/Content/Stylized_Village/Assets/VFX/Smoke/SM_Smoke.uasset" 4094
"C:/VScodeFiles/GitHub/2026_team27/KC3GameHack/Content/sound/BGM/NarakuJunkou.uasset" 4095
"C:/VScodeFiles/GitHub/2026_team27/KC3GameHack/Content/sound/SE/enviro/fall.uasset" 4096
"../../../../../../VScodeFiles/GitHub/2026_team27/KC3GameHack/Content/Stylized_Village/Assets/Foliage/Weeds/SM_WeedyBush_01_Stems.uasset" 4097
"../../../../../../VScodeFiles/GitHub/2026_team27/KC3GameHack/Content/Stylized_Village/Assets/Foliage/Weeds/_Materials/MI_WeedyBushes.uasset" 4098
"../../../../../../VScodeFiles/GitHub/2026_team27/KC3GameHack/Content/Stylized_Village/Assets/Foliage/Weeds/_Textures/T_WeedyBushes_01_BC.uasset" 4099
"/Game/Stylized_Village/Assets/Foliage/_FoliageTypes/FT_WeedyBush_01_Big" 4100
"../../../../../../VScodeFiles/GitHub/2026_team27/KC3GameHack/Content/Stylized_Village/Assets/Foliage/Weeds/SM_WeedyBush_01_Big.uasset" 4101
"/Game/Stylized_Village/Assets/Foliage/_FoliageTypes/FT_Tree_Small_01" 4102
"../../../../../../VScodeFiles/GitHub/2026_team27/KC3GameHack/Content/Stylized_Village/Assets/Foliage/Trees/Tree_Small_Green.uasset" 4103
"../../../../../../VScodeFiles/GitHub/2026_team27/KC3GameHack/Content/Stylized_Village/Assets/Foliage/Trees/_Materials/MI_Bark_Tiling_Small.uasset" 4104
"../../../../../../VScodeFiles/GitHub/2026_team27/KC3GameHack/Content/Stylized_Village/Assets/Foliage/Trees/ImposterLODs/Tree_Small_Green/MI_Impostor_Tree_Small_Green.uasset" 4105
"../../../../../../VScodeFiles/GitHub/2026_team27/KC3GameHack/Content/Stylized_Village/Assets/Foliage/Trees/ImposterLODs/Tree_Small_Green/T_Impostor_BaseColor_Tree_Small_Green.uasset" 4106
"../../../../../../VScodeFiles/GitHub/2026_team27/KC3GameHack/Content/Stylized_Village/Assets/Foliage/Trees/ImposterLODs/Tree_Small_Green/T_Impostor_Normal_Tree_Small_Green.uasset" 4107
"/Game/Stylized_Village/Assets/Foliage/_FoliageTypes/FT_Tree_Medium_01" 4108
"../../../../../../VScodeFiles/GitHub/2026_team27/KC3GameHack/Content/Stylized_Village/Assets/Foliage/Trees/Tree_Medium_Green.uasset" 4109
"../../../../../../VScodeFiles/GitHub/2026_team27/KC3GameHack/Content/Stylized_Village/Assets/Foliage/Trees/_Materials/MI_Bark_Tiling.uasset" 4110
"../../../../../../VScodeFiles/GitHub/2026_team27/KC3GameHack/Content/Stylized_Village/Assets/Foliage/Trees/ImposterLODs/Tree_Medium_Green/MI_Impostor_Tree_Medium_Green.uasset" 4111
"../../../../../../VScodeFiles/GitHub/2026_team27/KC3GameHack/Content/Stylized_Village/Assets/Foliage/Trees/ImposterLODs/Tree_Medium_Green/T_Impostor_BaseColor_Tree_Medium_Green.uasset" 4112
"../../../../../../VScodeFiles/GitHub/2026_team27/KC3GameHack/Content/Stylized_Village/Assets/Foliage/Trees/ImposterLODs/Tree_Medium_Green/T_Impostor_Normal_Tree_Medium_Green.uasset" 4113
"/Game/Stylized_Village/Assets/Foliage/_FoliageTypes/FT_Tree_Large_Red" 4114
"../../../../../../VScodeFiles/GitHub/2026_team27/KC3GameHack/Content/Stylized_Village/Assets/Foliage/Trees/Tree_Large_Red.uasset" 4115
"../../../../../../VScodeFiles/GitHub/2026_team27/KC3GameHack/Content/Stylized_Village/Assets/Foliage/Trees/_Materials/MI_TreeLeaves_Red_2.uasset" 4116
"../../../../../../VScodeFiles/GitHub/2026_team27/KC3GameHack/Content/Stylized_Village/Assets/Foliage/Trees/ImposterLODs/Tree_Large_Red/MI_Impostor_Tree_Large_Red.uasset" 4117
"../../../../../../VScodeFiles/GitHub/2026_team27/KC3GameHack/Content/Stylized_Village/Assets/Foliage/Trees/ImposterLODs/Tree_Large_Red/T_Impostor_BaseColor_Tree_Large_Red.uasset" 4118
"../../../../../../VScodeFiles/GitHub/2026_team27/KC3GameHack/Content/Stylized_Village/Assets/Foliage/Trees/ImposterLODs/Tree_Large_Red/T_Impostor_Normal_Tree_Large_Red.uasset" 4119
"/Game/Stylized_Village/Assets/Props/Furniture/_Textures/T_ShelvesAndLadders_01_N" 4120
"/Game/Stylized_Village/Assets/Props/Furniture/_Textures/T_ShelvesAndLadders_01_MRO" 4121
"/Game/Stylized_Village/Assets/Props/Furniture/_Textures/T_ShelvesAndLadders_01_BC" 4122
"C:/VScodeFiles/GitHub/2026_team27/KC3GameHack/Content/Stylized_Village/Assets/Architecture/Brick/Trims/SM_Brick_Trim_Scattered_Half.uasset" 4123
"C:/VScodeFiles/GitHub/2026_team27/KC3GameHack/Content/sound/testmaterial/blue.uasset" 4124
"C:/VScodeFiles/GitHub/2026_team27/KC3GameHack/Content/Stylized_Village/Assets/BP_Assets/BP_Roof.uasset" 4125
"C:/VScodeFiles/GitHub/2026_team27/KC3GameHack/Content/Stylized_Village/Assets/Proxy/T_PROXY_WindMill_Diffuse.uasset" 4126
"C:/VScodeFiles/GitHub/2026_team27/KC3GameHack/Content/sound/SE/enviro/rake.uasset" 4127
"C:/VScodeFiles/GitHub/2026_team27/KC3GameHack/Content/Stylized_Village/Assets/Proxy/T_PROXY_WindMill_Normal.uasset" 4128
"C:/VScodeFiles/GitHub/2026_team27/KC3GameHack/Content/Stylized_Village/Assets/Proxy/T_PROXY_WindMill_Roughness.uasset" 4129
"../../../Engine/Content/EngineMaterials/BaseFlattenMaterial.uasset" 4130
"/Game/Stylized_Village/Assets/VFX/Smoke/SM_Smoke" 4131
"/Game/Stylized_Village/Assets/Sky/Mesh/SM_SM_SkyDomeDetail" 4132
"../../../../../../VScodeFiles/GitHub/2026_team27/KC3GameHack/Content/Stylized_Village/Assets/Sky/Material/MM_Clouds.uasset" 4133
"../../../../../../VScodeFiles/GitHub/2026_team27/KC3GameHack/Content/Stylized_Village/Assets/Sky/Texture/T_Clouds_BC.uasset" 4134
"/Game/sound/SE/enviro/fall" 4135
"/Game/sound/BGM/NarakuJunkou" 4136
"/Game/Stylized_Village/Assets/VFX/WaterFall/SM_SM_Waterfall" 4137
"/Game/Stylized_Village/Assets/Props/Furniture/SM_Crate_01" 4138
"/Game/Stylized_Village/Assets/Architecture/Brick/Trims/SM_Brick_Trim_Scattered_Half" 4139
"../../../../../../VScodeFiles/GitHub/2026_team27/KC3GameHack/Content/Stylized_Village/Assets/Architecture/Brick/Materials/MI_Brick_Loose.uasset" 4140
"../../../../../../VScodeFiles/GitHub/2026_team27/KC3GameHack/Content/Stylized_Village/Assets/Architecture/Brick/Materials/MIM_Brick1.uasset" 4141
"../../../../../../VScodeFiles/GitHub/2026_team27/KC3GameHack/Content/Stylized_Village/Assets/Architecture/Brick/_Textures/T_Brickrim_Loose_BC.uasset" 4142
"../../../../../../VScodeFiles/GitHub/2026_team27/KC3GameHack/Content/Stylized_Village/Assets/Architecture/Brick/_Textures/T_Brickrim_Loose_MROH.uasset" 4143
"../../../../../../VScodeFiles/GitHub/2026_team27/KC3GameHack/Content/Stylized_Village/Assets/Architecture/Brick/_Textures/T_Brickrim_Loose_N.uasset" 4144
"/Game/Stylized_Village/Assets/Props/Lanterns/SM_Lantern_Sconce" 4145
"../../../../../../VScodeFiles/GitHub/2026_team27/KC3GameHack/Content/Stylized_Village/Assets/Props/Lanterns/Materials/MI_Lanterns_On.uasset" 4146
"../../../../../../VScodeFiles/GitHub/2026_team27/KC3GameHack/Content/Stylized_Village/Assets/Props/Lanterns/Textures/T_Lanterns_D.uasset" 4147
"../../../../../../VScodeFiles/GitHub/2026_team27/KC3GameHack/Content/Stylized_Village/Assets/Props/Lanterns/Textures/T_Lanterns_E.uasset" 4148
"../../../../../../VScodeFiles/GitHub/2026_team27/KC3GameHack/Content/Stylized_Village/Assets/Props/Lanterns/Textures/T_Lanterns_MRO.uasset" 4149
"../../../../../../VScodeFiles/GitHub/2026_team27/KC3GameHack/Content/Stylized_Village/Assets/Props/Lanterns/Textures/T_Lanterns_N.uasset" 4150
"../../../../../../VScodeFiles/GitHub/2026_team27/KC3GameHack/Content/Stylized_Village/Assets/VFX/Smoke/SM_Smoke.uasset" 4151
"/Game/Stylized_Village/Assets/Props/Lanterns/SM_Lantern_Holder" 4152
"/Game/Stylized_Village/Assets/Props/Lanterns/SM_Chain_Link" 4153
"/Game/Stylized_Village/Assets/Props/Furniture/SM_SM_Barrel_01" 4154
"/Game/Stylized_Village/Assets/Props/Furniture/SM_Shelf_02" 4155
"../../../../../../VScodeFiles/GitHub/2026_team27/KC3GameHack/Content/Stylized_Village/Assets/Sky/Mesh/SM_SM_SkyDomeDetail.uasset" 4156
"/Game/sound/testmaterial/blue" 4157
"/Game/Stylized_Village/Assets/Props/Furniture/SM_Shelf_01" 4158
"/Game/Stylized_Village/Assets/Props/Furniture/SM_Ladder_01" 4159
"C:/VScodeFiles/GitHub/2026_team27/KC3GameHack/Content/Stylized_Village/Assets/Proxy/M_PROXY_WindMill.uasset" 4160
"C:/VScodeFiles/GitHub/2026_team27/KC3GameHack/Content/Stylized_Village/Assets/Proxy/SM_PROXY_WindMill.uasset" 4161
"C:/VScodeFiles/GitHub/2026_team27/KC3GameHack/Content/Stylized_Village/Assets/Stones/Boulder/_Textures/T_Boulder_Med_BC.uasset" 4162
"C:/VScodeFiles/GitHub/2026_team27/KC3GameHack/Content/Stylized_Village/Assets/Stones/Boulder/_Textures/T_Boulder_Med_MROH.uasset" 4163
"C:/VScodeFiles/GitHub/2026_team27/KC3GameHack/Content/Stylized_Village/Assets/Stones/Boulder/_Materials/MI_Boulder_Med.uasset" 4164
"C:/VScodeFiles/GitHub/2026_team27/KC3GameHack/Content/Stylized_Village/Assets/Stones/Boulder/SM_Boulder_Medium_01.uasset" 4165
"C:/VScodeFiles/GitHub/2026_team27/KC3GameHack/Content/Stylized_Village/Assets/Stones/Boulder/_Textures/T_Boulder_Med_N.uasset" 4166
"C:/VScodeFiles/GitHub/2026_team27/KC3GameHack/Content/Stylized_Village/Assets/Stones/Boulder/_Textures/T_Boulder_Large_MRO.uasset" 4167
"C:/VScodeFiles/GitHub/2026_team27/KC3GameHack/Content/Stylized_Village/Assets/Stones/Boulder/_Textures/T_Boulder_Large_N.uasset" 4168
"C:/VScodeFiles/GitHub/2026_team27/KC3GameHack/Content/Stylized_Village/Assets/Stones/Boulder/_Textures/T_Boulder_Large_BC.uasset" 4169
"C:/VScodeFiles/GitHub/2026_team27/KC3GameHack/Content/Stylized_Village/Assets/Stones/Boulder/_Materials/MIM_Stone.uasset" 4170
"C:/VScodeFiles/GitHub/2026_team27/KC3GameHack/Content/Stylized_Village/Assets/Stones/Boulder/_Materials/MI_Boulder_Large.uasset" 4171
"/Engine/EngineMaterials/BaseFlattenMaterial" 4172
"C:/VScodeFiles/GitHub/2026_team27/KC3GameHack/Content/Stylized_Village/Assets/Stones/Boulder/SM_Boulder_Large_01.uasset" 4173
"C:/VScodeFiles/GitHub/2026_team27/KC3GameHack/Content/Stylized_Village/Assets/Sky/Mesh/SM_SM_Cloud_Big_02.uasset" 4174
"C:/VScodeFiles/GitHub/2026_team27/KC3GameHack/Content/Stylized_Village/Assets/Sky/Mesh/SM_SM_Cloud_Big_01.uasset" 4175
"C:/VScodeFiles/GitHub/2026_team27/KC3GameHack/Content/Stylized_Village/Assets/Props/Pots/SM_ClayPot_WideLarge_2.uasset" 4176
"C:/VScodeFiles/GitHub/2026_team27/KC3GameHack/Content/Stylized_Village/Assets/Sky/Mesh/SM_SM_Cloud_Medium_01.uasset" 4177
"C:/VScodeFiles/GitHub/2026_team27/KC3GameHack/Content/Stylized_Village/Assets/Props/Pots/SM_ClayPot_RidgeSmall.uasset" 4178
"C:/VScodeFiles/GitHub/2026_team27/KC3GameHack/Content/Stylized_Village/Assets/Props/Pots/SM_ClayPot_Tall.uasset" 4179
"C:/VScodeFiles/GitHub/2026_team27/KC3GameHack/Content/Stylized_Village/Assets/Props/Pots/SM_ClayPot_RidgeLarge_2.uasset" 4180
"C:/VScodeFiles/GitHub/2026_team27/KC3GameHack/Content/Stylized_Village/Assets/Props/Pots/SM_ClayPot_RidgeLarge.uasset" 4181
"C:/VScodeFiles/GitHub/2026_team27/KC3GameHack/Content/Stylized_Village/Assets/Props/Pots/SM_ClayPot_Lipped_2.uasset" 4182
"C:/VScodeFiles/GitHub/2026_team27/KC3GameHack/Content/Stylized_Village/Assets/Props/Pots/_Materials/MI_Pots_01.uasset" 4183
"C:/VScodeFiles/GitHub/2026_team27/KC3GameHack/Content/Stylized_Village/Assets/Props/Pots/SM_ClayPot_Lipped.uasset" 4184
"C:/VScodeFiles/GitHub/2026_team27/KC3GameHack/Content/Stylized_Village/Assets/Props/Pots/_Textures/T_ClayPots_MRO.uasset" 4185
"C:/VScodeFiles/GitHub/2026_team27/KC3GameHack/Content/Stylized_Village/Assets/Props/Pots/_Textures/T_ClayPots_BC.uasset" 4186
"/Game/Stylized_Village/Assets/Proxy/T_PROXY_WindMill_Roughness" 4187
"/Game/Stylized_Village/Assets/Proxy/T_PROXY_WindMill_Normal" 4188
"/Game/Stylized_Village/Assets/Proxy/T_PROXY_WindMill_Diffuse" 4189
"/Game/Stylized_Village/Assets/BP_Assets/BP_Roof" 4190
"../../../../../../VScodeFiles/GitHub/2026_team27/KC3GameHack/Content/Stylized_Village/Assets/Architecture/Plaster/SM_Plaster_Chimney_Tapered.uasset" 4191
"../../../../../../VScodeFiles/GitHub/2026_team27/KC3GameHack/Content/Stylized_Village/Assets/Architecture/RoofTiles/Round/SM_RoofTiles_Round_FullXHalf.uasset" 4192
"../../../../../../VScodeFiles/GitHub/2026_team27/KC3GameHack/Content/Stylized_Village/Assets/Architecture/RoofTiles/Round/SM_RoofTiles_Round_FullXHalf_Sparse.uasset" 4193
"../../../../../../VScodeFiles/GitHub/2026_team27/KC3GameHack/Content/Stylized_Village/Assets/Architecture/RoofTiles/Round/SM_RoofTiles_Round_HalfXHalf.uasset" 4194
"../../../../../../VScodeFiles/GitHub/2026_team27/KC3GameHack/Content/Stylized_Village/Assets/Architecture/Wood/Curved/SM_Beam_Medium_3_45.uasset" 4195
"../../../../../../VScodeFiles/GitHub/2026_team27/KC3GameHack/Content/Stylized_Village/Assets/Architecture/Wood/Floors/SM_Wood_Floor_FullxFull_LP.uasset" 4196
"../../../../../../VScodeFiles/GitHub/2026_team27/KC3GameHack/Content/Stylized_Village/Assets/Architecture/Wood/Pieces/SM_Beam_Long_1.uasset" 4197
"../../../../../../VScodeFiles/GitHub/2026_team27/KC3GameHack/Content/Stylized_Village/Assets/Architecture/Wood/Pieces/SM_Plank_Medium_2.uasset" 4198
"../../../../../../VScodeFiles/GitHub/2026_team27/KC3GameHack/Content/Stylized_Village/Assets/Architecture/Wood/Roof/SM_Wood_Wall_RoofFront_Small_LP.uasset" 4199
"../../../../../../VScodeFiles/GitHub/2026_team27/KC3GameHack/Content/Stylized_Village/Assets/Architecture/Plaster/_Materials/MI_Plaster_Architecture.uasset" 4200
"../../../../../../VScodeFiles/GitHub/2026_team27/KC3GameHack/Content/Stylized_Village/Assets/Architecture/RoofTiles/Round/_Materials/MI_RoofTiles_Round_Full.uasset" 4201
"../../../../../../VScodeFiles/GitHub/2026_team27/KC3GameHack/Content/Stylized_Village/Assets/Architecture/RoofTiles/Round/_Materials/MI_RoofTiles_Round_Sparse.uasset" 4202
"../../../../../../VScodeFiles/GitHub/2026_team27/KC3GameHack/Content/Stylized_Village/Assets/Architecture/RoofTiles/Round/_Materials/MI_RoofTiles_Round_Half.uasset" 4203
"../../../../../../VScodeFiles/GitHub/2026_team27/KC3GameHack/Content/Stylized_Village/Assets/Architecture/Wood/_Materials/MI_Wood_PiecesBeams_Small.uasset" 4204
"../../../../../../VScodeFiles/GitHub/2026_team27/KC3GameHack/Content/Stylized_Village/Assets/Architecture/Wood/_Materials/MI_Wood_PiecesBeams_Large.uasset" 4205
"../../../../../../VScodeFiles/GitHub/2026_team27/KC3GameHack/Content/Stylized_Village/Assets/Architecture/Wood/_Materials/MI_Wood_PiecesPlanks.uasset" 4206
"../../../../../../VScodeFiles/GitHub/2026_team27/KC3GameHack/Content/Stylized_Village/Assets/Architecture/Wood/_Materials/MI_Wood_Arches.uasset" 4207
"../../../../../../VScodeFiles/GitHub/2026_team27/KC3GameHack/Content/Stylized_Village/Assets/Architecture/Plaster/_Textures/T_Plaster_01_BC.uasset" 4208
"../../../../../../VScodeFiles/GitHub/2026_team27/KC3GameHack/Content/Stylized_Village/Assets/Architecture/Plaster/_Textures/T_Plaster_01_MROH.uasset" 4209
"../../../../../../VScodeFiles/GitHub/2026_team27/KC3GameHack/Content/Stylized_Village/Assets/Architecture/Plaster/_Textures/T_Plaster_01_MT.uasset" 4210
"../../../../../../VScodeFiles/GitHub/2026_team27/KC3GameHack/Content/Stylized_Village/Assets/Architecture/Plaster/_Textures/T_Plaster_01_N.uasset" 4211
"../../../../../../VScodeFiles/GitHub/2026_team27/KC3GameHack/Content/Stylized_Village/Assets/Textures/Tile/T_Tiling_Brick/T_Tiling_Brick_BC.uasset" 4212
"../../../../../../VScodeFiles/GitHub/2026_team27/KC3GameHack/Content/Stylized_Village/Assets/Textures/Tile/T_Tiling_Brick/T_Tiling_Brick_MRO.uasset" 4213
"../../../../../../VScodeFiles/GitHub/2026_team27/KC3GameHack/Content/Stylized_Village/Assets/Textures/Tile/T_Tiling_Brick/T_Tiling_Brick_MT.uasset" 4214
"../../../../../../VScodeFiles/GitHub/2026_team27/KC3GameHack/Content/Stylized_Village/Assets/Textures/Tile/T_Tiling_Brick/T_Tiling_Brick_N.uasset" 4215
"../../../../../../VScodeFiles/GitHub/2026_team27/KC3GameHack/Content/Stylized_Village/Assets/Architecture/RoofTiles/Round/_Materials/MIM_RoofTiles.uasset" 4216
"../../../../../../VScodeFiles/GitHub/2026_team27/KC3GameHack/Content/Stylized_Village/Assets/Architecture/RoofTiles/Round/_Textures/T_RoofTiles_Round_FullXFull_BC.uasset" 4217
"../../../../../../VScodeFiles/GitHub/2026_team27/KC3GameHack/Content/Stylized_Village/Assets/Architecture/RoofTiles/Round/_Textures/T_RoofTiles_Round_FullXFull_MROH.uasset" 4218
"../../../../../../VScodeFiles/GitHub/2026_team27/KC3GameHack/Content/Stylized_Village/Assets/Architecture/RoofTiles/Round/_Textures/T_RoofTiles_Round_FullXFull_N.uasset" 4219
"../../../../../../VScodeFiles/GitHub/2026_team27/KC3GameHack/Content/Stylized_Village/Assets/Architecture/RoofTiles/Round/_Textures/T_RoofTiles_Round_FullXFull_Sparse_BC.uasset" 4220
"../../../../../../VScodeFiles/GitHub/2026_team27/KC3GameHack/Content/Stylized_Village/Assets/Architecture/RoofTiles/Round/_Textures/T_RoofTiles_Round_FullXFull_Sparse_MROH.uasset" 4221
"../../../../../../VScodeFiles/GitHub/2026_team27/KC3GameHack/Content/Stylized_Village/Assets/Architecture/RoofTiles/Round/_Textures/T_RoofTiles_Round_FullXFull_Sparse_N.uasset" 4222
"../../../../../../VScodeFiles/GitHub/2026_team27/KC3GameHack/Content/Stylized_Village/Assets/Architecture/RoofTiles/Round/_Textures/T_RoofTiles_Round_HalfXHalf_BC.uasset" 4223
"../../../../../../VScodeFiles/GitHub/2026_team27/KC3GameHack/Content/Stylized_Village/Assets/Architecture/RoofTiles/Round/_Textures/T_RoofTiles_Round_HalfXHalf_MROH.uasset" 4224
"../../../../../../VScodeFiles/GitHub/2026_team27/KC3GameHack/Content/Stylized_Village/Assets/Architecture/RoofTiles/Round/_Textures/T_RoofTiles_Round_HalfXHalf_N.uasset" 4225
"../../../../../../VScodeFiles/GitHub/2026_team27/KC3GameHack/Content/Stylized_Village/Assets/Architecture/Wood/_Textures/T_Pieces_Beams_Small_BC.uasset" 4226
"../../../../../../VScodeFiles/GitHub/2026_team27/KC3GameHack/Content/Stylized_Village/Assets/Architecture/Wood/_Textures/T_Pieces_Beams_Small_MROH.uasset" 4227
"../../../../../../VScodeFiles/GitHub/2026_team27/KC3GameHack/Content/Stylized_Village/Assets/Architecture/Wood/_Textures/T_Pieces_Beams_Small_N.uasset" 4228
"../../../../../../VScodeFiles/GitHub/2026_team27/KC3GameHack/Content/Stylized_Village/Assets/Architecture/Wood/_Textures/T_Pieces_Beams_Large_BC.uasset" 4229
"../../../../../../VScodeFiles/GitHub/2026_team27/KC3GameHack/Content/Stylized_Village/Assets/Architecture/Wood/_Textures/T_Pieces_Beams_Large_MROH.uasset" 4230
"../../../../../../VScodeFiles/GitHub/2026_team27/KC3GameHack/Content/Stylized_Village/Assets/Architecture/Wood/_Textures/T_Pieces_Beams_Large_N.uasset" 4231
"../../../../../../VScodeFiles/GitHub/2026_team27/KC3GameHack/Content/Stylized_Village/Assets/Architecture/Wood/_Textures/T_Pieces_Planks_BC.uasset" 4232
"../../../../../../VScodeFiles/GitHub/2026_team27/KC3GameHack/Content/Stylized_Village/Assets/Architecture/Wood/_Textures/T_Pieces_Planks_MROH.uasset" 4233
"../../../../../../VScodeFiles/GitHub/2026_team27/KC3GameHack/Content/Stylized_Village/Assets/Architecture/Wood/_Textures/T_Pieces_Planks_N.uasset" 4234
"../../../../../../VScodeFiles/GitHub/2026_team27/KC3GameHack/Content/Stylized_Village/Assets/Architecture/Wood/_Textures/T_ArchesRoofWall_Small_BC.uasset" 4235
"../../../../../../VScodeFiles/GitHub/2026_team27/KC3GameHack/Content/Stylized_Village/Assets/Architecture/Wood/_Textures/T_ArchesRoofWall_Small_MROH.uasset" 4236
"../../../../../../VScodeFiles/GitHub/2026_team27/KC3GameHack/Content/Stylized_Village/Assets/Architecture/Wood/_Textures/T_ArchesRoofWall_Small_N.uasset" 4237
"../../../../../../VScodeFiles/GitHub/2026_team27/KC3GameHack/Content/Stylized_Village/Assets/Architecture/RoofTiles/Round/_Textures/T_Moss_BC.uasset" 4238
"../../../../../../VScodeFiles/GitHub/2026_team27/KC3GameHack/Content/Stylized_Village/Assets/Architecture/RoofTiles/Round/_Textures/T_Moss_MRO.uasset" 4239
"../../../../../../VScodeFiles/GitHub/2026_team27/KC3GameHack/Content/Stylized_Village/Assets/Architecture/RoofTiles/Round/_Textures/T_Moss_N.uasset" 4240
"../../../../../../VScodeFiles/GitHub/2026_team27/KC3GameHack/Content/Stylized_Village/Assets/VFX/WaterFall/SM_SM_Waterfall.uasset" 4241
"/Game/Stylized_Village/Assets/Stones/Boulder/_Textures/T_Boulder_Med_MROH" 4242
"/Game/Stylized_Village/Assets/Stones/Boulder/_Textures/T_Boulder_Med_BC" 4243
"/Game/sound/SE/enviro/rake" 4244
"/Game/Stylized_Village/Assets/Proxy/SM_PROXY_WindMill" 4245
"C:/VScodeFiles/GitHub/2026_team27/KC3GameHack/Content/Stylized_Village/Assets/Props/Pots/_Textures/T_ClayPots_N.uasset" 4246
"C:/VScodeFiles/GitHub/2026_team27/KC3GameHack/Content/Stylized_Village/Assets/Props/Pots/SM_ClayPot_HanginShort_2.uasset" 4247
"C:/VScodeFiles/GitHub/2026_team27/KC3GameHack/Content/Stylized_Village/Assets/Props/Pots/_Materials/MI_Pots_02.uasset" 4248
"C:/VScodeFiles/GitHub/2026_team27/KC3GameHack/Content/Stylized_Village/Assets/Foliage/Ivy/SM_IvyBranch_Straight_C.uasset" 4249
"/Game/Stylized_Village/Assets/Props/Pots/SM_ClayPot_Lipped" 4250
"C:/VScodeFiles/GitHub/2026_team27/KC3GameHack/Content/Stylized_Village/Assets/Foliage/Ivy/SM_IvyBranch_Straight_B.uasset" 4251
"C:/VScodeFiles/GitHub/2026_team27/KC3GameHack/Content/Stylized_Village/Assets/Foliage/Ivy/SM_IvyBranch_Straight_A.uasset" 4252
"C:/VScodeFiles/GitHub/2026_team27/KC3GameHack/Content/Stylized_Village/Assets/Foliage/Ivy/SM_IvyBranch_01_B.uasset" 4253
"C:/VScodeFiles/GitHub/2026_team27/KC3GameHack/Content/Stylized_Village/Assets/Foliage/Ivy/SM_IvyBranch_01_A.uasset" 4254
"C:/VScodeFiles/GitHub/2026_team27/KC3GameHack/Content/Stylized_Village/Assets/Foliage/Ivy/SM_Ivy_Wall_01.uasset" 4255
"C:/VScodeFiles/GitHub/2026_team27/KC3GameHack/Content/Stylized_Village/Assets/Foliage/Ivy/SM_Ivy_Sparse_02.uasset" 4256
"/Game/Stylized_Village/Assets/Props/Pots/SM_ClayPot_RidgeLarge" 4257
"/Game/Stylized_Village/Assets/Props/Pots/SM_ClayPot_RidgeSmall" 4258
"/Game/Stylized_Village/Assets/Props/Pots/_Textures/T_ClayPots_MRO" 4259
"/Game/Stylized_Village/Assets/Props/Pots/_Textures/T_ClayPots_BC" 4260
"/Game/Stylized_Village/Assets/Props/Pots/SM_ClayPot_Tall" 4261
"/Game/Stylized_Village/Assets/Sky/Mesh/SM_SM_Cloud_Big_01" 4262
"../../../../../../VScodeFiles/GitHub/2026_team27/KC3GameHack/Content/Stylized_Village/Assets/Sky/Material/MI_Clouds_Day.uasset" 4263
"/Game/Stylized_Village/Assets/Sky/Mesh/SM_SM_Cloud_Big_02" 4264
"/Game/Stylized_Village/Assets/Sky/Mesh/SM_SM_Cloud_Medium_01" 4265
"/Game/Stylized_Village/Assets/Stones/Boulder/SM_Boulder_Large_01" 4266
"/Game/Stylized_Village/Assets/Stones/Boulder/SM_Boulder_Medium_01" 4267
"/Game/Stylized_Village/Assets/Props/Pots/_Textures/T_ClayPots_N" 4268
"C:/VScodeFiles/GitHub/2026_team27/KC3GameHack/Content/Stylized_Village/Assets/Foliage/Ivy/SM_Ivy_Pie_01.uasset" 4269
"C:/VScodeFiles/GitHub/2026_team27/KC3GameHack/Content/Stylized_Village/Assets/Foliage/Ivy/_Textures/T_Ivy_BaseColor.uasset" 4270
"C:/VScodeFiles/GitHub/2026_team27/KC3GameHack/Content/Stylized_Village/Assets/Foliage/Ivy/_Materials/MI_Ivy.uasset" 4271
"C:/VScodeFiles/GitHub/2026_team27/KC3GameHack/Content/Stylized_Village/Assets/Foliage/Bushes/_Textures/T_Bush_01_N.uasset" 4272
"C:/VScodeFiles/GitHub/2026_team27/KC3GameHack/Content/Stylized_Village/Assets/Foliage/Ivy/SM_Ivy_Patch_02.uasset" 4273
"/Game/Stylized_Village/Assets/Props/Pots/SM_ClayPot_Lipped_2" 4274
"C:/VScodeFiles/GitHub/2026_team27/KC3GameHack/Content/Stylized_Village/Assets/Foliage/Flowers/BabyBlueEyesAndPoppies/SM_Poppy_Small_01.uasset" 4275
"C:/VScodeFiles/GitHub/2026_team27/KC3GameHack/Content/Stylized_Village/Assets/Foliage/Flowers/BabyBlueEyesAndPoppies/_Textures/T_BabyBlueEyesAndPoppies_BC.uasset" 4276
"C:/VScodeFiles/GitHub/2026_team27/KC3GameHack/Content/Stylized_Village/Assets/Foliage/Flowers/BabyBlueEyesAndPoppies/_Textures/T_BabyBlueEyesAndPoppies_MRO.uasset" 4277
"C:/VScodeFiles/GitHub/2026_team27/KC3GameHack/Content/Stylized_Village/Assets/Foliage/Flowers/BabyBlueEyesAndPoppies/_Textures/T_BabyBlueEyesAndPoppies_N.uasset" 4278
"C:/VScodeFiles/GitHub/2026_team27/KC3GameHack/Content/Stylized_Village/Assets/Foliage/Flowers/BabyBlueEyesAndPoppies/_Materials/MI_Poppies.uasset" 4279
"C:/VScodeFiles/GitHub/2026_team27/KC3GameHack/Content/Stylized_Village/Assets/Foliage/Flowers/BabyBlueEyesAndPoppies/SM_Poppy_Medium_01.uasset" 4280
"C:/VScodeFiles/GitHub/2026_team27/KC3GameHack/Content/Stylized_Village/Assets/Architecture/Wood/Walls/SM_Wood_Wall_QuarterXFull_LP.uasset" 4281
"C:/VScodeFiles/GitHub/2026_team27/KC3GameHack/Content/Stylized_Village/Assets/Architecture/Wood/Walls/SM_Wood_Wall_QuarterXHalf_LP.uasset" 4282
"C:/VScodeFiles/GitHub/2026_team27/KC3GameHack/Content/Stylized_Village/Assets/Architecture/Wood/Walls/SM_Wood_Wall_HorizontalSlats_Half_LP.uasset" 4283
"C:/VScodeFiles/GitHub/2026_team27/KC3GameHack/Content/Stylized_Village/Assets/Architecture/Wood/Walls/SM_Wood_Wall_HalfXHalf_LP.uasset" 4284
"C:/VScodeFiles/GitHub/2026_team27/KC3GameHack/Content/Stylized_Village/Assets/Architecture/Wood/Walls/SM_Wood_Wall_HalfXFull_LP.uasset" 4285
"C:/VScodeFiles/GitHub/2026_team27/KC3GameHack/Content/Stylized_Village/Assets/Architecture/Wood/Walls/SM_Wood_Wall_HalfArch_LP.uasset" 4286
"C:/VScodeFiles/GitHub/2026_team27/KC3GameHack/Content/Stylized_Village/Assets/Architecture/Wood/Walls/SM_Wood_Wall_FullXHalf_LP.uasset" 4287
"C:/VScodeFiles/GitHub/2026_team27/KC3GameHack/Content/Stylized_Village/Assets/Architecture/Wood/Walls/SM_Wall_FullXFull_LP.uasset" 4288
"C:/VScodeFiles/GitHub/2026_team27/KC3GameHack/Content/Stylized_Village/Assets/Architecture/Wood/Roof/SM_Wood_Wall_RoofFront_Large_LP.uasset" 4289
"/Game/Stylized_Village/Assets/Props/Pots/SM_ClayPot_RidgeLarge_2" 4290
"/Game/Stylized_Village/Assets/Props/Pots/SM_ClayPot_WideLarge_2" 4291
"/Game/Stylized_Village/Assets/Props/Pots/SM_ClayPot_HanginShort_2" 4292
"C:/VScodeFiles/GitHub/2026_team27/KC3GameHack/Content/Stylized_Village/Assets/Architecture/Wood/Roof/SM_Wood_CeilingPlanks_Full_LP.uasset" 4293
"C:/VScodeFiles/GitHub/2026_team27/KC3GameHack/Content/Stylized_Village/Assets/Architecture/Wood/Pieces/SM_Plank_Short_1.uasset" 4294
"C:/VScodeFiles/GitHub/2026_team27/KC3GameHack/Content/Stylized_Village/Assets/Architecture/Wood/Pieces/SM_Plank_Medium_3.uasset" 4295
"C:/VScodeFiles/GitHub/2026_team27/KC3GameHack/Content/Stylized_Village/Assets/Architecture/Wood/Pieces/SM_Plank_Long_3.uasset" 4296
"/Game/Stylized_Village/Assets/Architecture/Wood/Roof/SM_Wood_Wall_RoofFront_Large_LP" 4297
"C:/VScodeFiles/GitHub/2026_team27/KC3GameHack/Content/Stylized_Village/Assets/Architecture/Wood/Pieces/SM_Plank_Long_2.uasset" 4298
"../../../../../../VScodeFiles/GitHub/2026_team27/KC3GameHack/Content/Stylized_Village/Assets/Architecture/Wood/_Materials/MI_Wood_Roof.uasset" 4299
"../../../../../../VScodeFiles/GitHub/2026_team27/KC3GameHack/Content/Stylized_Village/Assets/Architecture/Wood/_Textures/T_RoofWall_Large_WallHalf_BC.uasset" 4300
"../../../../../../VScodeFiles/GitHub/2026_team27/KC3GameHack/Content/Stylized_Village/Assets/Architecture/Wood/_Textures/T_RoofWall_Large_WallHalf_MROH.uasset" 4301
"../../../../../../VScodeFiles/GitHub/2026_team27/KC3GameHack/Content/Stylized_Village/Assets/Architecture/Wood/_Textures/T_RoofWall_Large_WallHalf_N.uasset" 4302
"/Game/Stylized_Village/Assets/Architecture/Wood/Walls/SM_Wall_FullXFull_LP" 4303
"/Game/Stylized_Village/Assets/Architecture/Wood/Walls/SM_Wood_Wall_FullXHalf_LP" 4304
"../../../../../../VScodeFiles/GitHub/2026_team27/KC3GameHack/Content/Stylized_Village/Assets/Architecture/Wood/_Materials/MI_Wood_WallsFull.uasset" 4305
"../../../../../../VScodeFiles/GitHub/2026_team27/KC3GameHack/Content/Stylized_Village/Assets/Architecture/Wood/_Textures/T_Wall_Full_BC.uasset" 4306
"../../../../../../VScodeFiles/GitHub/2026_team27/KC3GameHack/Content/Stylized_Village/Assets/Architecture/Wood/_Textures/T_Wall_Full_MROH.uasset" 4307
"../../../../../../VScodeFiles/GitHub/2026_team27/KC3GameHack/Content/Stylized_Village/Assets/Architecture/Wood/_Textures/T_Wall_Full_N.uasset" 4308
"/Game/Stylized_Village/Assets/Architecture/Wood/Walls/SM_Wood_Wall_HalfArch_LP" 4309
"/Game/Stylized_Village/Assets/Architecture/Wood/Walls/SM_Wood_Wall_HalfXFull_LP" 4310
"/Game/Stylized_Village/Assets/Architecture/Wood/Walls/SM_Wood_Wall_HalfXHalf_LP" 4311
"/Game/Stylized_Village/Assets/Foliage/Ivy/SM_Ivy_Sparse_02" 4312
"/Game/Stylized_Village/Assets/Architecture/Wood/Walls/SM_Wood_Wall_HorizontalSlats_Half_LP" 4313
"../../../../../../VScodeFiles/GitHub/2026_team27/KC3GameHack/Content/Stylized_Village/Assets/Architecture/Wood/_Materials/MI_Wood_WallsSlats.uasset" 4314
"../../../../../../VScodeFiles/GitHub/2026_team27/KC3GameHack/Content/Stylized_Village/Assets/Architecture/Wood/_Textures/T_Wall_Slats_BC.uasset" 4315
"../../../../../../VScodeFiles/GitHub/2026_team27/KC3GameHack/Content/Stylized_Village/Assets/Architecture/Wood/_Textures/T_Wall_Slats_MROH.uasset" 4316
"../../../../../../VScodeFiles/GitHub/2026_team27/KC3GameHack/Content/Stylized_Village/Assets/Architecture/Wood/_Textures/T_Wall_Slats_N.uasset" 4317
"/Game/Stylized_Village/Assets/Foliage/Ivy/SM_Ivy_Wall_01" 4318
"/Game/Stylized_Village/Assets/Foliage/Ivy/SM_IvyBranch_01_A" 4319
"/Game/Stylized_Village/Assets/Foliage/Ivy/SM_IvyBranch_01_B" 4320
"/Game/Stylized_Village/Assets/Foliage/Ivy/SM_IvyBranch_Straight_A" 4321
"/Game/Stylized_Village/Assets/Architecture/Wood/Walls/SM_Wood_Wall_QuarterXFull_LP" 4322
"../../../../../../VScodeFiles/GitHub/2026_team27/KC3GameHack/Content/Stylized_Village/Assets/Props/Furniture/SM_Crate_01.uasset" 4323
"../../../../../../VScodeFiles/GitHub/2026_team27/KC3GameHack/Content/Stylized_Village/Assets/Architecture/Brick/Trims/SM_Brick_Trim_Scattered_Half.uasset" 4324
"../../../../../../VScodeFiles/GitHub/2026_team27/KC3GameHack/Content/Stylized_Village/Assets/Props/Lanterns/SM_Lantern_Sconce.uasset" 4325
"C:/VScodeFiles/GitHub/2026_team27/KC3GameHack/Content/Stylized_Village/Assets/Architecture/Wood/Pieces/SM_Log_Large.uasset" 4326
"C:/VScodeFiles/GitHub/2026_team27/KC3GameHack/Content/Stylized_Village/Assets/Architecture/Wood/Pieces/SM_Plank_Long_1.uasset" 4327
"C:/VScodeFiles/GitHub/2026_team27/KC3GameHack/Content/Stylized_Village/Assets/Architecture/Wood/Pieces/SM_Beam_Short_2.uasset" 4328
"C:/VScodeFiles/GitHub/2026_team27/KC3GameHack/Content/Stylized_Village/Assets/Architecture/Wood/Pieces/SM_Beam_Medium_3.uasset" 4329
"C:/VScodeFiles/GitHub/2026_team27/KC3GameHack/Content/Stylized_Village/Assets/Architecture/Wood/Pieces/SM_Beam_Medium_1.uasset" 4330
"C:/VScodeFiles/GitHub/2026_team27/KC3GameHack/Content/Stylized_Village/Assets/Architecture/Wood/Pieces/SM_Beam_Large_3.uasset" 4331
"C:/VScodeFiles/GitHub/2026_team27/KC3GameHack/Content/Stylized_Village/Assets/Architecture/Wood/Pieces/SM_Beam_Large_2.uasset" 4332
"C:/VScodeFiles/GitHub/2026_team27/KC3GameHack/Content/Stylized_Village/Assets/Architecture/Wood/Pieces/SM_Beam_Large_1.uasset" 4333
"C:/VScodeFiles/GitHub/2026_team27/KC3GameHack/Content/Stylized_Village/Assets/Architecture/Wood/Pieces/SM_Beam_Arch_01.uasset" 4334
"C:/VScodeFiles/GitHub/2026_team27/KC3GameHack/Content/Stylized_Village/Assets/Architecture/Wood/Floors/SM_Wood_Floor_HalfxHalf_LP.uasset" 4335
"C:/VScodeFiles/GitHub/2026_team27/KC3GameHack/Content/Stylized_Village/Assets/Architecture/Wood/Floors/SM_Wood_Floor_FullxHalf_LP.uasset" 4336
"C:/VScodeFiles/GitHub/2026_team27/KC3GameHack/Content/Stylized_Village/Assets/Architecture/Wood/Detail/SM_Wood_Support_Arch_Small_3.uasset" 4337
"C:/VScodeFiles/GitHub/2026_team27/KC3GameHack/Content/Stylized_Village/Assets/Architecture/Wood/Detail/SM_Wood_Support_Arch_Small_2.uasset" 4338
"C:/VScodeFiles/GitHub/2026_team27/KC3GameHack/Content/Stylized_Village/Assets/Architecture/Wood/_Textures/T_Ceiling_Planks_BC.uasset" 4339
"C:/VScodeFiles/GitHub/2026_team27/KC3GameHack/Content/Stylized_Village/Assets/Architecture/Wood/_Textures/T_Ceiling_Planks_MROH.uasset" 4340
"C:/VScodeFiles/GitHub/2026_team27/KC3GameHack/Content/Stylized_Village/Assets/Architecture/Wood/_Textures/T_Ceiling_Planks_N.uasset" 4341
"/Game/Stylized_Village/Assets/Architecture/Wood/Pieces/SM_Plank_Long_2" 4342
"/Game/Stylized_Village/Assets/Architecture/Wood/Pieces/SM_Plank_Long_3" 4343
"/Game/Stylized_Village/Assets/Architecture/Wood/Pieces/SM_Plank_Medium_3" 4344
"/Game/Stylized_Village/Assets/Foliage/Flowers/BabyBlueEyesAndPoppies/_Textures/T_BabyBlueEyesAndPoppies_BC" 4345
"/Game/Stylized_Village/Assets/Foliage/Flowers/BabyBlueEyesAndPoppies/_Textures/T_BabyBlueEyesAndPoppies_MRO" 4346
"/Game/Stylized_Village/Assets/Foliage/Flowers/BabyBlueEyesAndPoppies/_Textures/T_BabyBlueEyesAndPoppies_N" 4347
"/Game/Stylized_Village/Assets/Foliage/Flowers/BabyBlueEyesAndPoppies/_Materials/MI_Poppies" 4348
"/Game/Stylized_Village/Assets/Foliage/Ivy/SM_IvyBranch_Straight_C" 4349
"/Game/Stylized_Village/Assets/Foliage/Ivy/SM_IvyBranch_Straight_B" 4350
"/Game/Stylized_Village/Assets/Foliage/Ivy/SM_Ivy_Pie_01" 4351
"/Game/Stylized_Village/Assets/Foliage/Ivy/SM_Ivy_Patch_02" 4352
"/Game/Stylized_Village/Assets/Foliage/Flowers/BabyBlueEyesAndPoppies/SM_Poppy_Small_01" 4353
"/Game/Stylized_Village/Assets/Foliage/Flowers/BabyBlueEyesAndPoppies/SM_Poppy_Medium_01" 4354
"/Game/Stylized_Village/Assets/Architecture/Wood/Pieces/SM_Plank_Short_1" 4355
"/Game/Stylized_Village/Assets/Architecture/Wood/Roof/SM_Wood_CeilingPlanks_Full_LP" 4356
"../../../../../../VScodeFiles/GitHub/2026_team27/KC3GameHack/Content/Stylized_Village/Assets/Architecture/Wood/_Materials/MI_Wood_Ceilings.uasset" 4357
"../../../../../../VScodeFiles/GitHub/2026_team27/KC3GameHack/Content/Stylized_Village/Assets/Architecture/Wood/_Textures/T_Ceiling_Planks_BC.uasset" 4358
"../../../../../../VScodeFiles/GitHub/2026_team27/KC3GameHack/Content/Stylized_Village/Assets/Architecture/Wood/_Textures/T_Ceiling_Planks_MROH.uasset" 4359
"../../../../../../VScodeFiles/GitHub/2026_team27/KC3GameHack/Content/Stylized_Village/Assets/Architecture/Wood/_Textures/T_Ceiling_Planks_N.uasset" 4360
"/Game/Stylized_Village/Assets/Architecture/Wood/Walls/SM_Wood_Wall_QuarterXHalf_LP" 4361
"/Game/Stylized_Village/Assets/Architecture/Wood/Floors/SM_Wood_Floor_HalfxHalf_LP" 4362
"C:/VScodeFiles/GitHub/2026_team27/KC3GameHack/Content/Stylized_Village/Assets/Architecture/Wood/Detail/SM_Wood_Panel_Plank_LP.uasset" 4363
"C:/VScodeFiles/GitHub/2026_team27/KC3GameHack/Content/Stylized_Village/Assets/Architecture/Wood/Curved/SM_Beam_Suppport_1_45.uasset" 4364
"C:/VScodeFiles/GitHub/2026_team27/KC3GameHack/Content/Stylized_Village/Assets/Architecture/Wood/Curved/SM_Beam_Medium_1_45.uasset" 4365
"C:/VScodeFiles/GitHub/2026_team27/KC3GameHack/Content/Stylized_Village/Assets/Architecture/Wood/Curved/SM_Beam_Long_1_45.uasset" 4366
"C:/VScodeFiles/GitHub/2026_team27/KC3GameHack/Content/Stylized_Village/Assets/Architecture/Windows/SM_Window_FrenchShutter_02_LP.uasset" 4367
"/Game/Stylized_Village/Assets/Architecture/Wood/Pieces/SM_Beam_Arch_01" 4368
"C:/VScodeFiles/GitHub/2026_team27/KC3GameHack/Content/Stylized_Village/Assets/Architecture/Windows/_Textures/T_Shutters_01_BC.uasset" 4369
"C:/VScodeFiles/GitHub/2026_team27/KC3GameHack/Content/Stylized_Village/Assets/Architecture/Windows/_Materials/MI_Shutters_Brown.uasset" 4370
"C:/VScodeFiles/GitHub/2026_team27/KC3GameHack/Content/Stylized_Village/Assets/Architecture/Windows/SM_Window_FrenchShutter_01_LP.uasset" 4371
"C:/VScodeFiles/GitHub/2026_team27/KC3GameHack/Content/Stylized_Village/Assets/Architecture/Windows/SM_Window_DiamondPanes_Half_LP.uasset" 4372
"C:/VScodeFiles/GitHub/2026_team27/KC3GameHack/Content/Stylized_Village/Assets/Architecture/Windows/_Textures/T_Windows_01_BC.uasset" 4373
"C:/VScodeFiles/GitHub/2026_team27/KC3GameHack/Content/Stylized_Village/Assets/Architecture/Windows/_Textures/T_Windows_01_MRO.uasset" 4374
"C:/VScodeFiles/GitHub/2026_team27/KC3GameHack/Content/Stylized_Village/Assets/Architecture/Windows/_Textures/T_Windows_01_N.uasset" 4375
"C:/VScodeFiles/GitHub/2026_team27/KC3GameHack/Content/Stylized_Village/Assets/Architecture/Windows/_Materials/MI_Windows_Brown.uasset" 4376
"C:/VScodeFiles/GitHub/2026_team27/KC3GameHack/Content/Stylized_Village/Assets/Architecture/Windows/SM_Window_DiamondPanes_Full.uasset" 4377
"C:/VScodeFiles/GitHub/2026_team27/KC3GameHack/Content/Stylized_Village/Assets/Architecture/Windows/SM_Glass_4x2Panes_LP.uasset" 4378
"C:/VScodeFiles/GitHub/2026_team27/KC3GameHack/Content/Stylized_Village/Assets/Architecture/RoofTiles/Round/SM_SM_Roof_Circle_04.uasset" 4379
"/Game/Stylized_Village/Assets/Architecture/Wood/Detail/SM_Wood_Support_Arch_Small_3" 4380
"/Game/Stylized_Village/Assets/Architecture/Wood/Floors/SM_Wood_Floor_FullxHalf_LP" 4381
"/Game/Stylized_Village/Assets/Architecture/Wood/Pieces/SM_Beam_Large_1" 4382
"/Game/Stylized_Village/Assets/Architecture/Wood/Pieces/SM_Beam_Large_2" 4383
"/Game/Stylized_Village/Assets/Architecture/Wood/Pieces/SM_Beam_Large_3" 4384
"/Game/Stylized_Village/Assets/Architecture/Wood/Detail/SM_Wood_Support_Arch_Small_2" 4385
"/Game/Stylized_Village/Assets/Architecture/Wood/Pieces/SM_Beam_Medium_1" 4386
"/Game/Stylized_Village/Assets/Architecture/Wood/Pieces/SM_Beam_Medium_3" 4387
"/Game/Stylized_Village/Assets/Architecture/Wood/Pieces/SM_Beam_Short_2" 4388
"/Game/Stylized_Village/Assets/Architecture/Wood/Pieces/SM_Log_Large" 4389
"../../../../../../VScodeFiles/GitHub/2026_team27/KC3GameHack/Content/Stylized_Village/Assets/Architecture/Wood/_Materials/MI_Wood_PiecesBeams_Logs.uasset" 4390
"../../../../../../VScodeFiles/GitHub/2026_team27/KC3GameHack/Content/Stylized_Village/Assets/Architecture/Wood/_Textures/T_Pieces_Logs_BC.uasset" 4391
"../../../../../../VScodeFiles/GitHub/2026_team27/KC3GameHack/Content/Stylized_Village/Assets/Architecture/Wood/_Textures/T_Pieces_Logs_MROH.uasset" 4392
"../../../../../../VScodeFiles/GitHub/2026_team27/KC3GameHack/Content/Stylized_Village/Assets/Architecture/Wood/_Textures/T_Pieces_Logs_N.uasset" 4393
"/Game/Stylized_Village/Assets/Architecture/Wood/Pieces/SM_Plank_Long_1" 4394
"C:/VScodeFiles/GitHub/2026_team27/KC3GameHack/Content/Stylized_Village/Assets/Architecture/RoofTiles/Round/_Textures/T_RoofTiles_Round_Column_Half_BC.uasset" 4395
"C:/VScodeFiles/GitHub/2026_team27/KC3GameHack/Content/Stylized_Village/Assets/Architecture/RoofTiles/Round/SM_SM_Roof_Circle_02.uasset" 4396
"C:/VScodeFiles/GitHub/2026_team27/KC3GameHack/Content/Stylized_Village/Assets/Architecture/RoofTiles/Round/SM_SM_Roof_Circle_01.uasset" 4397
"C:/VScodeFiles/GitHub/2026_team27/KC3GameHack/Content/Stylized_Village/Assets/Architecture/RoofTiles/Round/SM_SM_Roof_Circle_03.uasset" 4398
"C:/VScodeFiles/GitHub/2026_team27/KC3GameHack/Content/Stylized_Village/Assets/Architecture/RoofTiles/Round/_Textures/T_RoofTiles_Round_Column_Half_N.uasset" 4399
"C:/VScodeFiles/GitHub/2026_team27/KC3GameHack/Content/Stylized_Village/Assets/Architecture/RoofTiles/Round/_Textures/T_RoofTiles_Round_Column_Half_MROH.uasset" 4400
"C:/VScodeFiles/GitHub/2026_team27/KC3GameHack/Content/Stylized_Village/Assets/Architecture/RoofTiles/Round/SM_RoofTiles_Round_ThinXFull.uasset" 4401
"C:/VScodeFiles/GitHub/2026_team27/KC3GameHack/Content/Stylized_Village/Assets/Architecture/RoofTiles/Round/_Materials/MI_RoofTiles_Round_Column.uasset" 4402
"/Game/Stylized_Village/Assets/Architecture/RoofTiles/Round/SM_SM_Roof_Circle_04" 4403
"C:/VScodeFiles/GitHub/2026_team27/KC3GameHack/Content/Stylized_Village/Assets/Architecture/RoofTiles/Round/SM_RoofTiles_Round_HalfXFull_Sparse.uasset" 4404
"C:/VScodeFiles/GitHub/2026_team27/KC3GameHack/Content/Stylized_Village/Assets/Architecture/RoofTiles/Round/SM_RoofTiles_Round_HalfXFull.uasset" 4405
"C:/VScodeFiles/GitHub/2026_team27/KC3GameHack/Content/Stylized_Village/Assets/Architecture/RoofTiles/Round/_Textures/T_RoofTiles_Round_Cluster_Broken_BC.uasset" 4406
"C:/VScodeFiles/GitHub/2026_team27/KC3GameHack/Content/Stylized_Village/Assets/Architecture/RoofTiles/Round/SM_RoofTiles_Round_Cluster_Whole.uasset" 4407
"C:/VScodeFiles/GitHub/2026_team27/KC3GameHack/Content/Stylized_Village/Assets/Architecture/RoofTiles/Round/_Textures/T_RoofTiles_Round_Cluster_Broken_MROH.uasset" 4408
"C:/VScodeFiles/GitHub/2026_team27/KC3GameHack/Content/Stylized_Village/Assets/Architecture/RoofTiles/Round/_Textures/T_RoofTiles_Round_Cluster_Broken_N.uasset" 4409
"C:/VScodeFiles/GitHub/2026_team27/KC3GameHack/Content/Stylized_Village/Assets/Architecture/RoofTiles/Round/_Materials/MI_RoofTiles_Round_Broken.uasset" 4410
"C:/VScodeFiles/GitHub/2026_team27/KC3GameHack/Content/Stylized_Village/Assets/Architecture/RoofTiles/Round/SM_RoofTiles_Round_Cluster_Broken_A.uasset" 4411
"/Game/Stylized_Village/Assets/Architecture/Windows/SM_Glass_4x2Panes_LP" 4412
"/Game/Stylized_Village/Assets/Architecture/Windows/SM_Window_DiamondPanes_Full" 4413
"/Game/Stylized_Village/Assets/Architecture/Windows/SM_Window_DiamondPanes_Half_LP" 4414
"/Game/Stylized_Village/Assets/Architecture/Windows/SM_Window_FrenchShutter_01_LP" 4415
"/Game/Stylized_Village/Assets/Architecture/RoofTiles/Round/_Textures/T_RoofTiles_Round_Column_Half_BC" 4416
"/Game/Stylized_Village/Assets/Architecture/Windows/SM_Window_FrenchShutter_02_LP" 4417
"/Game/Stylized_Village/Assets/Architecture/Wood/Curved/SM_Beam_Long_1_45" 4418
"/Game/Stylized_Village/Assets/Architecture/Wood/Curved/SM_Beam_Medium_1_45" 4419
"/Game/Stylized_Village/Assets/Architecture/Wood/Curved/SM_Beam_Suppport_1_45" 4420
"/Game/Stylized_Village/Assets/Architecture/Wood/Detail/SM_Wood_Panel_Plank_LP" 4421
"C:/VScodeFiles/GitHub/2026_team27/KC3GameHack/Content/Stylized_Village/Assets/Architecture/RoofTiles/Flat/_Textures/T_RoofTiles_FlaRows_BC.uasset" 4422
"C:/VScodeFiles/GitHub/2026_team27/KC3GameHack/Content/Stylized_Village/Assets/Architecture/RoofTiles/Flat/_Textures/T_RoofTiles_FlaRows_MROH.uasset" 4423
"C:/VScodeFiles/GitHub/2026_team27/KC3GameHack/Content/Stylized_Village/Assets/Architecture/RoofTiles/Flat/_Textures/T_RoofTiles_FlaRows_N.uasset" 4424
"C:/VScodeFiles/GitHub/2026_team27/KC3GameHack/Content/Stylized_Village/Assets/Architecture/RoofTiles/Flat/SM_RoofTile_Flat_Row_Half.uasset" 4425
"C:/VScodeFiles/GitHub/2026_team27/KC3GameHack/Content/Stylized_Village/Assets/Architecture/RoofTiles/Flat/_Materials/MI_RoofTiles_Rows.uasset" 4426
"C:/VScodeFiles/GitHub/2026_team27/KC3GameHack/Content/Stylized_Village/Assets/Architecture/RoofTiles/Flat/SM_RoofTile_Flat_HalfXHalf.uasset" 4427
"C:/VScodeFiles/GitHub/2026_team27/KC3GameHack/Content/Stylized_Village/Assets/Architecture/RoofTiles/Flat/_Textures/T_RoofTiles_FlaSingles_BC.uasset" 4428
"C:/VScodeFiles/GitHub/2026_team27/KC3GameHack/Content/Stylized_Village/Assets/Architecture/RoofTiles/Flat/_Textures/T_RoofTiles_FlaFull_BC.uasset" 4429
"C:/VScodeFiles/GitHub/2026_team27/KC3GameHack/Content/Stylized_Village/Assets/Architecture/RoofTiles/Flat/_Materials/MI_RoofTiles_Singles.uasset" 4430
"C:/VScodeFiles/GitHub/2026_team27/KC3GameHack/Content/Stylized_Village/Assets/Architecture/RoofTiles/Flat/_Textures/T_RoofTiles_FlaFull_MROH.uasset" 4431
"C:/VScodeFiles/GitHub/2026_team27/KC3GameHack/Content/Stylized_Village/Assets/Architecture/RoofTiles/Flat/_Textures/T_RoofTiles_FlaSingles_N.uasset" 4432
"C:/VScodeFiles/GitHub/2026_team27/KC3GameHack/Content/Stylized_Village/Assets/Architecture/RoofTiles/Flat/SM_RoofTile_Flat_FullXHalf.uasset" 4433
"/Game/Stylized_Village/Assets/Architecture/RoofTiles/Round/_Textures/T_RoofTiles_Round_Cluster_Broken_BC" 4434
"C:/VScodeFiles/GitHub/2026_team27/KC3GameHack/Content/Stylized_Village/Assets/Architecture/RoofTiles/Flat/_Textures/T_RoofTiles_FlaSingles_MROH.uasset" 4435
"C:/VScodeFiles/GitHub/2026_team27/KC3GameHack/Content/Stylized_Village/Assets/Architecture/RoofTiles/Flat/_Textures/T_RoofTiles_FlaFull_N.uasset" 4436
"C:/VScodeFiles/GitHub/2026_team27/KC3GameHack/Content/Stylized_Village/Assets/Architecture/RoofTiles/Flat/SM_RoofTile_Flat_FullXFull1.uasset" 4437
"C:/VScodeFiles/GitHub/2026_team27/KC3GameHack/Content/Stylized_Village/Assets/Architecture/RoofTiles/Flat/_Materials/MI_RoofTiles_Full.uasset" 4438
"C:/VScodeFiles/GitHub/2026_team27/KC3GameHack/Content/Stylized_Village/Assets/Architecture/Plaster/SM_SM_Plaster_HalfXHalf.uasset" 4439
"/Game/Stylized_Village/Assets/Architecture/RoofTiles/Round/SM_RoofTiles_Round_Cluster_Broken_A" 4440
"/Game/Stylized_Village/Assets/Architecture/RoofTiles/Round/SM_RoofTiles_Round_Cluster_Whole" 4441
"/Game/Stylized_Village/Assets/Architecture/RoofTiles/Round/SM_RoofTiles_Round_HalfXFull" 4442
"/Game/Stylized_Village/Assets/Architecture/RoofTiles/Round/SM_RoofTiles_Round_HalfXFull_Sparse" 4443
"/Game/Stylized_Village/Assets/Architecture/RoofTiles/Round/SM_RoofTiles_Round_ThinXFull" 4444
"/Game/Stylized_Village/Assets/Architecture/RoofTiles/Flat/SM_RoofTile_Flat_Row_Half" 4445
"C:/VScodeFiles/GitHub/2026_team27/KC3GameHack/Content/Stylized_Village/Assets/Architecture/Plaster/SM_Plaster_HalfXFull.uasset" 4446
"C:/VScodeFiles/GitHub/2026_team27/KC3GameHack/Content/Stylized_Village/Assets/Architecture/Flagstone/Walls/SM_FlagStone_SupportBulwark.uasset" 4447
"C:/VScodeFiles/GitHub/2026_team27/KC3GameHack/Content/Stylized_Village/Assets/Architecture/Plaster/SM_Plaster_FullXHalf.uasset" 4448
"C:/VScodeFiles/GitHub/2026_team27/KC3GameHack/Content/Stylized_Village/Assets/Architecture/Flagstone/Walls/SM_Flagstone_HalfXHalf.uasset" 4449
"C:/VScodeFiles/GitHub/2026_team27/KC3GameHack/Content/Stylized_Village/Assets/Architecture/Plaster/SM_Plaster_Chimney_Thick.uasset" 4450
"C:/VScodeFiles/GitHub/2026_team27/KC3GameHack/Content/Stylized_Village/Assets/Architecture/Flagstone/_Textures/T_Flagstone_HalfXFull_BC.uasset" 4451
"/Game/Stylized_Village/Assets/Architecture/Plaster/SM_SM_Plaster_HalfXHalf" 4452
"C:/VScodeFiles/GitHub/2026_team27/KC3GameHack/Content/Stylized_Village/Assets/Architecture/Plaster/SM_Plaster_Chimney_Crown.uasset" 4453
"C:/VScodeFiles/GitHub/2026_team27/KC3GameHack/Content/Stylized_Village/Assets/Architecture/Flagstone/_Textures/T_Flagstone_HalfXFull_N.uasset" 4454
"C:/VScodeFiles/GitHub/2026_team27/KC3GameHack/Content/Stylized_Village/Assets/Architecture/Flagstone/_Textures/T_Flagstone_HalfXFull_MROH.uasset" 4455
"C:/VScodeFiles/GitHub/2026_team27/KC3GameHack/Content/Stylized_Village/Assets/Architecture/Flagstone/Walls/SM_Flagstone_HalfXFull.uasset" 4456
"C:/VScodeFiles/GitHub/2026_team27/KC3GameHack/Content/Stylized_Village/Assets/Architecture/Flagstone/_Materials/MI_Flagstone_Wall_FullxHalf.uasset" 4457
"C:/VScodeFiles/GitHub/2026_team27/KC3GameHack/Content/Stylized_Village/Assets/Architecture/Flagstone/Trims/SM_FlagStone_TrimThick_Half.uasset" 4458
"C:/VScodeFiles/GitHub/2026_team27/KC3GameHack/Content/Stylized_Village/Assets/Architecture/Flagstone/Trims/SM_FlagStone_TrimStraight_Half.uasset" 4459
"C:/VScodeFiles/GitHub/2026_team27/KC3GameHack/Content/Stylized_Village/Assets/Architecture/Flagstone/_Textures/T_Flagstonerims_BC.uasset" 4460
"C:/VScodeFiles/GitHub/2026_team27/KC3GameHack/Content/Stylized_Village/Assets/Architecture/Flagstone/_Textures/T_Flagstonerims_MRO.uasset" 4461
"C:/VScodeFiles/GitHub/2026_team27/KC3GameHack/Content/Stylized_Village/Assets/Architecture/Flagstone/_Materials/MI_Flagstone_Wall_Trims.uasset" 4462
"C:/VScodeFiles/GitHub/2026_team27/KC3GameHack/Content/Stylized_Village/Assets/Architecture/Flagstone/_Textures/T_Flagstonerims_N.uasset" 4463
"/Game/Stylized_Village/Assets/Architecture/RoofTiles/Flat/SM_RoofTile_Flat_FullXFull1" 4464
"/Game/Stylized_Village/Assets/Architecture/RoofTiles/Flat/SM_RoofTile_Flat_FullXHalf" 4465
"/Game/Stylized_Village/Assets/Architecture/RoofTiles/Round/SM_SM_Roof_Circle_01" 4466
"/Game/Stylized_Village/Assets/Architecture/RoofTiles/Flat/SM_RoofTile_Flat_HalfXHalf" 4467
"/Game/Stylized_Village/Assets/Architecture/RoofTiles/Round/SM_SM_Roof_Circle_02" 4468
"/Game/Stylized_Village/Assets/Architecture/Plaster/SM_Plaster_HalfXFull" 4469
"/Game/Stylized_Village/Assets/Architecture/RoofTiles/Round/SM_SM_Roof_Circle_03" 4470
"C:/VScodeFiles/GitHub/2026_team27/KC3GameHack/Content/Stylized_Village/Assets/Architecture/Flagstone/Trims/SM_FlagStone_TrimStraight_Full.uasset" 4471
"C:/VScodeFiles/GitHub/2026_team27/KC3GameHack/Content/Stylized_Village/Assets/Architecture/Flagstone/_Textures/T_Flagstoneiles_BC.uasset" 4472
"C:/VScodeFiles/GitHub/2026_team27/KC3GameHack/Content/Stylized_Village/Assets/Architecture/Flagstone/_Textures/T_Flagstoneiles_N.uasset" 4473
"C:/VScodeFiles/GitHub/2026_team27/KC3GameHack/Content/Stylized_Village/Assets/Architecture/Flagstone/_Materials/MI_Flagstone_Wall_Tiles.uasset" 4474
"C:/VScodeFiles/GitHub/2026_team27/KC3GameHack/Content/Stylized_Village/Assets/Architecture/Flagstone/_Textures/T_Flagstone_Stairs_BC.uasset" 4475
"C:/VScodeFiles/GitHub/2026_team27/KC3GameHack/Content/Stylized_Village/Assets/Architecture/Flagstone/_Textures/T_Flagstoneiles_MRO.uasset" 4476
"C:/VScodeFiles/GitHub/2026_team27/KC3GameHack/Content/Stylized_Village/Assets/Architecture/Flagstone/Trims/SM_Flagstone_Tiles_Diamonds.uasset" 4477
"C:/VScodeFiles/GitHub/2026_team27/KC3GameHack/Content/Stylized_Village/Assets/Architecture/Flagstone/_Textures/T_Flagstone_Stairs_MRO.uasset" 4478
"C:/VScodeFiles/GitHub/2026_team27/KC3GameHack/Content/Stylized_Village/Assets/Architecture/Flagstone/_Textures/T_Flagstone_Stairs_N.uasset" 4479
"/Game/Stylized_Village/Assets/Architecture/Flagstone/Walls/SM_Flagstone_HalfXFull" 4480
"C:/VScodeFiles/GitHub/2026_team27/KC3GameHack/Content/Stylized_Village/Assets/Architecture/Flagstone/_Materials/MI_Flagstone_Wall_Stairs.uasset" 4481
"C:/VScodeFiles/GitHub/2026_team27/KC3GameHack/Content/Stylized_Village/Assets/Architecture/Flagstone/Structure/SM_FlagStone_Steps_Barrier_Half.uasset" 4482
"C:/VScodeFiles/GitHub/2026_team27/KC3GameHack/Content/Stylized_Village/Assets/Architecture/Flagstone/_Textures/T_Flagstone_Corners_MRO.uasset" 4483
"C:/VScodeFiles/GitHub/2026_team27/KC3GameHack/Content/Stylized_Village/Assets/Architecture/Flagstone/_Textures/T_Flagstone_Corners_BC.uasset" 4484
"C:/VScodeFiles/GitHub/2026_team27/KC3GameHack/Content/Stylized_Village/Assets/Architecture/Flagstone/_Textures/T_Flagstone_Corners_N.uasset" 4485
"C:/VScodeFiles/GitHub/2026_team27/KC3GameHack/Content/Stylized_Village/Assets/Architecture/Flagstone/Structure/SM_FlagStone_Corner.uasset" 4486
"C:/VScodeFiles/GitHub/2026_team27/KC3GameHack/Content/Stylized_Village/Assets/Architecture/Flagstone/_Materials/MI_Flagstone_Wall_Corners.uasset" 4487
"../../../../../../VScodeFiles/GitHub/2026_team27/KC3GameHack/Content/Stylized_Village/Assets/Architecture/Flagstone/_Materials/MIM_Flagstone.uasset" 4488
"../../../../../../VScodeFiles/GitHub/2026_team27/KC3GameHack/Content/Stylized_Village/Assets/Architecture/Flagstone/_Textures/T_Flagstone_Flabasecolor.uasset" 4489
"/Game/Stylized_Village/Assets/Architecture/Flagstone/_Materials/MI_Flagstone_Wall_Trims" 4490
"/Game/Stylized_Village/Assets/Architecture/Flagstone/Walls/SM_Flagstone_HalfXHalf" 4491
"/Game/Stylized_Village/Assets/Architecture/Flagstone/Trims/SM_FlagStone_TrimStraight_Half" 4492
"/Game/Stylized_Village/Assets/Architecture/Flagstone/Trims/SM_FlagStone_TrimThick_Half" 4493
"/Game/Stylized_Village/Assets/Architecture/Flagstone/Walls/SM_FlagStone_SupportBulwark" 4494
"../../../../../../VScodeFiles/GitHub/2026_team27/KC3GameHack/Content/Stylized_Village/Assets/Architecture/Flagstone/_Materials/MI_Flagstone_Wall_FullxFull.uasset" 4495
"../../../../../../VScodeFiles/GitHub/2026_team27/KC3GameHack/Content/Stylized_Village/Assets/Architecture/Flagstone/_Textures/T_Flagstone_FullXFull_BC.uasset" 4496
"../../../../../../VScodeFiles/GitHub/2026_team27/KC3GameHack/Content/Stylized_Village/Assets/Architecture/Flagstone/_Textures/T_Flagstone_FullXFull_MROH.uasset" 4497
"../../../../../../VScodeFiles/GitHub/2026_team27/KC3GameHack/Content/Stylized_Village/Assets/Architecture/Flagstone/_Textures/T_Flagstone_FullXFull_N.uasset" 4498
"/Game/Stylized_Village/Assets/Architecture/Plaster/SM_Plaster_Chimney_Crown" 4499
"/Game/Stylized_Village/Assets/Architecture/Plaster/SM_Plaster_Chimney_Thick" 4500
"/Game/Stylized_Village/Assets/Architecture/Plaster/SM_Plaster_FullXHalf" 4501
"/Game/Stylized_Village/Assets/Architecture/Flagstone/_Textures/T_Flagstoneiles_BC" 4502
"/Game/Stylized_Village/Assets/Architecture/Flagstone/Trims/SM_FlagStone_TrimStraight_Full" 4503
"C:/VScodeFiles/GitHub/2026_team27/KC3GameHack/Content/Stylized_Village/Assets/Architecture/Doors/SM_DoorFrame_01.uasset" 4504
"C:/VScodeFiles/GitHub/2026_team27/KC3GameHack/Content/Stylized_Village/Assets/Sky/Mesh/SM_SM_Cloud_Medium_03.uasset" 4505
"C:/VScodeFiles/GitHub/2026_team27/KC3GameHack/Content/Stylized_Village/Assets/Architecture/Doors/SM_Door_01.uasset" 4506
"C:/VScodeFiles/GitHub/2026_team27/KC3GameHack/Content/Stylized_Village/Assets/Architecture/Brick/Walls/SM_Brick_Wall_Corner_Half.uasset" 4507
"C:/VScodeFiles/GitHub/2026_team27/KC3GameHack/Content/Stylized_Village/Assets/Architecture/Brick/Walls/SM_Brick_Wall_HalfXHalf.uasset" 4508
"/Game/Stylized_Village/Assets/Architecture/Flagstone/Structure/SM_FlagStone_Corner" 4509
"C:/VScodeFiles/GitHub/2026_team27/KC3GameHack/Content/Stylized_Village/Assets/Architecture/Brick/Walls/SM_Brick_Wall_Corner_Full.uasset" 4510
"C:/VScodeFiles/GitHub/2026_team27/KC3GameHack/Content/Stylized_Village/Assets/Architecture/Brick/_Textures/T_Brick_Walls_Arch_Corner_BC.uasset" 4511
"C:/VScodeFiles/GitHub/2026_team27/KC3GameHack/Content/Stylized_Village/Assets/Architecture/Brick/_Textures/T_Brick_Walls_Arch_Corner_MROH.uasset" 4512
"C:/VScodeFiles/GitHub/2026_team27/KC3GameHack/Content/Stylized_Village/Assets/Architecture/Brick/Materials/MI_Brick_Arches.uasset" 4513
"C:/VScodeFiles/GitHub/2026_team27/KC3GameHack/Content/Stylized_Village/Assets/Architecture/Brick/_Textures/T_Brick_Walls_Arch_Corner_N.uasset" 4514
"C:/VScodeFiles/GitHub/2026_team27/KC3GameHack/Content/Stylized_Village/Assets/Architecture/Brick/Walls/SM_Brick_Wall_Arch_Full.uasset" 4515
"C:/VScodeFiles/GitHub/2026_team27/KC3GameHack/Content/Stylized_Village/Assets/Architecture/Brick/Trims/SM_Brick_Trim_Stacked_Half.uasset" 4516
"C:/VScodeFiles/GitHub/2026_team27/KC3GameHack/Content/Stylized_Village/Assets/Architecture/Brick/Walls/SM_Brick_Wall_Arch_1.uasset" 4517
"C:/VScodeFiles/GitHub/2026_team27/KC3GameHack/Content/Stylized_Village/Assets/Architecture/Brick/Trims/SM_Brick_Trim_Stacked_Full.uasset" 4518
"C:/VScodeFiles/GitHub/2026_team27/KC3GameHack/Content/Stylized_Village/Assets/Architecture/Brick/Trims/SM_Brick_Trim_Stacked_Arch_1.uasset" 4519
"C:/VScodeFiles/GitHub/2026_team27/KC3GameHack/Content/Stylized_Village/Assets/Architecture/Brick/Trims/SM_Brick_Trim_Scattered_Full.uasset" 4520
"C:/VScodeFiles/GitHub/2026_team27/KC3GameHack/Content/Stylized_Village/Assets/Architecture/Brick/_Textures/T_Brickrim_Solid_BC.uasset" 4521
"C:/VScodeFiles/GitHub/2026_team27/KC3GameHack/Content/Stylized_Village/Assets/Architecture/Brick/Trims/SM_Brick_Trim_Line_Full_02.uasset" 4522
"/Game/Stylized_Village/Assets/Architecture/Flagstone/Structure/SM_FlagStone_Steps_Barrier_Half" 4523
"/Game/Stylized_Village/Assets/Architecture/Flagstone/Trims/SM_Flagstone_Tiles_Diamonds" 4524
"/Game/Stylized_Village/Assets/Sky/Mesh/SM_SM_Cloud_Medium_03" 4525
"/Game/Stylized_Village/Assets/Architecture/Doors/SM_DoorFrame_01" 4526
"C:/VScodeFiles/GitHub/2026_team27/KC3GameHack/Content/Stylized_Village/Assets/Architecture/Brick/Materials/MI_Brick_Trims_Solid.uasset" 4527
"C:/VScodeFiles/GitHub/2026_team27/KC3GameHack/Content/Stylized_Village/Assets/Architecture/Brick/_Textures/T_Brickrim_Solid_N.uasset" 4528
"C:/VScodeFiles/GitHub/2026_team27/KC3GameHack/Content/Stylized_Village/Assets/Architecture/Brick/_Textures/T_Brickrim_Solid_MROH.uasset" 4529
"C:/VScodeFiles/GitHub/2026_team27/KC3GameHack/Content/Stylized_Village/Assets/Props/Lanterns/SM_Lantern_Box.uasset" 4530
"C:/VScodeFiles/GitHub/2026_team27/KC3GameHack/Content/Stylized_Village/Assets/Architecture/Brick/Curved/SM_Brick_Horizontal_Lay_Half_30.uasset" 4531
"/Game/Stylized_Village/Assets/Architecture/Brick/_Textures/T_Brick_Walls_Arch_Corner_N" 4532
"C:/VScodeFiles/GitHub/2026_team27/KC3GameHack/Content/Stylized_Village/Assets/BP_Assets/BP_Lantern_Box.uasset" 4533
"C:/VScodeFiles/GitHub/2026_team27/KC3GameHack/Content/Stylized_Village/Assets/Props/Lanterns/SM_Lantern_Can.uasset" 4534
"C:/VScodeFiles/GitHub/2026_team27/KC3GameHack/Content/Stylized_Village/Assets/Props/Lanterns/Materials/MI_Lanterns_Off.uasset" 4535
"C:/VScodeFiles/GitHub/2026_team27/KC3GameHack/Content/Stylized_Village/Assets/BP_Assets/BP_Lantern_Can.uasset" 4536
"C:/VScodeFiles/GitHub/2026_team27/KC3GameHack/Content/Stylized_Village/Assets/Architecture/Wood/Pieces/SM_Log_Medium.uasset" 4537
"C:/VScodeFiles/GitHub/2026_team27/KC3GameHack/Content/Stylized_Village/Assets/Architecture/Wood/Pieces/SM_Beam_Medium_2.uasset" 4538
"C:/VScodeFiles/GitHub/2026_team27/KC3GameHack/Content/Stylized_Village/Assets/Architecture/Wood/Curved/SM_Wood_Wall_HorizontalSlats_Half_45.uasset" 4539
"/Game/Stylized_Village/Assets/Architecture/Brick/_Textures/T_Brick_Walls_Arch_Corner_MROH" 4540
"C:/VScodeFiles/GitHub/2026_team27/KC3GameHack/Content/Stylized_Village/Assets/BP_Assets/BP_WaterMill.uasset" 4541
"C:/VScodeFiles/GitHub/2026_team27/KC3GameHack/Content/Stylized_Village/Assets/Architecture/Wood/Curved/SM_Beam_Large_1_45.uasset" 4542
"C:/VScodeFiles/GitHub/2026_team27/KC3GameHack/Content/Stylized_Village/Assets/Props/Tarps/_Textures/T_Tarps_01_BC.uasset" 4543
"C:/VScodeFiles/GitHub/2026_team27/KC3GameHack/Content/Stylized_Village/Assets/Props/Tarps/_Textures/T_Tarps_01_MRO.uasset" 4544
"/Game/Stylized_Village/Assets/Architecture/Brick/_Textures/T_Brick_Walls_Arch_Corner_BC" 4545
"/Game/Stylized_Village/Assets/Architecture/Brick/_Textures/T_Brickrim_Solid_BC" 4546
"/Game/Stylized_Village/Assets/Architecture/Brick/Trims/SM_Brick_Trim_Line_Full_02" 4547
"/Game/Stylized_Village/Assets/Architecture/Brick/Walls/SM_Brick_Wall_Corner_Full" 4548
"/Game/Stylized_Village/Assets/Architecture/Brick/Walls/SM_Brick_Wall_Corner_Half" 4549
"/Game/Stylized_Village/Assets/Architecture/Brick/Walls/SM_Brick_Wall_HalfXHalf" 4550
"../../../../../../VScodeFiles/GitHub/2026_team27/KC3GameHack/Content/Stylized_Village/Assets/Architecture/Brick/Materials/MI_Brick_Walls.uasset" 4551
"../../../../../../VScodeFiles/GitHub/2026_team27/KC3GameHack/Content/Stylized_Village/Assets/Architecture/Brick/_Textures/T_Brick_Walls_Full_BC.uasset" 4552
"../../../../../../VScodeFiles/GitHub/2026_team27/KC3GameHack/Content/Stylized_Village/Assets/Architecture/Brick/_Textures/T_Brick_Walls_Full_MROH.uasset" 4553
"../../../../../../VScodeFiles/GitHub/2026_team27/KC3GameHack/Content/Stylized_Village/Assets/Architecture/Brick/_Textures/T_Brick_Walls_Full_N.uasset" 4554
"/Game/Stylized_Village/Assets/Architecture/Doors/SM_Door_01" 4555
"/Game/Stylized_Village/Assets/Architecture/Brick/Trims/SM_Brick_Trim_Scattered_Full" 4556
"/Game/Stylized_Village/Assets/Architecture/Brick/Trims/SM_Brick_Trim_Stacked_Full" 4557
"/Game/Stylized_Village/Assets/Architecture/Brick/Trims/SM_Brick_Trim_Stacked_Half" 4558
"/Game/Stylized_Village/Assets/Architecture/Brick/Walls/SM_Brick_Wall_Arch_1" 4559
"/Game/Stylized_Village/Assets/Architecture/Brick/Walls/SM_Brick_Wall_Arch_Full" 4560
"C:/VScodeFiles/GitHub/2026_team27/KC3GameHack/Content/Stylized_Village/Assets/Props/Tarps/_Textures/T_Tarps_01_N.uasset" 4561
"C:/VScodeFiles/GitHub/2026_team27/KC3GameHack/Content/Stylized_Village/Assets/Props/Tarps/_Materials/MI_Tarps_02.uasset" 4562
"C:/VScodeFiles/GitHub/2026_team27/KC3GameHack/Content/Stylized_Village/Assets/BP_Assets/BP_WindMill.uasset" 4563
"C:/VScodeFiles/GitHub/2026_team27/KC3GameHack/Content/Stylized_Village/Assets/Props/Tarps/SM_Windmill_Sail_01.uasset" 4564
"C:/VScodeFiles/GitHub/2026_team27/KC3GameHack/Content/Stylized_Village/Particles/FallingLeaves/M_Leaf.uasset" 4565
"C:/VScodeFiles/GitHub/2026_team27/KC3GameHack/Content/Stylized_Village/Particles/Fly/T_Fly_D.uasset" 4566
"C:/VScodeFiles/GitHub/2026_team27/KC3GameHack/Content/Stylized_Village/Particles/FallingLeaves/SM_LeafParticle_03.uasset" 4567
"C:/VScodeFiles/GitHub/2026_team27/KC3GameHack/Content/Stylized_Village/Particles/FallingLeaves/P_Leaf_01.uasset" 4568
"C:/VScodeFiles/GitHub/2026_team27/KC3GameHack/Content/Stylized_Village/Particles/Fly/M_Fly.uasset" 4569
"C:/VScodeFiles/GitHub/2026_team27/KC3GameHack/Content/Stylized_Village/Particles/Fly/P_Blow.uasset" 4570
"C:/VScodeFiles/GitHub/2026_team27/KC3GameHack/Content/Stylized_Village/Particles/Foam/P_Foam_Heavy.uasset" 4571
"C:/VScodeFiles/GitHub/2026_team27/KC3GameHack/Content/Stylized_Village/MasterMaterials/Texture/T_Grunge/T_Grunge_03a.uasset" 4572
"C:/VScodeFiles/GitHub/2026_team27/KC3GameHack/Content/Stylized_Village/Particles/Foam/Mesh/SM_SM_Waterfall_Bottom_Foam.uasset" 4573
"/Game/Stylized_Village/Assets/Props/Tarps/_Textures/T_Tarps_01_MRO" 4574
"C:/VScodeFiles/GitHub/2026_team27/KC3GameHack/Content/Stylized_Village/Particles/Foam/Material/MM_Waterfall.uasset" 4575
"C:/VScodeFiles/GitHub/2026_team27/KC3GameHack/Content/Stylized_Village/Particles/Foam/Material/MI_Foam_Particle_Heavy.uasset" 4576
"C:/VScodeFiles/GitHub/2026_team27/KC3GameHack/Content/Stylized_Village/Particles/Foam/Material/MI_Foam_Particle_Light.uasset" 4577
"C:/VScodeFiles/GitHub/2026_team27/KC3GameHack/Content/Stylized_Village/Particles/Foam/P_Foam_Light.uasset" 4578
"C:/VScodeFiles/GitHub/2026_team27/KC3GameHack/Content/Stylized_Village/Particles/Wind/Material/MM_Wind.uasset" 4579
"/Game/Stylized_Village/Assets/Props/Tarps/_Textures/T_Tarps_01_BC" 4580
"/Game/Stylized_Village/Assets/Architecture/Wood/Curved/SM_Beam_Large_1_45" 4581
"/Game/Stylized_Village/Assets/Architecture/Wood/Curved/SM_Wood_Wall_HorizontalSlats_Half_45" 4582
"/Game/Stylized_Village/Assets/Architecture/Wood/Pieces/SM_Beam_Medium_2" 4583
"/Game/Stylized_Village/Assets/Architecture/Wood/Pieces/SM_Log_Medium" 4584
"/Game/Stylized_Village/Assets/Architecture/Brick/Trims/SM_Brick_Trim_Stacked_Arch_1" 4585
"/Game/Stylized_Village/Assets/BP_Assets/BP_WindMill" 4586
"/Game/Stylized_Village/Assets/BP_Assets/BP_Lantern_Can" 4587
"/Game/Stylized_Village/Assets/BP_Assets/BP_Lantern_Box" 4588
"/Game/Stylized_Village/Assets/Architecture/Brick/Curved/SM_Brick_Horizontal_Lay_Half_30" 4589
"/Game/Stylized_Village/Particles/FallingLeaves/M_Leaf" 4590
"/Game/Stylized_Village/Particles/Fly/T_Fly_D" 4591
"/Game/Stylized_Village/MasterMaterials/Texture/T_Grunge/T_Grunge_03a" 4592
"../../../Engine/Content/EngineMaterials/OrientParticle.uasset" 4593
"C:/VScodeFiles/GitHub/2026_team27/KC3GameHack/Content/Stylized_Village/Particles/Wind/P_Wind.uasset" 4594
"../../../Engine/Content/EngineMaterials/DefaultParticle.uasset" 4595
"../../../Engine/Content/MobileResources/HUD/VirtualJoystick_Background.uasset" 4596
"C:/VScodeFiles/GitHub/2026_team27/KC3GameHack/Content/Variant_Platforming/Input/Actions/IA_Dash.uasset" 4597
"C:/VScodeFiles/GitHub/2026_team27/KC3GameHack/Content/Variant_Combat/Input/IMC_Combat.uasset" 4598
"/Game/Stylized_Village/Assets/BP_Assets/BP_WaterMill" 4599
"C:/VScodeFiles/GitHub/2026_team27/KC3GameHack/Content/Input/Touch/UI_Thumbstick.uasset" 4600
"C:/VScodeFiles/GitHub/2026_team27/KC3GameHack/Content/Variant_Combat/Input/UI_TouchInterface_Combat.uasset" 4601
"../../../Engine/Content/MobileResources/HUD/VirtualJoystick_Thumb.uasset" 4602
"C:/VScodeFiles/GitHub/2026_team27/KC3GameHack/Content/Input/IMC_MouseLook.uasset" 4603
"C:/VScodeFiles/GitHub/2026_team27/KC3GameHack/Content/Variant_Combat/Blueprints/BP_CombatPlayerController.uasset" 4604
"C:/VScodeFiles/GitHub/2026_team27/KC3GameHack/Content/Variant_Combat/Blueprints/AOE/BP_AOE_OverTime_Base.uasset" 4605
"C:/VScodeFiles/GitHub/2026_team27/KC3GameHack/Content/Variant_Combat/Blueprints/UI/WB_GameOver.uasset" 4606
"C:/VScodeFiles/GitHub/2026_team27/KC3GameHack/Content/Variant_Combat/Blueprints/PlayerParam/E_EffectType.uasset" 4607
"C:/VScodeFiles/GitHub/2026_team27/KC3GameHack/Content/Variant_Combat/Blueprints/UI/WB_GetKey.uasset" 4608
"C:/VScodeFiles/GitHub/2026_team27/KC3GameHack/Content/Variant_Combat/Blueprints/BP_CameraShake_Hit_Enemy.uasset" 4609
"C:/VScodeFiles/GitHub/2026_team27/KC3GameHack/Content/Variant_Combat/Blueprints/PlayerParam/S_WordObjectEffect.uasset" 4610
"C:/VScodeFiles/GitHub/2026_team27/KC3GameHack/Content/UI/I_Esc.uasset" 4611
"C:/VScodeFiles/GitHub/2026_team27/KC3GameHack/Content/UI/kanban.uasset" 4612
"C:/VScodeFiles/GitHub/2026_team27/KC3GameHack/Content/UI/I_Return.uasset" 4613
"/Game/Stylized_Village/Particles/FallingLeaves/SM_LeafParticle_03" 4614
"/Game/Stylized_Village/Particles/FallingLeaves/P_Leaf_01" 4615
"../../../../../../VScodeFiles/GitHub/2026_team27/KC3GameHack/Content/Stylized_Village/Particles/FallingLeaves/SM_LeafParticle_03.uasset" 4616
"/Game/Stylized_Village/Particles/Fly/M_Fly" 4617
"/Game/Stylized_Village/Particles/Fly/P_Blow" 4618
"/Game/Stylized_Village/Particles/Foam/P_Foam_Heavy" 4619
"../../../../../../VScodeFiles/GitHub/2026_team27/KC3GameHack/Content/Stylized_Village/Particles/Foam/Mesh/SM_SM_Waterfall_Bottom_Foam.uasset" 4620
"/Game/Stylized_Village/Particles/Foam/Material/MI_Foam_Particle_Light" 4621
"/Game/Stylized_Village/Particles/Foam/P_Foam_Light" 4622
"/Game/Stylized_Village/Particles/Wind/Material/MM_Wind" 4623
"../../../Engine/Content/Functions/Engine_MaterialFunctions01/Density/ExponentialDensity.uasset" 4624
"../../../Engine/Content/Functions/Engine_MaterialFunctions01/Gradient/RadialGradientExponential.uasset" 4625
"C:/VScodeFiles/GitHub/2026_team27/KC3GameHack/Content/UI/teep.uasset" 4626
"C:/VScodeFiles/GitHub/2026_team27/KC3GameHack/Content/UI/WBP_Esc.uasset" 4627
"C:/VScodeFiles/GitHub/2026_team27/KC3GameHack/Content/Variant_Combat/Blueprints/BP_CameraShake_Hit_Player.uasset" 4628
"C:/VScodeFiles/GitHub/2026_team27/KC3GameHack/Content/Variant_Combat/Input/Actions/IA_OpenPause.uasset" 4629
"C:/VScodeFiles/GitHub/2026_team27/KC3GameHack/Content/Variant_Combat/Input/Actions/IA_ComboAttack.uasset" 4630
"C:/VScodeFiles/GitHub/2026_team27/KC3GameHack/Content/Variant_Combat/Input/Actions/IA_ChargedAttack.uasset" 4631
"C:/VScodeFiles/GitHub/2026_team27/KC3GameHack/Content/CR/LQ/AMT_Materials/MI_002_6.uasset" 4632
"C:/VScodeFiles/GitHub/2026_team27/KC3GameHack/Content/CR/LQ/AMT_Materials/MI_003_4.uasset" 4633
"C:/VScodeFiles/GitHub/2026_team27/KC3GameHack/Content/Variant_Combat/Input/BPI_TouchInterface_Combat.uasset" 4634
"/Game/UI/kanban" 4635
"C:/VScodeFiles/GitHub/2026_team27/KC3GameHack/Content/CR/LQ/AMT_Materials/MI_002_2.uasset" 4636
"C:/VScodeFiles/GitHub/2026_team27/KC3GameHack/Content/CR/LQ/AMT_Materials/MI_008_13.uasset" 4637
"C:/VScodeFiles/GitHub/2026_team27/KC3GameHack/Content/CR/LQ/AMT_Materials/MI_008_11.uasset" 4638
"/Game/UI/I_Return" 4639
"/Game/UI/I_Esc" 4640
"/Game/Variant_Combat/Blueprints/BP_CameraShake_Hit_Enemy" 4641
"/Game/Variant_Combat/Blueprints/UI/WB_GetKey" 4642
"../../../../../../VScodeFiles/GitHub/2026_team27/KC3GameHack/Content/Stylized_Village/Assets/Props/Lanterns/SM_Lantern_Holder.uasset" 4643
"/Game/Variant_Combat/Blueprints/PlayerParam/S_WordObjectEffect" 4644
"/Game/Variant_Combat/Blueprints/AOE/BP_AOE_OverTime_Base" 4645
"/Game/Variant_Combat/Blueprints/UI/WB_GameOver" 4646
"/Game/Input/IMC_MouseLook" 4647
"../../../../../../VScodeFiles/GitHub/2026_team27/KC3GameHack/Content/Input/Actions/IA_MouseLook.uasset" 4648
"/Engine/MobileResources/HUD/VirtualJoystick_Thumb" 4649
"/Game/Input/Touch/UI_Thumbstick" 4650
"/Game/Variant_Platforming/Input/Actions/IA_Dash" 4651
"/Game/Stylized_Village/Particles/Wind/P_Wind" 4652
"/Game/Variant_Combat/Input/Actions/IA_ChargedAttack" 4653
"../../../../../../VScodeFiles/GitHub/2026_team27/KC3GameHack/Content/Stylized_Village/Assets/Props/Lanterns/SM_Chain_Link.uasset" 4654
"../../../../../../VScodeFiles/GitHub/2026_team27/KC3GameHack/Content/Stylized_Village/Assets/Props/Furniture/SM_SM_Barrel_01.uasset" 4655
"../../../../../../VScodeFiles/GitHub/2026_team27/KC3GameHack/Content/Stylized_Village/Assets/Props/Furniture/SM_Shelf_02.uasset" 4656
"../../../../../../VScodeFiles/GitHub/2026_team27/KC3GameHack/Content/Stylized_Village/Assets/Props/Furniture/SM_Shelf_01.uasset" 4657
"../../../../../../VScodeFiles/GitHub/2026_team27/KC3GameHack/Content/Stylized_Village/Assets/Props/Furniture/SM_Ladder_01.uasset" 4658
"/Game/Variant_Combat/Blueprints/BP_CameraShake_Hit_Player" 4659
"/Game/Variant_Combat/Input/Actions/IA_OpenPause" 4660
"/Game/UI/WBP_Esc" 4661
"../../../../../../VScodeFiles/GitHub/2026_team27/KC3GameHack/Content/UI/WBP_Title.uasset" 4662
"../../../../../../VScodeFiles/GitHub/2026_team27/KC3GameHack/Content/UI/back.uasset" 4663
"C:/VScodeFiles/GitHub/2026_team27/KC3GameHack/Content/CR/LQ/AMT_Materials/MI_001_10.uasset" 4664
"C:/VScodeFiles/GitHub/2026_team27/KC3GameHack/Content/CR/LQ/CharacterModular/Modular_005_MilitaryA10/Mesh/SKM_MilitaryA10_1.uasset" 4665
"C:/VScodeFiles/GitHub/2026_team27/KC3GameHack/Content/VFX/MegaMagicVFXBundle/VFX/MagicShieldsVFX/Essentials/Materials/M_AquaShield.uasset" 4666
"C:/VScodeFiles/GitHub/2026_team27/KC3GameHack/Content/VFX/MegaMagicVFXBundle/VFX/MagicShieldsVFX/VFX/DefaultVersions/AquaShield/Materials/MI_AquaShield.uasset" 4667
"C:/VScodeFiles/GitHub/2026_team27/KC3GameHack/Content/VFX/MegaMagicVFXBundle/VFX/MagicShieldsVFX/Essentials/Materials/M_Bubbles.uasset" 4668
"C:/VScodeFiles/GitHub/2026_team27/KC3GameHack/Content/VFX/MegaMagicVFXBundle/VFX/MagicShieldsVFX/VFX/DefaultVersions/AquaShield/Materials/MI_AquaShieldBubbles.uasset" 4669
"C:/VScodeFiles/GitHub/2026_team27/KC3GameHack/Content/VFX/MegaMagicVFXBundle/VFX/MagicShieldsVFX/Essentials/Materials/M_LightningShield.uasset" 4670
"C:/VScodeFiles/GitHub/2026_team27/KC3GameHack/Content/VFX/MegaMagicVFXBundle/VFX/MagicShieldsVFX/Essentials/Mesh/SM_ShieldSphere.uasset" 4671
"C:/VScodeFiles/GitHub/2026_team27/KC3GameHack/Content/VFX/MegaMagicVFXBundle/VFX/MagicShieldsVFX/VFX/DefaultVersions/AquaShield/Systems/N_AquaShield.uasset" 4672
"C:/VScodeFiles/GitHub/2026_team27/KC3GameHack/Content/Input/Actions/IA_Look.uasset" 4673
"C:/VScodeFiles/GitHub/2026_team27/KC3GameHack/Content/Input/Actions/IA_Move.uasset" 4674
"C:/VScodeFiles/GitHub/2026_team27/KC3GameHack/Content/Input/Actions/IA_Jump.uasset" 4675
"C:/VScodeFiles/GitHub/2026_team27/KC3GameHack/Content/VFX/Self/Bounce/Texture/T_Ripple_N.uasset" 4676
"C:/VScodeFiles/GitHub/2026_team27/KC3GameHack/Content/VFX/Self/Flash/M_Flash_Word.uasset" 4677
"C:/VScodeFiles/GitHub/2026_team27/KC3GameHack/Content/VFX/Self/Bounce/M_Bounce_Word.uasset" 4678
"C:/VScodeFiles/GitHub/2026_team27/KC3GameHack/Content/VFX/Self/Bounce/subM/M_Ripple.uasset" 4679
"../../../Engine/Plugins/FX/Niagara/Content/Functions/DeriveThirdOrthogonalVector.uasset" 4680
"../../../Engine/Plugins/FX/Niagara/Content/Modules/Spawn/Location/RotateAroundPoint.uasset" 4681
"C:/VScodeFiles/GitHub/2026_team27/KC3GameHack/Content/VFX/Self/Bounce/NS_Bounce_Word.uasset" 4682
"../../../Engine/Plugins/FX/Niagara/Content/Modules/Update/Camera/CameraOffset.uasset" 4683
"C:/VScodeFiles/GitHub/2026_team27/KC3GameHack/Content/VFX/Self/Fire/M_Heat_Word.uasset" 4684
"C:/VScodeFiles/GitHub/2026_team27/KC3GameHack/Content/VFX/MegaMagicVFXBundle/VFX/MagicShieldsVFX/Essentials/Textures/T_Caustics.uasset" 4685
"/Game/CR/LQ/AMT_Materials/MI_002_2" 4686
"/Game/CR/LQ/AMT_Materials/MI_008_11" 4687
"/Game/CR/LQ/AMT_Materials/MI_008_13" 4688
"/Game/CR/LQ/AMT_Materials/MI_003_4" 4689
"/Game/CR/LQ/AMT_Materials/MI_002_6" 4690
"/Game/Variant_Combat/Input/UI_TouchInterface_Combat" 4691
"/Game/Variant_Combat/Input/Actions/IA_ComboAttack" 4692
"/Game/VFX/MegaMagicVFXBundle/VFX/MagicShieldsVFX/Essentials/Materials/M_Bubbles" 4693
"/Game/CR/LQ/CharacterModular/Modular_005_MilitaryA10/Mesh/SKM_MilitaryA10_1" 4694
"../../../../../../VScodeFiles/GitHub/2026_team27/KC3GameHack/Content/CR/LQ/CharacterModular/Modular_005_MilitaryA10/Mesh/SKM_MilitaryA10_1.uasset" 4695
"C:/VScodeFiles/GitHub/2026_team27/KC3GameHack/Content/VFX/MegaMagicVFXBundle/VFX/MagicalExplosionsVFX/Essentials/Textures/T_TilingNoise.uasset" 4696
"C:/VScodeFiles/GitHub/2026_team27/KC3GameHack/Content/VFX/MegaMagicVFXBundle/VFX/MagicAuraVFX/VFX/LightningField/Materials/MI_LightningFieldGlowBeams.uasset" 4697
"C:/VScodeFiles/GitHub/2026_team27/KC3GameHack/Content/VFX/Self/Electric/Parent/M_Electric.uasset" 4698
"C:/VScodeFiles/GitHub/2026_team27/KC3GameHack/Content/VFX/MegaMagicVFXBundle/VFX/MagicalExplosionsVFX/Essentials/Textures/T_Cracks.uasset" 4699
"C:/VScodeFiles/GitHub/2026_team27/KC3GameHack/Content/VFX/MegaMagicVFXBundle/VFX/MagicAuraVFX/VFX/LightningField/Materials/MI_LightningFieldImpactSparkles.uasset" 4700
"C:/VScodeFiles/GitHub/2026_team27/KC3GameHack/Content/VFX/MegaMagicVFXBundle/VFX/MagicalExplosionsVFX/Essentials/Materials/MF_MotionMaterial.uasset" 4701
"C:/VScodeFiles/GitHub/2026_team27/KC3GameHack/Content/VFX/MegaMagicVFXBundle/VFX/MagicAuraVFX/VFX/LightningField/Materials/MI_LightningFieldImpactGlow.uasset" 4702
"C:/VScodeFiles/GitHub/2026_team27/KC3GameHack/Content/VFX/Self/Electric/M_Electric_Word.uasset" 4703
"/Game/VFX/MegaMagicVFXBundle/VFX/MagicShieldsVFX/Essentials/Textures/T_Caustics" 4704
"C:/VScodeFiles/GitHub/2026_team27/KC3GameHack/Content/VFX/MegaMagicVFXBundle/VFX/MagicalExplosionsVFX/Essentials/Materials/M_Lightning.uasset" 4705
"C:/VScodeFiles/GitHub/2026_team27/KC3GameHack/Content/VFX/MegaMagicVFXBundle/VFX/MagicAuraVFX/Essentials/Materials/M_Ribbon.uasset" 4706
"C:/VScodeFiles/GitHub/2026_team27/KC3GameHack/Content/VFX/MegaMagicVFXBundle/VFX/MagicAuraVFX/VFX/LightningField/Materials/MI_LightningFieldMain.uasset" 4707
"/Game/VFX/Self/Bounce/NS_Bounce_Word" 4708
"../../Plugins/FX/Niagara/Content/Modules/Spawn/Location/V2/ShapeLocation.uasset" 4709
"../../Plugins/FX/Niagara/Content/Modules/Update/Color/ScaleColor.uasset" 4710
"../../Plugins/FX/Niagara/Content/Modules/Update/Renderers/Sprite/SpriteFacingAndAlignment.uasset" 4711
"../../Plugins/FX/Niagara/Content/Enums/ENiagara_AttributeSamplingApplyOutput.uasset" 4712
"../../Plugins/FX/Niagara/Content/Enums/ENiagaraScaleColorMode.uasset" 4713
"../../Plugins/FX/Niagara/Content/Enums/ENiagaraShapeTorusMode.uasset" 4714
"../../Plugins/FX/Niagara/Content/Enums/ENiagaraTorusDistributionMode.uasset" 4715
"../../Plugins/FX/Niagara/Content/Enums/Location/ENiagara_BoxPlaneMode.uasset" 4716
"../../Plugins/FX/Niagara/Content/Enums/Location/ENiagara_ConeMode.uasset" 4717
"../../Plugins/FX/Niagara/Content/Enums/Location/ENiagara_CylinderMode.uasset" 4718
"../../Plugins/FX/Niagara/Content/Enums/Location/ENiagara_LocationShapes.uasset" 4719
"../../Plugins/FX/Niagara/Content/Enums/Location/ENiagaraRingDiscMode.uasset" 4720
"../../Plugins/FX/Niagara/Content/Enums/Transforms/ENiagara_OffsetMode.uasset" 4721
"../../Plugins/FX/Niagara/Content/Enums/Transforms/ENiagara_ScaleMode.uasset" 4722
"../../Plugins/FX/Niagara/Content/Enums/Transforms/ENiagara_TransformOrder.uasset" 4723
"../../Plugins/FX/Niagara/Content/Enums/Transforms/ENiagara_TransformType.uasset" 4724
"../../Plugins/FX/Niagara/Content/Functions/Localspace/TransformPosition.uasset" 4725
"../../Plugins/FX/Niagara/Content/Functions/NormalizedExecutionIndex.uasset" 4726
"../../Plugins/FX/Niagara/Content/Functions/ParametricTorus.uasset" 4727
"../../Plugins/FX/Niagara/Content/Functions/ParametricTorusKnot.uasset" 4728
"../../Plugins/FX/Niagara/Content/Functions/PolarToCartesianCoordinates.uasset" 4729
"../../Plugins/FX/Niagara/Content/Functions/RandomPointInBox.uasset" 4730
"../../Plugins/FX/Niagara/Content/Functions/Rotation/RotateVector2D.uasset" 4731
"../../Plugins/FX/Niagara/Content/Functions/V2/RemapRange.uasset" 4732
"../../Plugins/FX/Niagara/Content/Functions/IsolateLongestVectorComponent.uasset" 4733
"/Game/VFX/Self/Bounce/M_Bounce_Word" 4734
"/Game/VFX/Self/Flash/M_Flash_Word" 4735
"/Game/Input/Actions/IA_Jump" 4736
"/Game/Input/Actions/IA_Move" 4737
"/Game/Input/Actions/IA_Look" 4738
"/Game/Variant_Combat/Blueprints/BP_CombatPlayerController" 4739
"../../../../../../VScodeFiles/GitHub/2026_team27/KC3GameHack/Content/Variant_Combat/Blueprints/BP_CombatCharacter.uasset" 4740
"../../../../../../VScodeFiles/GitHub/2026_team27/KC3GameHack/Content/VFX/Self/Frozen/M_Frozen.uasset" 4741
"../../../../../../VScodeFiles/GitHub/2026_team27/KC3GameHack/Content/VFX/Self/Electric/M_Electric_Word.uasset" 4742
"../../../../../../VScodeFiles/GitHub/2026_team27/KC3GameHack/Content/VFX/Self/Electric/NS_Electric_Word.uasset" 4743
"../../../../../../VScodeFiles/GitHub/2026_team27/KC3GameHack/Content/VFX/Self/Frozen/NS_Cold_Word.uasset" 4744
"../../../Engine/Content/Functions/Engine_MaterialFunctions03/Procedurals/NormalFromHeightmap.uasset" 4745
"../../../../../../VScodeFiles/GitHub/2026_team27/KC3GameHack/Content/Stylized_Village/Assets/VFX/Water/Texture/T_Ice_M.uasset" 4746
"../../../../../../VScodeFiles/GitHub/2026_team27/KC3GameHack/Content/VFX/MegaMagicVFXBundle/VFX/MagicalExplosionsVFX/Essentials/Textures/T_Noise.uasset" 4747
"../../../../../../VScodeFiles/GitHub/2026_team27/KC3GameHack/Content/VFX/MegaMagicVFXBundle/VFX/MagicShieldsVFX/Essentials/Textures/T_Caustics2.uasset" 4748
"../../../../../../VScodeFiles/GitHub/2026_team27/KC3GameHack/Content/VFX/Self/Electric/Parent/M_Electric.uasset" 4749
"../../../../../../VScodeFiles/GitHub/2026_team27/KC3GameHack/Content/VFX/MegaMagicVFXBundle/VFX/MagicalExplosionsVFX/Essentials/Textures/T_Cracks.uasset" 4750
"../../Plugins/FX/Niagara/Content/DynamicInputs/TypeConversions/MakeVectorFromLinearColorRGB.uasset" 4751
"../../Plugins/FX/Niagara/Content/Modules/Update/Forces/V2/CurlNoiseForce.uasset" 4752
"../../Plugins/FX/Niagara/Content/Enums/ENiagaraCurlNoiseQuality.uasset" 4753
"../../Plugins/FX/Niagara/Content/VectorFields/Assets/TilingCurl32.uasset" 4754
"../../../../../../VScodeFiles/GitHub/2026_team27/KC3GameHack/Content/VFX/MegaMagicVFXBundle/VFX/MagicAuraVFX/VFX/LightningField/Materials/MI_LightningFieldGlowBeams.uasset" 4755
"../../../../../../VScodeFiles/GitHub/2026_team27/KC3GameHack/Content/VFX/MegaMagicVFXBundle/VFX/MagicAuraVFX/VFX/LightningField/Materials/MI_LightningFieldImpactGlow.uasset" 4756
"../../../../../../VScodeFiles/GitHub/2026_team27/KC3GameHack/Content/VFX/MegaMagicVFXBundle/VFX/MagicAuraVFX/VFX/LightningField/Materials/MI_LightningFieldImpactSparkles.uasset" 4757
"../../../../../../VScodeFiles/GitHub/2026_team27/KC3GameHack/Content/VFX/MegaMagicVFXBundle/VFX/MagicAuraVFX/VFX/LightningField/Materials/MI_LightningFieldMain.uasset" 4758
"../../../../../../VScodeFiles/GitHub/2026_team27/KC3GameHack/Content/VFX/MegaMagicVFXBundle/VFX/MagicAuraVFX/VFX/LightningField/Materials/MI_LightningFieldRibbons.uasset" 4759
"../../../../../../VScodeFiles/GitHub/2026_team27/KC3GameHack/Content/VFX/MegaMagicVFXBundle/VFX/MagicAuraVFX/VFX/LightningField/Materials/MI_LightningFieldSparkles.uasset" 4760
"../../Plugins/FX/Niagara/Content/Modules/AttributeReader/SampleParticlesFromOtherEmitter.uasset" 4761
"../../Plugins/FX/Niagara/Content/Modules/AttributeReader/SpawnParticlesFromOtherEmitter.uasset" 4762
"../../Plugins/FX/Niagara/Content/Modules/Collision/Collision.uasset" 4763
"../../Plugins/FX/Niagara/Content/Modules/Events/GenerateCollisionEvent.uasset" 4764
"../../Plugins/FX/Niagara/Content/Modules/Events/ReceiveCollisionEvent.uasset" 4765
"../../Plugins/FX/Niagara/Content/Modules/Update/Orientation/AlignSpriteToMeshOrientation.uasset" 4766
"../../Plugins/FX/Niagara/Content/Modules/Update/Position/JitterPosition.uasset" 4767
"../../Plugins/FX/Niagara/Content/Modules/Update/Velocity/VortexVelocity.uasset" 4768
"../../Plugins/FX/Niagara/Content/Enums/ENiagara_CPUCollisionType.uasset" 4769
"../../Plugins/FX/Niagara/Content/Enums/ENiagara_DirectReadApplicationMode.uasset" 4770
"../../Plugins/FX/Niagara/Content/Enums/ENiagara_DirectReadParticleIDSampling.uasset" 4771
"../../Plugins/FX/Niagara/Content/Enums/ENiagara_DirectReadSamplingMode.uasset" 4772
"../../Plugins/FX/Niagara/Content/Enums/ENiagara_EmitterLocSamplingMode.uasset" 4773
"../../Plugins/FX/Niagara/Content/Enums/ENiagara_GPUCollisionType.uasset" 4774
"../../Plugins/FX/Niagara/Content/Enums/ENiagara_LifetimeInheritanceOptions.uasset" 4775
"../../Plugins/FX/Niagara/Content/Enums/ENiagaraCalculateRadiusOptions.uasset" 4776
"../../Plugins/FX/Niagara/Content/Enums/ENiagaraCollisionRadiusOptions.uasset" 4777
"../../Plugins/FX/Niagara/Content/Enums/ENiagaraFrictionMergeType.uasset" 4778
"../../Plugins/FX/Niagara/Content/Enums/ENiagaraRestitutionMergeType.uasset" 4779
"../../../../../../VScodeFiles/GitHub/2026_team27/KC3GameHack/Content/VFX/Self/Frozen/Reference/M_Ice_Crystal.uasset" 4780
"../../../../../../VScodeFiles/GitHub/2026_team27/KC3GameHack/Content/VFX/M5VFXVOL2/Materials/Smoke_Inst/1_6_smoke2_vg2_Inst.uasset" 4781
"../../Plugins/FX/Niagara/Content/DefaultAssets/Templates/CascadeConversion/CompletelyEmpty.uasset" 4782
"../../../../../../VScodeFiles/GitHub/2026_team27/KC3GameHack/Content/VFX/M5VFXVOL2/Niagara/NM_Scale.uasset" 4783
"../../Plugins/FX/Niagara/Content/DynamicInputs/Angles/AngleConversion.uasset" 4784
"../../Plugins/FX/Niagara/Content/DynamicInputs/Clamp/ClampFloat.uasset" 4785
"../../Plugins/FX/Niagara/Content/DynamicInputs/LinearColor/MakeLinearColorFromVectorAndFloat.uasset" 4786
"../../Plugins/FX/Niagara/Content/DynamicInputs/Multiply/Multiply_Vector.uasset" 4787
"../../Plugins/FX/Niagara/Content/DynamicInputs/Multiply/Multiply_VectorByFloat.uasset" 4788
"../../Plugins/FX/Niagara/Content/DynamicInputs/TypeConversions/MakeFloatFromVector.uasset" 4789
"../../Plugins/FX/Niagara/Content/DynamicInputs/TypeConversions/VectorFromFloat.uasset" 4790
"../../Plugins/FX/Niagara/Content/Modules/Collision/AlignParticlesWithCollisionPlane.uasset" 4791
"../../Plugins/FX/Niagara/Content/Modules/Spawn/Orientation/V3/InitialMeshOrientation.uasset" 4792
"../../Plugins/FX/Niagara/Content/Modules/Update/Forces/AccelerationForce.uasset" 4793
"../../Plugins/FX/Niagara/Content/Modules/Update/Forces/AerodynamicDrag.uasset" 4794
"../../Plugins/FX/Niagara/Content/Modules/Update/Forces/WindForce.uasset" 4795
"../../Plugins/FX/Niagara/Content/Modules/Update/Orientation/SpriteRotationRate.uasset" 4796
"../../Plugins/FX/Niagara/Content/Modules/Update/SubUV/V2/SubUVAnimation.uasset" 4797
"../../Plugins/FX/Niagara/Content/Enums/Collision/SceneDepthCollisionQueryMethod.uasset" 4798
"../../Plugins/FX/Niagara/Content/Enums/ENiagara_SubUVLookupMode.uasset" 4799
"../../Plugins/FX/Niagara/Content/Enums/ENiagaraAerodynamicDragPivotMode.uasset" 4800
"../../Plugins/FX/Niagara/Content/Enums/ENiagaraDragCoefficientShapeMode.uasset" 4801
"../../Plugins/FX/Niagara/Content/Enums/ENiagaraMeshTransforms.uasset" 4802
"../../Plugins/FX/Niagara/Content/Enums/Transforms/ENiagara_MeshOrientationOptions.uasset" 4803
"../../Plugins/FX/Niagara/Content/Enums/Wind/ENiagaraWindCombingMode.uasset" 4804
"../../Plugins/FX/Niagara/Content/Enums/Wind/ENiagaraWindFrictionDistanceMode.uasset" 4805
"../../Plugins/FX/Niagara/Content/Enums/Wind/ENiagaraWindFrictionMode.uasset" 4806
"../../Plugins/FX/Niagara/Content/Enums/Wind/ENiagaraWindGroundMaskMode.uasset" 4807
"../../Plugins/FX/Niagara/Content/Enums/Wind/ENiagaraWindOffsetMode.uasset" 4808
"../../Plugins/FX/Niagara/Content/Enums/Wind/ENiagaraWindTurbulenceContributionMode.uasset" 4809
"../../Plugins/FX/Niagara/Content/Enums/Wind/ENiagaraWindTurbulenceFrequencyMode.uasset" 4810
"../../Plugins/FX/Niagara/Content/Enums/Wind/ENiagaraWindTurbulenceMode.uasset" 4811
"../../Plugins/FX/Niagara/Content/Functions/V2/ConeMask.uasset" 4812
"../../Plugins/FX/Niagara/Content/VectorFields/Assets/TilingCurl16.uasset" 4813
"../../Plugins/FX/Niagara/Content/VectorFields/Assets/TilingCurl64.uasset" 4814
"../../../../../../VScodeFiles/GitHub/2026_team27/KC3GameHack/Content/VFX/MegaMagicVFXBundle/VFX/MagicalExplosionsVFX/Essentials/Materials/M_MasterSpriteMat.uasset" 4815
"../../../../../../VScodeFiles/GitHub/2026_team27/KC3GameHack/Content/VFX/MegaMagicVFXBundle/VFX/MagicAuraVFX/Essentials/Textures/T_Greyscale.uasset" 4816
"../../../../../../VScodeFiles/GitHub/2026_team27/KC3GameHack/Content/VFX/MegaMagicVFXBundle/VFX/MagicalExplosionsVFX/Essentials/Materials/M_Lightning.uasset" 4817
"../../../../../../VScodeFiles/GitHub/2026_team27/KC3GameHack/Content/VFX/MegaMagicVFXBundle/VFX/MagicAuraVFX/Essentials/Materials/M_Ribbon.uasset" 4818
"../../Plugins/FX/Niagara/Content/Functions/Localspace/TransformQuaternion.uasset" 4819
"../../Plugins/FX/Niagara/Content/Functions/RandomRangeInteger.uasset" 4820
"../../Plugins/FX/Niagara/Content/Functions/CalculateMeshRadius.uasset" 4821
"../../Plugins/FX/Niagara/Content/Functions/CalculateRadiusFromSpriteSize.uasset" 4822
"../../Plugins/FX/Niagara/Content/Functions/Helpers/DoOnce_fn.uasset" 4823
"../../Plugins/FX/Niagara/Content/Functions/ProjectVectorOnPlane.uasset" 4824
"../../Plugins/FX/Niagara/Content/Modules/Collision/CollisionQueryAndResponse.uasset" 4825
"../../Plugins/FX/Niagara/Content/Functions/Helpers/SetBoolByTimer.uasset" 4826
"../../Plugins/FX/Niagara/Content/DefaultAssets/Structs/CollisionEvent.uasset" 4827
"../../Plugins/FX/Niagara/Content/Functions/Collision/RandomizeCollisionNormals.uasset" 4828
"../../Plugins/FX/Niagara/Content/Functions/Math/IsVectorParallel.uasset" 4829
"../../Plugins/FX/Niagara/Content/Functions/ReflectVector.uasset" 4830
"../../Plugins/FX/Niagara/Content/Functions/Rotation/RotateAngleOnAxis.uasset" 4831
"../../Plugins/FX/Niagara/Content/Modules/Update/Forces/VortexForce.uasset" 4832
"../../../../../../VScodeFiles/GitHub/2026_team27/KC3GameHack/Content/VFX/Self/Frozen/Reference/T_Ice_Crystal.uasset" 4833
"../../../../../../VScodeFiles/GitHub/2026_team27/KC3GameHack/Content/VFX/M5VFXVOL2/Materials/Master/Smoke1_Mat.uasset" 4834
"../../../../../../VScodeFiles/GitHub/2026_team27/KC3GameHack/Content/VFX/M5VFXVOL2/Textures/Flow/Circle_normal.uasset" 4835
"../../../../../../VScodeFiles/GitHub/2026_team27/KC3GameHack/Content/VFX/M5VFXVOL2/Textures/smoke/1_6_smoke2_vg2.uasset" 4836
"../../Plugins/FX/Niagara/Content/Functions/ChannelMasks/SelectV3Channel.uasset" 4837
"../../Plugins/FX/Niagara/Content/Enums/ENiagaraVector3_Channels.uasset" 4838
"../../Plugins/FX/Niagara/Content/Functions/MakeVectorsOrthogonal.uasset" 4839
"../../Plugins/FX/Niagara/Content/Functions/Math/SmoothLerpOverTime.uasset" 4840
"../../Plugins/FX/Niagara/Content/Functions/Rotation/ExtractBasisVectorsFromQuaternion.uasset" 4841
"../../Plugins/FX/Niagara/Content/Functions/Rotation/SlerpQuaternion.uasset" 4842
"../../Plugins/FX/Niagara/Content/Functions/Rotation/RandomQuaternion.uasset" 4843
"../../Plugins/FX/Niagara/Content/Functions/DirectionAndLength.uasset" 4844
"../../Plugins/FX/Niagara/Content/Enums/ENiagara_SubUVLookupModeV2.uasset" 4845
"../../Plugins/FX/Niagara/Content/Enums/ENiagara_WrapClamp.uasset" 4846
"../../Plugins/FX/Niagara/Content/Enums/ENiagaraMeshOrSprite.uasset" 4847
"../../Plugins/FX/Niagara/Content/Enums/SpriteRenderer/ENiagara_AutomaticManual.uasset" 4848
"../../Plugins/FX/Niagara/Content/Enums/SpriteRenderer/ENiagara_FPSPlayrate.uasset" 4849
"../../Plugins/FX/Niagara/Content/Functions/FindAngleBetweenVectors.uasset" 4850
"../../../../../../VScodeFiles/GitHub/2026_team27/KC3GameHack/Content/VFX/MegaMagicVFXBundle/VFX/MagicalExplosionsVFX/Essentials/Materials/MF_MotionMaterial.uasset" 4851
"../../Plugins/FX/Niagara/Content/Functions/Rotation/QuaternionToRotationMatrix.uasset" 4852
"../../Plugins/FX/Niagara/Content/Functions/Collision/PlaneSphereCollisionDetection.uasset" 4853
"../../Plugins/FX/Niagara/Content/Functions/Textures/CalculateA_VolumeTexturesDistanceFieldGradient.uasset" 4854
"../../Plugins/FX/Niagara/Content/Modules/Collision/NiagaraDistanceFieldCollisions.uasset" 4855
"../../Plugins/FX/Niagara/Content/Modules/Collision/SceneDepthTest.uasset" 4856
"../../Plugins/FX/Niagara/Content/Enums/ENiagara_Float4Channel.uasset" 4857
"../../../../../../VScodeFiles/GitHub/2026_team27/KC3GameHack/Content/VFX/M5VFXVOL2/Textures/smoke/0_6_smoke.uasset" 4858
"../../Plugins/FX/Niagara/Content/Functions/Rotation/AngleBetweenQuaternions.uasset" 4859
"../../Plugins/FX/Niagara/Content/Functions/Trig/SinXoverXinRadians.uasset" 4860
"../../../../../../VScodeFiles/GitHub/2026_team27/KC3GameHack/Content/Stylized_Village/Assets/Proxy/SM_PROXY_WindMill.uasset" 4861
"../../../../../../VScodeFiles/GitHub/2026_team27/KC3GameHack/Content/Stylized_Village/Assets/Props/Pots/SM_ClayPot_Lipped.uasset" 4862
"../../../../../../VScodeFiles/GitHub/2026_team27/KC3GameHack/Content/Stylized_Village/Assets/Props/Pots/SM_ClayPot_RidgeLarge.uasset" 4863
"../../../../../../VScodeFiles/GitHub/2026_team27/KC3GameHack/Content/Stylized_Village/Assets/Props/Pots/SM_ClayPot_RidgeSmall.uasset" 4864
"../../../../../../VScodeFiles/GitHub/2026_team27/KC3GameHack/Content/Stylized_Village/Assets/Props/Pots/SM_ClayPot_Tall.uasset" 4865
"C:/Users/a7p7p/AppData/Local/Temp/UnrealShaderWorkingDir/A5EEABDF49E338A91D2367B673B8B465/0/WorkerOutputOnly.out" 4866
"C:/Users/a7p7p/AppData/Local/Temp/UnrealShaderWorkingDir/A5EEABDF49E338A91D2367B673B8B465/1/WorkerOutputOnly.out" 4867
"../../../../../../VScodeFiles/GitHub/2026_team27/KC3GameHack/Content/Stylized_Village/Assets/Sky/Mesh/SM_SM_Cloud_Big_01.uasset" 4868
"../../../../../../VScodeFiles/GitHub/2026_team27/KC3GameHack/Content/Stylized_Village/Assets/Sky/Mesh/SM_SM_Cloud_Big_02.uasset" 4869
"../../../../../../VScodeFiles/GitHub/2026_team27/KC3GameHack/Content/Stylized_Village/Assets/Sky/Mesh/SM_SM_Cloud_Medium_01.uasset" 4870
"../../../../../../VScodeFiles/GitHub/2026_team27/KC3GameHack/Content/Stylized_Village/Assets/Stones/Boulder/SM_Boulder_Large_01.uasset" 4871
"../../../../../../VScodeFiles/GitHub/2026_team27/KC3GameHack/Content/VFX/MegaMagicVFXBundle/VFX/MagicShieldsVFX/Essentials/Mesh/SM_ShieldSphere.uasset" 4872
"C:/VScodeFiles/GitHub/2026_team27/KC3GameHack/Content/Variant_Combat/Blueprints/BP_CombatGameMode.uasset" 4873
"C:/VScodeFiles/GitHub/2026_team27/KC3GameHack/Content/UI/WBP_result.uasset" 4874
"../../../Engine/Content/Functions/Engine_MaterialFunctions02/Texturing/CustomRotator.uasset" 4875
"C:/VScodeFiles/GitHub/2026_team27/KC3GameHack/Content/UI/UI_Material/M_SmoothDiagonal.uasset" 4876
"C:/VScodeFiles/GitHub/2026_team27/KC3GameHack/Content/Variant_Combat/GoalItem/lambert1_albedo.uasset" 4877
"C:/VScodeFiles/GitHub/2026_team27/KC3GameHack/Content/Variant_Combat/GoalItem/lambert1_AO.uasset" 4878
"C:/VScodeFiles/GitHub/2026_team27/KC3GameHack/Content/Variant_Combat/GoalItem/lambert1_metallic.uasset" 4879
"C:/VScodeFiles/GitHub/2026_team27/KC3GameHack/Content/Variant_Combat/GoalItem/lambert1_normal.uasset" 4880
"C:/VScodeFiles/GitHub/2026_team27/KC3GameHack/Content/Variant_Combat/GoalItem/lambert1_roughness.uasset" 4881
"C:/VScodeFiles/GitHub/2026_team27/KC3GameHack/Content/Variant_Combat/GoalItem/M_SodaCan.uasset" 4882
"C:/VScodeFiles/GitHub/2026_team27/KC3GameHack/Content/Variant_Combat/GoalItem/SodaCan02_sketchfab.uasset" 4883
"C:/VScodeFiles/GitHub/2026_team27/KC3GameHack/Content/VFX/Self/Goal/NS_Goal.uasset" 4884
"C:/VScodeFiles/GitHub/2026_team27/KC3GameHack/Content/VFX/Self/Frozen/Reference/Ice_Block.uasset" 4885
"C:/VScodeFiles/GitHub/2026_team27/KC3GameHack/Content/sound/SE/enviro/jouhatu.uasset" 4886
"C:/VScodeFiles/GitHub/2026_team27/KC3GameHack/Content/VFX/VFX_BP/BP_Ice_Block.uasset" 4887
"C:/VScodeFiles/GitHub/2026_team27/KC3GameHack/Content/sound/SE/enviro/break2.uasset" 4888
"C:/VScodeFiles/GitHub/2026_team27/KC3GameHack/Content/VFX/Self/Glass/SM_GlassWall.uasset" 4889
"/Game/Variant_Combat/GoalItem/lambert1_roughness" 4890
"/Game/Variant_Combat/GoalItem/lambert1_normal" 4891
"/Game/Variant_Combat/GoalItem/lambert1_metallic" 4892
"/Game/Variant_Combat/GoalItem/lambert1_AO" 4893
"/Game/Variant_Combat/GoalItem/lambert1_albedo" 4894
"../../../../../../VScodeFiles/GitHub/2026_team27/KC3GameHack/Content/Stylized_Village/Assets/Stones/Boulder/SM_Boulder_Medium_01.uasset" 4895
"/Game/UI/WBP_result" 4896
"/Game/Variant_Combat/Blueprints/BP_CombatGameMode" 4897
"../../../../../../VScodeFiles/GitHub/2026_team27/KC3GameHack/Content/Stylized_Village/Assets/Props/Pots/SM_ClayPot_Lipped_2.uasset" 4898
"/Game/VFX/VFX_BP/BP_Ice_Block" 4899
"/Game/sound/SE/enviro/break2" 4900
"/Game/VFX/Self/Glass/SM_GlassWall" 4901
"C:/VScodeFiles/GitHub/2026_team27/KC3GameHack/Content/VFX/Self/Glass/GC_SM_GlassWall.uasset" 4902
"C:/VScodeFiles/GitHub/2026_team27/KC3GameHack/Content/VFX/VFX_BP/BP_BreakableBox.uasset" 4903
"C:/VScodeFiles/GitHub/2026_team27/KC3GameHack/Content/Stylized_Village/Assets/Architecture/Wood/Walls/SM_Wood_Wall_BeamCross_FullXFull_LP.uasset" 4904
"C:/VScodeFiles/GitHub/2026_team27/KC3GameHack/Content/Stylized_Village/Assets/Architecture/Flagstone/Walls/SM_Flagstone_FullXFull.uasset" 4905
"C:/VScodeFiles/GitHub/2026_team27/KC3GameHack/Content/Stylized_Village/Assets/Architecture/Brick/Walls/SM_Brick_Wall_FullXFull.uasset" 4906
"C:/VScodeFiles/GitHub/2026_team27/KC3GameHack/Content/Stylized_Village/Assets/Architecture/Brick/Walls/SM_Brick_Wall_HalfXFull.uasset" 4907
"C:/VScodeFiles/GitHub/2026_team27/KC3GameHack/Content/Stylized_Village/Assets/Architecture/Brick/Curved/SM_Brick_Wall_FullXFull_30.uasset" 4908
"../../../Engine/Content/EngineSounds/Submixes/MasterEQEffectPreset.uasset" 4909
"../../../Engine/Content/EngineSounds/Submixes/MasterReverbEffectPreset.uasset" 4910
"C:/VScodeFiles/GitHub/2026_team27/KC3GameHack/Content/sound/BGM/Mysterious_Field_SD.uasset" 4911
"../../../Engine/Content/EngineSounds/Submixes/MasterEQSubmixDefault.uasset" 4912
"../../../Engine/Content/EngineSounds/Submixes/MasterReverbSubmixDefault.uasset" 4913
"../../../Engine/Content/EngineSounds/Submixes/MasterSubmixDefault.uasset" 4914
"C:/VScodeFiles/GitHub/2026_team27/KC3GameHack/Content/Stylized_Village/Maps/Stylized_Village_Summer_Landscape_BuiltData.uasset" 4915
"C:/VScodeFiles/GitHub/2026_team27/KC3GameHack/Content/Stylized_Village/Assets/Foliage/Trees/ImposterLODs/Tree_Large_Yellow/T_Impostor_Normal_Tree_Large_Yellow.uasset" 4916
"C:/VScodeFiles/GitHub/2026_team27/KC3GameHack/Content/Stylized_Village/Assets/Foliage/Trees/ImposterLODs/Tree_Large_Yellow/T_Impostor_BaseColor_Tree_Large_Yellow.uasset" 4917
"C:/VScodeFiles/GitHub/2026_team27/KC3GameHack/Content/Stylized_Village/Assets/Foliage/Trees/ImposterLODs/Tree_Large_Yellow/MI_Impostor_Tree_Large_Yellow.uasset" 4918
"C:/VScodeFiles/GitHub/2026_team27/KC3GameHack/Content/Stylized_Village/Assets/Foliage/_FoliageTypes/FT_Tree_Large_Yellow.uasset" 4919
"C:/VScodeFiles/GitHub/2026_team27/KC3GameHack/Content/Stylized_Village/Assets/Foliage/Trees/Tree_Large_Yellow.uasset" 4920
"C:/VScodeFiles/GitHub/2026_team27/KC3GameHack/Content/Stylized_Village/Assets/Foliage/_FoliageTypes/FT_Tree_Medium_Red.uasset" 4921
"C:/VScodeFiles/GitHub/2026_team27/KC3GameHack/Content/Stylized_Village/Assets/Foliage/Trees/ImposterLODs/Tree_Medium_Yellow/MI_Impostor_Tree_Medium_Yellow.uasset" 4922
"C:/VScodeFiles/GitHub/2026_team27/KC3GameHack/Content/Stylized_Village/Assets/Foliage/Trees/ImposterLODs/Tree_Medium_Yellow/T_Impostor_Normal_Tree_Medium_Yellow.uasset" 4923
"C:/VScodeFiles/GitHub/2026_team27/KC3GameHack/Content/Stylized_Village/Assets/Foliage/Trees/Tree_Medium_Yellow.uasset" 4924
"C:/VScodeFiles/GitHub/2026_team27/KC3GameHack/Content/Stylized_Village/Assets/Foliage/Trees/ImposterLODs/Tree_Medium_Yellow/T_Impostor_BaseColor_Tree_Medium_Yellow.uasset" 4925
"C:/VScodeFiles/GitHub/2026_team27/KC3GameHack/Content/Stylized_Village/Assets/Foliage/_FoliageTypes/FT_Tree_Medium_Yellow.uasset" 4926
"../../../../../../VScodeFiles/GitHub/2026_team27/KC3GameHack/Content/Stylized_Village/Assets/Props/Pots/SM_ClayPot_RidgeLarge_2.uasset" 4927
"../../../../../../VScodeFiles/GitHub/2026_team27/KC3GameHack/Content/Stylized_Village/Assets/Props/Pots/SM_ClayPot_WideLarge_2.uasset" 4928
"../../../../../../VScodeFiles/GitHub/2026_team27/KC3GameHack/Content/Stylized_Village/Assets/Props/Pots/SM_ClayPot_HanginShort_2.uasset" 4929
"/Game/VFX/VFX_BP/BP_GoalArea" 4930
"/Game/Stylized_Village/Assets/Architecture/Brick/Walls/SM_Brick_Wall_FullXFull" 4931
"/Game/Stylized_Village/Assets/Architecture/Flagstone/Walls/SM_Flagstone_FullXFull" 4932
"../../../../../../VScodeFiles/GitHub/2026_team27/KC3GameHack/Content/Stylized_Village/Assets/Architecture/Wood/Roof/SM_Wood_Wall_RoofFront_Large_LP.uasset" 4933
"../../../../../../VScodeFiles/GitHub/2026_team27/KC3GameHack/Content/Stylized_Village/Assets/Architecture/Wood/Walls/SM_Wall_FullXFull_LP.uasset" 4934
"../../../../../../VScodeFiles/GitHub/2026_team27/KC3GameHack/Content/Stylized_Village/Assets/Architecture/Wood/Walls/SM_Wood_Wall_FullXHalf_LP.uasset" 4935
"../../../../../../VScodeFiles/GitHub/2026_team27/KC3GameHack/Content/Stylized_Village/Assets/Architecture/Wood/Walls/SM_Wood_Wall_HalfArch_LP.uasset" 4936
"../../../../../../VScodeFiles/GitHub/2026_team27/KC3GameHack/Content/Stylized_Village/Assets/Architecture/Wood/Walls/SM_Wood_Wall_HalfXFull_LP.uasset" 4937
"../../../../../../VScodeFiles/GitHub/2026_team27/KC3GameHack/Content/Stylized_Village/Assets/Architecture/Wood/Walls/SM_Wood_Wall_HalfXHalf_LP.uasset" 4938
"../../../../../../VScodeFiles/GitHub/2026_team27/KC3GameHack/Content/Stylized_Village/Assets/Foliage/Ivy/SM_Ivy_Sparse_02.uasset" 4939
"/Game/Stylized_Village/Assets/Architecture/Wood/Walls/SM_Wood_Wall_BeamCross_FullXFull_LP" 4940
"/Game/VFX/VFX_BP/BP_BreakableBox" 4941
"C:/VScodeFiles/GitHub/2026_team27/KC3GameHack/Content/Stylized_Village/Assets/Foliage/_FoliageTypes/FT_Tree_Small_Red.uasset" 4942
"C:/VScodeFiles/GitHub/2026_team27/KC3GameHack/Content/Stylized_Village/Assets/Foliage/Trees/ImposterLODs/Tree_Small_Yellow/T_Impostor_BaseColor_Tree_Small_Yellow.uasset" 4943
"C:/VScodeFiles/GitHub/2026_team27/KC3GameHack/Content/Stylized_Village/Assets/Foliage/Trees/Tree_Small_Yellow.uasset" 4944
"C:/VScodeFiles/GitHub/2026_team27/KC3GameHack/Content/Stylized_Village/Assets/Foliage/Trees/ImposterLODs/Tree_Small_Yellow/MI_Impostor_Tree_Small_Yellow.uasset" 4945
"C:/VScodeFiles/GitHub/2026_team27/KC3GameHack/Content/Stylized_Village/Assets/Terrain/Material_Landscape/MF_HeightAndSlopeBlend.uasset" 4946
"C:/VScodeFiles/GitHub/2026_team27/KC3GameHack/Content/Stylized_Village/Assets/Foliage/_FoliageTypes/FT_Tree_Small_Yellow.uasset" 4947
"C:/VScodeFiles/GitHub/2026_team27/KC3GameHack/Content/Stylized_Village/Assets/Terrain/Material_Landscape/MF_Grass.uasset" 4948
"C:/VScodeFiles/GitHub/2026_team27/KC3GameHack/Content/Stylized_Village/Assets/Foliage/Trees/_Materials/MI_TreeLeaves_Fall.uasset" 4949
"C:/VScodeFiles/GitHub/2026_team27/KC3GameHack/Content/Stylized_Village/Assets/Foliage/Trees/ImposterLODs/Tree_Small_Yellow/T_Impostor_Normal_Tree_Small_Yellow.uasset" 4950
"C:/VScodeFiles/GitHub/2026_team27/KC3GameHack/Content/Stylized_Village/Assets/Terrain/Grass/T_GroundGrass_normal.uasset" 4951
"C:/VScodeFiles/GitHub/2026_team27/KC3GameHack/Content/Stylized_Village/Assets/Terrain/Material_Landscape/MF_Dirt.uasset" 4952
"../../../../../../VScodeFiles/GitHub/2026_team27/KC3GameHack/Content/Stylized_Village/Assets/Architecture/Wood/Walls/SM_Wood_Wall_HorizontalSlats_Half_LP.uasset" 4953
"/Game/Stylized_Village/Assets/Foliage/Trees/ImposterLODs/Tree_Medium_Yellow/MI_Impostor_Tree_Medium_Yellow" 4954
"/Game/Stylized_Village/Assets/Foliage/_FoliageTypes/FT_Tree_Medium_Red" 4955
"../../../../../../VScodeFiles/GitHub/2026_team27/KC3GameHack/Content/Stylized_Village/Assets/Foliage/Trees/Tree_Medium_Red.uasset" 4956
"../../../../../../VScodeFiles/GitHub/2026_team27/KC3GameHack/Content/Stylized_Village/Assets/Foliage/Trees/ImposterLODs/Tree_Medium_Red/MI_Impostor_Tree_Medium_Red.uasset" 4957
"../../../../../../VScodeFiles/GitHub/2026_team27/KC3GameHack/Content/Stylized_Village/Assets/Foliage/Trees/ImposterLODs/Tree_Medium_Red/T_Impostor_BaseColor_Tree_Medium_Red.uasset" 4958
"../../../../../../VScodeFiles/GitHub/2026_team27/KC3GameHack/Content/Stylized_Village/Assets/Foliage/Trees/ImposterLODs/Tree_Medium_Red/T_Impostor_Normal_Tree_Medium_Red.uasset" 4959
"/Game/Stylized_Village/Assets/Foliage/Trees/ImposterLODs/Tree_Large_Yellow/MI_Impostor_Tree_Large_Yellow" 4960
"/Game/Stylized_Village/Maps/Stylized_Village_Summer_Landscape_BuiltData" 4961
"/Engine/EngineSounds/Submixes/MasterReverbSubmixDefault" 4962
"/Game/Stylized_Village/Maps/Stylized_Village_Summer" 4963
"../../../../../../VScodeFiles/GitHub/2026_team27/KC3GameHack/Content/Stylized_Village/Assets/Foliage/Ivy/SM_Ivy_Wall_01.uasset" 4964
"../../../../../../VScodeFiles/GitHub/2026_team27/KC3GameHack/Content/Stylized_Village/Assets/Foliage/Ivy/SM_IvyBranch_01_A.uasset" 4965
"../../../../../../VScodeFiles/GitHub/2026_team27/KC3GameHack/Content/Stylized_Village/Assets/Foliage/Ivy/SM_IvyBranch_01_B.uasset" 4966
"../../../../../../VScodeFiles/GitHub/2026_team27/KC3GameHack/Content/Stylized_Village/Assets/Foliage/Ivy/SM_IvyBranch_Straight_A.uasset" 4967
"../../../../../../VScodeFiles/GitHub/2026_team27/KC3GameHack/Content/Stylized_Village/Assets/Architecture/Wood/Walls/SM_Wood_Wall_QuarterXFull_LP.uasset" 4968
"../../../../../../VScodeFiles/GitHub/2026_team27/KC3GameHack/Content/Stylized_Village/Assets/Architecture/Wood/Pieces/SM_Plank_Long_2.uasset" 4969
"../../../../../../VScodeFiles/GitHub/2026_team27/KC3GameHack/Content/Stylized_Village/Assets/Architecture/Wood/Pieces/SM_Plank_Long_3.uasset" 4970
"../../../../../../VScodeFiles/GitHub/2026_team27/KC3GameHack/Content/Stylized_Village/Assets/Architecture/Wood/Pieces/SM_Plank_Medium_3.uasset" 4971
"../../../../../../VScodeFiles/GitHub/2026_team27/KC3GameHack/Content/Stylized_Village/Assets/Foliage/Ivy/SM_IvyBranch_Straight_C.uasset" 4972
"../../../../../../VScodeFiles/GitHub/2026_team27/KC3GameHack/Content/Stylized_Village/Assets/Foliage/Ivy/SM_IvyBranch_Straight_B.uasset" 4973
"../../../../../../VScodeFiles/GitHub/2026_team27/KC3GameHack/Content/Stylized_Village/Assets/Foliage/Ivy/SM_Ivy_Pie_01.uasset" 4974
"../../../../../../VScodeFiles/GitHub/2026_team27/KC3GameHack/Content/Stylized_Village/Assets/Foliage/Ivy/SM_Ivy_Patch_02.uasset" 4975
"../../../../../../VScodeFiles/GitHub/2026_team27/KC3GameHack/Content/Stylized_Village/Assets/Foliage/Flowers/BabyBlueEyesAndPoppies/SM_Poppy_Small_01.uasset" 4976
"../../../../../../VScodeFiles/GitHub/2026_team27/KC3GameHack/Content/Stylized_Village/Assets/Foliage/Flowers/BabyBlueEyesAndPoppies/SM_Poppy_Medium_01.uasset" 4977
"../../../../../../VScodeFiles/GitHub/2026_team27/KC3GameHack/Content/Stylized_Village/Assets/Architecture/Wood/Pieces/SM_Plank_Short_1.uasset" 4978
"../../../../../../VScodeFiles/GitHub/2026_team27/KC3GameHack/Content/Stylized_Village/Assets/Architecture/Wood/Roof/SM_Wood_CeilingPlanks_Full_LP.uasset" 4979
"../../../../../../VScodeFiles/GitHub/2026_team27/KC3GameHack/Content/Stylized_Village/Assets/Architecture/Wood/Walls/SM_Wood_Wall_QuarterXHalf_LP.uasset" 4980
"../../../../../../VScodeFiles/GitHub/2026_team27/KC3GameHack/Content/Stylized_Village/Assets/Architecture/Wood/Floors/SM_Wood_Floor_HalfxHalf_LP.uasset" 4981
"../../../../../../VScodeFiles/GitHub/2026_team27/KC3GameHack/Content/Stylized_Village/Assets/Architecture/Wood/Pieces/SM_Beam_Arch_01.uasset" 4982
"../../../../../../VScodeFiles/GitHub/2026_team27/KC3GameHack/Content/Stylized_Village/Assets/Architecture/Wood/Detail/SM_Wood_Support_Arch_Small_3.uasset" 4983
"../../../../../../VScodeFiles/GitHub/2026_team27/KC3GameHack/Content/Stylized_Village/Assets/Architecture/Wood/Floors/SM_Wood_Floor_FullxHalf_LP.uasset" 4984
"../../../../../../VScodeFiles/GitHub/2026_team27/KC3GameHack/Content/Stylized_Village/Assets/Architecture/Wood/Pieces/SM_Beam_Large_1.uasset" 4985
"../../../../../../VScodeFiles/GitHub/2026_team27/KC3GameHack/Content/Stylized_Village/Maps/Stylized_Village_Summer.umap" 4986
"../../../../../../VScodeFiles/GitHub/2026_team27/KC3GameHack/Content/Stylized_Village/Assets/Architecture/Wood/Pieces/SM_Beam_Large_2.uasset" 4987
"../../../../../../VScodeFiles/GitHub/2026_team27/KC3GameHack/Content/Stylized_Village/Assets/Architecture/Wood/Pieces/SM_Beam_Large_3.uasset" 4988
"../../../../../../VScodeFiles/GitHub/2026_team27/KC3GameHack/Content/Stylized_Village/Assets/Architecture/Wood/Detail/SM_Wood_Support_Arch_Small_2.uasset" 4989
"../../../../../../VScodeFiles/GitHub/2026_team27/KC3GameHack/Content/Stylized_Village/Assets/Architecture/Wood/Pieces/SM_Beam_Medium_1.uasset" 4990
"../../../../../../VScodeFiles/GitHub/2026_team27/KC3GameHack/Content/Stylized_Village/Assets/Architecture/Wood/Pieces/SM_Beam_Medium_3.uasset" 4991
"../../../../../../VScodeFiles/GitHub/2026_team27/KC3GameHack/Content/Stylized_Village/Assets/Architecture/Wood/Pieces/SM_Beam_Short_2.uasset" 4992
"../../../../../../VScodeFiles/GitHub/2026_team27/KC3GameHack/Content/Stylized_Village/Assets/Architecture/Wood/Pieces/SM_Log_Large.uasset" 4993
"../../../../../../VScodeFiles/GitHub/2026_team27/KC3GameHack/Content/Stylized_Village/Assets/Architecture/Wood/Pieces/SM_Plank_Long_1.uasset" 4994
"../../../../../../VScodeFiles/GitHub/2026_team27/KC3GameHack/Content/Stylized_Village/Assets/Architecture/RoofTiles/Round/SM_SM_Roof_Circle_04.uasset" 4995
"../../../../../../VScodeFiles/GitHub/2026_team27/KC3GameHack/Content/Stylized_Village/Assets/Architecture/Windows/SM_Glass_4x2Panes_LP.uasset" 4996
"../../../../../../VScodeFiles/GitHub/2026_team27/KC3GameHack/Content/Stylized_Village/Assets/Architecture/Windows/SM_Window_DiamondPanes_Full.uasset" 4997
"../../../../../../VScodeFiles/GitHub/2026_team27/KC3GameHack/Content/Stylized_Village/Assets/Architecture/Windows/SM_Window_DiamondPanes_Half_LP.uasset" 4998
"../../../../../../VScodeFiles/GitHub/2026_team27/KC3GameHack/Content/Stylized_Village/Assets/Architecture/Windows/SM_Window_FrenchShutter_01_LP.uasset" 4999
"../../../../../../VScodeFiles/GitHub/2026_team27/KC3GameHack/Content/Stylized_Village/Assets/Architecture/Windows/SM_Window_FrenchShutter_02_LP.uasset" 5000
"../../../../../../VScodeFiles/GitHub/2026_team27/KC3GameHack/Content/Stylized_Village/Assets/Architecture/Wood/Curved/SM_Beam_Long_1_45.uasset" 5001
"../../../../../../VScodeFiles/GitHub/2026_team27/KC3GameHack/Content/Stylized_Village/Assets/Architecture/Wood/Curved/SM_Beam_Medium_1_45.uasset" 5002
"../../../../../../VScodeFiles/GitHub/2026_team27/KC3GameHack/Content/Stylized_Village/Assets/Architecture/Wood/Curved/SM_Beam_Suppport_1_45.uasset" 5003
"../../../../../../VScodeFiles/GitHub/2026_team27/KC3GameHack/Content/Stylized_Village/Assets/Architecture/Wood/Detail/SM_Wood_Panel_Plank_LP.uasset" 5004
"../../../../../../VScodeFiles/GitHub/2026_team27/KC3GameHack/Content/Stylized_Village/Assets/Architecture/RoofTiles/Round/SM_RoofTiles_Round_Cluster_Broken_A.uasset" 5005
"../../../../../../VScodeFiles/GitHub/2026_team27/KC3GameHack/Content/Stylized_Village/Assets/Architecture/RoofTiles/Round/SM_RoofTiles_Round_Cluster_Whole.uasset" 5006
"../../../../../../VScodeFiles/GitHub/2026_team27/KC3GameHack/Content/Stylized_Village/Assets/Architecture/RoofTiles/Round/SM_RoofTiles_Round_HalfXFull.uasset" 5007
"../../../../../../VScodeFiles/GitHub/2026_team27/KC3GameHack/Content/Stylized_Village/Assets/Architecture/RoofTiles/Round/SM_RoofTiles_Round_HalfXFull_Sparse.uasset" 5008
"../../../../../../VScodeFiles/GitHub/2026_team27/KC3GameHack/Content/Stylized_Village/Assets/Architecture/RoofTiles/Round/SM_RoofTiles_Round_ThinXFull.uasset" 5009
"../../../../../../VScodeFiles/GitHub/2026_team27/KC3GameHack/Content/Stylized_Village/Assets/Architecture/RoofTiles/Flat/SM_RoofTile_Flat_Row_Half.uasset" 5010
"../../../../../../VScodeFiles/GitHub/2026_team27/KC3GameHack/Content/Stylized_Village/Assets/Architecture/Plaster/SM_SM_Plaster_HalfXHalf.uasset" 5011
"../../../../../../VScodeFiles/GitHub/2026_team27/KC3GameHack/Content/Stylized_Village/Assets/Architecture/RoofTiles/Flat/SM_RoofTile_Flat_FullXFull1.uasset" 5012
"../../../../../../VScodeFiles/GitHub/2026_team27/KC3GameHack/Content/Stylized_Village/Assets/Architecture/RoofTiles/Flat/SM_RoofTile_Flat_FullXHalf.uasset" 5013
"../../../../../../VScodeFiles/GitHub/2026_team27/KC3GameHack/Content/Stylized_Village/Assets/Architecture/RoofTiles/Round/SM_SM_Roof_Circle_01.uasset" 5014
"/Game/Stylized_Village/Maps/Stylized_Village_Summer_Landscape" 5015
"../../../../../../VScodeFiles/GitHub/2026_team27/KC3GameHack/Content/Stylized_Village/Maps/Stylized_Village_Summer_Landscape.umap" 5016
"../../../Engine/Content/EngineSky/BP_Sky_Sphere.uasset" 5017
"../../../../../../VScodeFiles/GitHub/2026_team27/KC3GameHack/Content/Stylized_Village/Assets/Foliage/_FoliageTypes/FT_Tree_Small_Yellow.uasset" 5018
"../../../../../../VScodeFiles/GitHub/2026_team27/KC3GameHack/Content/Stylized_Village/Assets/Foliage/_LandscapeLayerGrass/LGT_SimpleGrass.uasset" 5019
"../../../../../../VScodeFiles/GitHub/2026_team27/KC3GameHack/Content/Stylized_Village/Assets/Terrain/TerrainLayerWeights/AutoLayer_LayerInfo.uasset" 5020
"../../../../../../VScodeFiles/GitHub/2026_team27/KC3GameHack/Content/Stylized_Village/Assets/Terrain/TerrainLayerWeights/Dirt_LayerInfo.uasset" 5021
"../../../../../../VScodeFiles/GitHub/2026_team27/KC3GameHack/Content/Stylized_Village/Assets/Terrain/TerrainLayerWeights/Grass_LayerInfo.uasset" 5022
"../../../../../../VScodeFiles/GitHub/2026_team27/KC3GameHack/Content/Stylized_Village/Assets/Terrain/TerrainLayerWeights/Mud_LayerInfo.uasset" 5023
"../../../../../../VScodeFiles/GitHub/2026_team27/KC3GameHack/Content/Stylized_Village/Assets/Terrain/TerrainLayerWeights/Stone_LayerInfo.uasset" 5024
"../../../Engine/Content/EngineSky/M_Sky_Panning_Clouds2.uasset" 5025
"../../../../../../VScodeFiles/GitHub/2026_team27/KC3GameHack/Content/Stylized_Village/Assets/Terrain/Material_Landscape/MI_Terrain.uasset" 5026
"../../../../../../VScodeFiles/GitHub/2026_team27/KC3GameHack/Content/Stylized_Village/Assets/Foliage/Flowers/Moss/SM_MossPatch_Small_01.uasset" 5027
"../../../../../../VScodeFiles/GitHub/2026_team27/KC3GameHack/Content/Stylized_Village/Assets/Foliage/Flowers/Moss/SM_MossPatch_Small_02.uasset" 5028
"../../../../../../VScodeFiles/GitHub/2026_team27/KC3GameHack/Content/Stylized_Village/Assets/Foliage/Flowers/Moss/SM_MossPatch_Small_03.uasset" 5029
"../../../../../../VScodeFiles/GitHub/2026_team27/KC3GameHack/Content/Stylized_Village/Assets/Foliage/Flowers/Moss/SM_MossPatch_Tiny_01.uasset" 5030
"../../../../../../VScodeFiles/GitHub/2026_team27/KC3GameHack/Content/Stylized_Village/Assets/Foliage/Trees/Tree_Small_Red.uasset" 5031
"../../../Engine/Content/EngineSky/C_Sky_Cloud_Color.uasset" 5032
"../../../Engine/Content/EngineSky/C_Sky_Horizon_Color.uasset" 5033
"../../../Engine/Content/EngineSky/C_Sky_Zenith_Color.uasset" 5034
"../../../Engine/Content/EngineSky/SM_SkySphere.uasset" 5035
"../../../../../../VScodeFiles/GitHub/2026_team27/KC3GameHack/Content/Stylized_Village/Assets/Foliage/Trees/Tree_Small_Yellow.uasset" 5036
"../../../Engine/Content/EngineSky/T_Sky_Blue.uasset" 5037
"../../../Engine/Content/EngineSky/T_Sky_Clouds_M.uasset" 5038
"../../../Engine/Content/EngineSky/T_Sky_Stars.uasset" 5039
"../../../../../../VScodeFiles/GitHub/2026_team27/KC3GameHack/Content/Stylized_Village/Assets/Terrain/Material_Landscape/M_Terrain.uasset" 5040
"../../../../../../VScodeFiles/GitHub/2026_team27/KC3GameHack/Content/Stylized_Village/Assets/Terrain/Grass/T_GroundGrass_BC.uasset" 5041
"../../../../../../VScodeFiles/GitHub/2026_team27/KC3GameHack/Content/Stylized_Village/Assets/Terrain/Mud/T_GoundDirDark_BC.uasset" 5042
"../../../../../../VScodeFiles/GitHub/2026_team27/KC3GameHack/Content/Stylized_Village/Assets/Terrain/Mud/T_GoundDirDark_MRO.uasset" 5043
"../../../../../../VScodeFiles/GitHub/2026_team27/KC3GameHack/Content/Stylized_Village/Assets/Terrain/Mud/T_GoundDirDark_N.uasset" 5044
"../../../../../../VScodeFiles/GitHub/2026_team27/KC3GameHack/Content/Stylized_Village/Assets/Foliage/Flowers/Moss/_Materials/MI_Moss.uasset" 5045
"../../../../../../VScodeFiles/GitHub/2026_team27/KC3GameHack/Content/Stylized_Village/Assets/Foliage/Trees/ImposterLODs/Tree_Small_Red/MI_Impostor_Tree_Small_Red.uasset" 5046
"../../../../../../VScodeFiles/GitHub/2026_team27/KC3GameHack/Content/Stylized_Village/Assets/Foliage/Trees/_Materials/MI_TreeLeaves_Fall.uasset" 5047
"../../../../../../VScodeFiles/GitHub/2026_team27/KC3GameHack/Content/Stylized_Village/Assets/Foliage/Trees/ImposterLODs/Tree_Small_Yellow/MI_Impostor_Tree_Small_Yellow.uasset" 5048
"../../../Engine/Content/Functions/Engine_MaterialFunctions01/AlphaBlend/WorldAlignedBlend.uasset" 5049
"../../../Engine/Content/Functions/MaterialLayerFunctions/MatLayerBlend_StandardWithDisplacement.uasset" 5050
"../../../../../../VScodeFiles/GitHub/2026_team27/KC3GameHack/Content/Stylized_Village/Assets/Terrain/Material_Landscape/MF_Dirt.uasset" 5051
"../../../../../../VScodeFiles/GitHub/2026_team27/KC3GameHack/Content/Stylized_Village/Assets/Terrain/Material_Landscape/MF_Grass.uasset" 5052
"../../../../../../VScodeFiles/GitHub/2026_team27/KC3GameHack/Content/Stylized_Village/Assets/Terrain/Material_Landscape/MF_HeightAndSlopeBlend.uasset" 5053
"../../../../../../VScodeFiles/GitHub/2026_team27/KC3GameHack/Content/Stylized_Village/Assets/Terrain/Material_Landscape/MF_Mud.uasset" 5054
"../../../../../../VScodeFiles/GitHub/2026_team27/KC3GameHack/Content/Stylized_Village/Assets/Terrain/Material_Landscape/MF_Stone.uasset" 5055
"../../../../../../VScodeFiles/GitHub/2026_team27/KC3GameHack/Content/Stylized_Village/Assets/_Global/Materials/_UtilityTextures/T_MacroVariation.uasset" 5056
"../../../../../../VScodeFiles/GitHub/2026_team27/KC3GameHack/Content/Stylized_Village/Assets/_Global/Materials/_UtilityTextures/T_Perlin_Noise_M.uasset" 5057
"../../../../../../VScodeFiles/GitHub/2026_team27/KC3GameHack/Content/Stylized_Village/Assets/Terrain/Dirt/T_DirChunky_basecolor.uasset" 5058
"../../../../../../VScodeFiles/GitHub/2026_team27/KC3GameHack/Content/Stylized_Village/Assets/Terrain/Dirt/T_DirChunky_MROH.uasset" 5059
"../../../../../../VScodeFiles/GitHub/2026_team27/KC3GameHack/Content/Stylized_Village/Assets/Terrain/Dirt/T_DirChunky_normal.uasset" 5060
"../../../../../../VScodeFiles/GitHub/2026_team27/KC3GameHack/Content/Stylized_Village/Assets/Terrain/Grass/T_GroundGrass_mro.uasset" 5061
"../../../../../../VScodeFiles/GitHub/2026_team27/KC3GameHack/Content/Stylized_Village/Assets/Terrain/Grass/T_GroundGrass_normal.uasset" 5062
"../../../../../../VScodeFiles/GitHub/2026_team27/KC3GameHack/Content/Stylized_Village/Assets/Terrain/Rock/T_GroundRock_01_basecolor.uasset" 5063
"../../../../../../VScodeFiles/GitHub/2026_team27/KC3GameHack/Content/Stylized_Village/Assets/Terrain/Rock/T_GroundRock_01_mro.uasset" 5064
"../../../../../../VScodeFiles/GitHub/2026_team27/KC3GameHack/Content/Stylized_Village/Assets/Terrain/Rock/T_GroundRock_01_normal.uasset" 5065
"../../../../../../VScodeFiles/GitHub/2026_team27/KC3GameHack/Content/Stylized_Village/Assets/Foliage/Flowers/Moss/_Textures/T_Moss_01_BC.uasset" 5066
"../../../../../../VScodeFiles/GitHub/2026_team27/KC3GameHack/Content/Stylized_Village/Assets/Foliage/Flowers/Moss/_Textures/T_Moss_01_MRO.uasset" 5067
"../../../../../../VScodeFiles/GitHub/2026_team27/KC3GameHack/Content/Stylized_Village/Assets/Foliage/Flowers/Moss/_Textures/T_Moss_01_N.uasset" 5068
"../../../../../../VScodeFiles/GitHub/2026_team27/KC3GameHack/Content/Stylized_Village/Assets/Foliage/Trees/ImposterLODs/Tree_Small_Red/T_Impostor_BaseColor_Tree_Small_Red.uasset" 5069
"../../../../../../VScodeFiles/GitHub/2026_team27/KC3GameHack/Content/Stylized_Village/Assets/Foliage/Trees/ImposterLODs/Tree_Small_Red/T_Impostor_Normal_Tree_Small_Red.uasset" 5070
"../../../../../../VScodeFiles/GitHub/2026_team27/KC3GameHack/Content/Stylized_Village/Assets/Foliage/Trees/ImposterLODs/Tree_Small_Yellow/T_Impostor_Normal_Tree_Small_Yellow.uasset" 5071
"../../../../../../VScodeFiles/GitHub/2026_team27/KC3GameHack/Content/Stylized_Village/Assets/Architecture/RoofTiles/Flat/SM_RoofTile_Flat_HalfXHalf.uasset" 5072
"../../../../../../VScodeFiles/GitHub/2026_team27/KC3GameHack/Content/Stylized_Village/Assets/Architecture/RoofTiles/Round/SM_SM_Roof_Circle_02.uasset" 5073
"/Game/Stylized_Village/Maps/Stylized_Village_Summer_Lighting" 5074
"../../../../../../VScodeFiles/GitHub/2026_team27/KC3GameHack/Content/Stylized_Village/Maps/Stylized_Village_Summer_Lighting.umap" 5075
"../../../../../../VScodeFiles/GitHub/2026_team27/KC3GameHack/Content/Stylized_Village/Maps/Stylized_Village_Summer_Lighting_BuiltData.uasset" 5076
"../../../../../../VScodeFiles/GitHub/2026_team27/KC3GameHack/Content/Stylized_Village/MasterMaterials/MM_Caustic/Material/MM_Caustic.uasset" 5077
"../../../../../../VScodeFiles/GitHub/2026_team27/KC3GameHack/Content/Stylized_Village/MasterMaterials/MM_Caustic/Texture/T_Caustic_01a_M.uasset" 5078
"/Game/Stylized_Village/Maps/Camera_Level" 5079
"../../../../../../VScodeFiles/GitHub/2026_team27/KC3GameHack/Content/Stylized_Village/Maps/Camera_Level.umap" 5080
"../../../../../../VScodeFiles/GitHub/2026_team27/KC3GameHack/Content/Stylized_Village/Assets/Architecture/Plaster/SM_Plaster_HalfXFull.uasset" 5081
"../../../../../../VScodeFiles/GitHub/2026_team27/KC3GameHack/Content/Stylized_Village/Assets/Architecture/RoofTiles/Round/SM_SM_Roof_Circle_03.uasset" 5082
"../../../../../../VScodeFiles/GitHub/2026_team27/KC3GameHack/Content/Stylized_Village/Assets/Architecture/Flagstone/Walls/SM_Flagstone_HalfXFull.uasset" 5083
"../../../../../../VScodeFiles/GitHub/2026_team27/KC3GameHack/Content/Stylized_Village/Assets/Architecture/Flagstone/Walls/SM_Flagstone_HalfXHalf.uasset" 5084
"../../../../../../VScodeFiles/GitHub/2026_team27/KC3GameHack/Content/Stylized_Village/Assets/Architecture/Flagstone/Trims/SM_FlagStone_TrimStraight_Half.uasset" 5085
"../../../../../../VScodeFiles/GitHub/2026_team27/KC3GameHack/Content/Stylized_Village/Assets/Architecture/Flagstone/Trims/SM_FlagStone_TrimThick_Half.uasset" 5086
"../../../../../../VScodeFiles/GitHub/2026_team27/KC3GameHack/Content/Stylized_Village/Assets/Architecture/Flagstone/Walls/SM_FlagStone_SupportBulwark.uasset" 5087
"../../../../../../VScodeFiles/GitHub/2026_team27/KC3GameHack/Content/Stylized_Village/Assets/Architecture/Plaster/SM_Plaster_Chimney_Crown.uasset" 5088
"../../../../../../VScodeFiles/GitHub/2026_team27/KC3GameHack/Content/Stylized_Village/Assets/Architecture/Plaster/SM_Plaster_Chimney_Thick.uasset" 5089
"../../../../../../VScodeFiles/GitHub/2026_team27/KC3GameHack/Content/Stylized_Village/Assets/Architecture/Plaster/SM_Plaster_FullXHalf.uasset" 5090
"../../../../../../VScodeFiles/GitHub/2026_team27/KC3GameHack/Content/Stylized_Village/Assets/Architecture/Flagstone/Structure/SM_FlagStone_Corner.uasset" 5091
"../../../../../../VScodeFiles/GitHub/2026_team27/KC3GameHack/Content/Stylized_Village/Assets/Architecture/Flagstone/Trims/SM_FlagStone_TrimStraight_Full.uasset" 5092
"../../../../../../VScodeFiles/GitHub/2026_team27/KC3GameHack/Content/Stylized_Village/Assets/Architecture/Flagstone/Structure/SM_FlagStone_Steps_Barrier_Half.uasset" 5093
"../../../../../../VScodeFiles/GitHub/2026_team27/KC3GameHack/Content/Stylized_Village/Assets/Architecture/Flagstone/Trims/SM_Flagstone_Tiles_Diamonds.uasset" 5094
"../../../../../../VScodeFiles/GitHub/2026_team27/KC3GameHack/Content/Stylized_Village/Assets/Sky/Mesh/SM_SM_Cloud_Medium_03.uasset" 5095
"../../../../../../VScodeFiles/GitHub/2026_team27/KC3GameHack/Content/Stylized_Village/Assets/Architecture/Doors/SM_DoorFrame_01.uasset" 5096
"../../../../../../VScodeFiles/GitHub/2026_team27/KC3GameHack/Content/Stylized_Village/Assets/Architecture/Brick/Trims/SM_Brick_Trim_Line_Full_02.uasset" 5097
"../../../../../../VScodeFiles/GitHub/2026_team27/KC3GameHack/Content/Stylized_Village/Assets/Architecture/Brick/Walls/SM_Brick_Wall_Corner_Full.uasset" 5098
"../../../../../../VScodeFiles/GitHub/2026_team27/KC3GameHack/Content/Stylized_Village/Assets/Architecture/Brick/Walls/SM_Brick_Wall_Corner_Half.uasset" 5099
"../../../../../../VScodeFiles/GitHub/2026_team27/KC3GameHack/Content/Stylized_Village/Assets/Architecture/Brick/Walls/SM_Brick_Wall_HalfXHalf.uasset" 5100
"../../../../../../VScodeFiles/GitHub/2026_team27/KC3GameHack/Content/Stylized_Village/Assets/Architecture/Doors/SM_Door_01.uasset" 5101
"../../../../../../VScodeFiles/GitHub/2026_team27/KC3GameHack/Content/Stylized_Village/Assets/Architecture/Brick/Trims/SM_Brick_Trim_Scattered_Full.uasset" 5102
"../../../../../../VScodeFiles/GitHub/2026_team27/KC3GameHack/Content/Stylized_Village/Assets/Architecture/Brick/Trims/SM_Brick_Trim_Stacked_Full.uasset" 5103
"../../../../../../VScodeFiles/GitHub/2026_team27/KC3GameHack/Content/Stylized_Village/Assets/Architecture/Brick/Trims/SM_Brick_Trim_Stacked_Half.uasset" 5104
"../../../../../../VScodeFiles/GitHub/2026_team27/KC3GameHack/Content/Stylized_Village/Assets/Architecture/Brick/Walls/SM_Brick_Wall_Arch_1.uasset" 5105
"../../../../../../VScodeFiles/GitHub/2026_team27/KC3GameHack/Content/Stylized_Village/Assets/Architecture/Brick/Walls/SM_Brick_Wall_Arch_Full.uasset" 5106
"../../../../../../VScodeFiles/GitHub/2026_team27/KC3GameHack/Content/Stylized_Village/Assets/Architecture/Wood/Curved/SM_Beam_Large_1_45.uasset" 5107
"../../../../../../VScodeFiles/GitHub/2026_team27/KC3GameHack/Content/Stylized_Village/Assets/Architecture/Wood/Curved/SM_Wood_Wall_HorizontalSlats_Half_45.uasset" 5108
"../../../../../../VScodeFiles/GitHub/2026_team27/KC3GameHack/Content/Stylized_Village/Assets/Architecture/Wood/Pieces/SM_Beam_Medium_2.uasset" 5109
"../../../../../../VScodeFiles/GitHub/2026_team27/KC3GameHack/Content/Stylized_Village/Assets/Architecture/Wood/Pieces/SM_Log_Medium.uasset" 5110
"../../../../../../VScodeFiles/GitHub/2026_team27/KC3GameHack/Content/Stylized_Village/Assets/Architecture/Brick/Trims/SM_Brick_Trim_Stacked_Arch_1.uasset" 5111
"../../../../../../VScodeFiles/GitHub/2026_team27/KC3GameHack/Content/Stylized_Village/Assets/Props/Tarps/SM_Windmill_Sail_01.uasset" 5112
"../../../../../../VScodeFiles/GitHub/2026_team27/KC3GameHack/Content/Stylized_Village/Assets/Props/Lanterns/SM_Lantern_Can.uasset" 5113
"../../../../../../VScodeFiles/GitHub/2026_team27/KC3GameHack/Content/Stylized_Village/Assets/Props/Lanterns/SM_Lantern_Box.uasset" 5114
"../../../../../../VScodeFiles/GitHub/2026_team27/KC3GameHack/Content/Stylized_Village/Assets/Architecture/Brick/Curved/SM_Brick_Horizontal_Lay_Half_30.uasset" 5115
"../../../../../../VScodeFiles/GitHub/2026_team27/KC3GameHack/Content/VFX/Self/Frozen/Reference/Ice_Block.uasset" 5116
"../../../../../../VScodeFiles/GitHub/2026_team27/KC3GameHack/Content/VFX/Self/Glass/SM_GlassWall.uasset" 5117
"../../../../../../VScodeFiles/GitHub/2026_team27/KC3GameHack/Content/Variant_Combat/GoalItem/SodaCan02_sketchfab.uasset" 5118
"../../../../../../VScodeFiles/GitHub/2026_team27/KC3GameHack/Content/Stylized_Village/Assets/Architecture/Brick/Walls/SM_Brick_Wall_FullXFull.uasset" 5119
"../../../../../../VScodeFiles/GitHub/2026_team27/KC3GameHack/Content/Stylized_Village/Assets/Architecture/Flagstone/Walls/SM_Flagstone_FullXFull.uasset" 5120
"../../../../../../VScodeFiles/GitHub/2026_team27/KC3GameHack/Content/Stylized_Village/Assets/Architecture/Wood/Walls/SM_Wood_Wall_BeamCross_FullXFull_LP.uasset" 5121
"../../../../../../VScodeFiles/GitHub/2026_team27/KC3GameHack/Content/Stylized_Village/Assets/Architecture/Brick/Curved/SM_Brick_Wall_FullXFull_30.uasset" 5122
"../../../../../../VScodeFiles/GitHub/2026_team27/KC3GameHack/Content/Stylized_Village/Assets/Architecture/Brick/Walls/SM_Brick_Wall_HalfXFull.uasset" 5123
"../../../../../../VScodeFiles/GitHub/2026_team27/KC3GameHack/Content/Stylized_Village/Assets/Foliage/Trees/Tree_Large_Yellow.uasset" 5124
"../../../../../../VScodeFiles/GitHub/2026_team27/KC3GameHack/Content/Stylized_Village/Assets/Foliage/Trees/Tree_Medium_Yellow.uasset" 5125
"C:/Users/a7p7p/AppData/Local/Temp/UnrealShaderWorkingDir/A5EEABDF49E338A91D2367B673B8B465/11/WorkerOutputOnly.out" 5126
"/Engine/EditorResources/EmptyActor" 5127
"../../../Engine/Content/EditorResources/EmptyActor.uasset" 5128
"/Engine/EditorResources/AudioIcons/S_AudioComponent" 5129
"../../../Engine/Content/EditorResources/AudioIcons/S_AudioComponent.uasset" 5130
"/Engine/EditorResources/AudioIcons/S_AudioComponent_AutoActivate" 5131
"../../../Engine/Content/EditorResources/AudioIcons/S_AudioComponent_AutoActivate.uasset" 5132
"/Engine/EditorResources/LightIcons/S_LightError" 5133
"../../../Engine/Content/EditorResources/LightIcons/S_LightError.uasset" 5134
